image_path,source_id,y_true,y_pred,true_label,pred_label,confidence,pred_efficientnet_lite0,pred_efficientnet_b0,pred_shufflenet_v2_x1_0
clean/northern_corn_leaf_blight/real/northern_corn_leaf_blight_maize_africa_real_53403566.jpg,maize_africa,6,6,northern_corn_leaf_blight,northern_corn_leaf_blight,0.8334606885910034,6,6,6
clean/common_rust/lab/common_rust_multi_desease_lab_68558459.jpg,multi_desease,0,0,common_rust,common_rust,0.9063674211502076,0,0,0
clean/healthy/real/healthy_cropdg_real_1012.jpg,cropdg,3,3,healthy,healthy,0.8085401058197021,3,3,3
clean/fall_armyworm/real/fall_armyworm_maize_africa_real_29604867.jpg,maize_africa,1,1,fall_armyworm,fall_armyworm,0.8535575866699219,1,1,1
clean/northern_corn_leaf_blight/real/northern_corn_leaf_blight_maize_africa_real_81708063.jpg,maize_africa,6,6,northern_corn_leaf_blight,northern_corn_leaf_blight,0.7675960063934326,6,6,6
clean/healthy/real/healthy_maize_africa_v1.2_real_1163.jpg,maize_africa_v1.2,3,3,healthy,healthy,0.8212452530860901,3,3,3
clean/fall_armyworm/real/fall_armyworm_multi_desease_real_13120779.jpg,multi_desease,1,1,fall_armyworm,fall_armyworm,0.8665696978569031,1,1,1
clean/healthy/real/healthy_maize_desease_v1.1_real_24.jpg,maize_desease_v1.1,3,3,healthy,healthy,0.8235068917274475,3,3,3
clean/lethal_necrosis/real/lethal_necrosis_maize_africa_real_27875501.jpg,maize_africa,4,4,lethal_necrosis,lethal_necrosis,0.8423963189125061,4,4,4
clean/healthy/real/healthy_maize_africa_v1_real_463.jpg,maize_africa_v1,3,3,healthy,healthy,0.8187491297721863,3,3,3
clean/northern_corn_leaf_blight/real/northern_corn_leaf_blight_maize_desease_real_27357859.jpg,maize_desease,6,6,northern_corn_leaf_blight,northern_corn_leaf_blight,0.8353748321533203,6,6,6
clean/lethal_necrosis/real/lethal_necrosis_maize_africa_real_95860638.jpg,maize_africa,4,4,lethal_necrosis,lethal_necrosis,0.8441283702850342,4,4,4
clean/northern_corn_leaf_blight/real/northern_corn_leaf_blight_maize_africa_real_94229293.jpg,maize_africa,6,6,northern_corn_leaf_blight,northern_corn_leaf_blight,0.8302788734436035,6,6,6
clean/northern_corn_leaf_blight/real/northern_corn_leaf_blight_maize_africa_real_80368129.jpg,maize_africa,6,6,northern_corn_leaf_blight,northern_corn_leaf_blight,0.8187049627304077,6,6,6
clean/gray_leaf_spot/real/gray_leaf_spot_maize_field_real_41097163.jpg,maize_field,2,2,gray_leaf_spot,gray_leaf_spot,0.8775323629379272,2,2,2
clean/northern_corn_leaf_blight/real/northern_corn_leaf_blight_maize_africa_real_33551200.jpg,maize_africa,6,6,northern_corn_leaf_blight,northern_corn_leaf_blight,0.8289401531219482,6,6,6
clean/fall_armyworm/real/fall_armyworm_corn_leaf_roboflow_real_38179203.jpg,corn_leaf_roboflow,1,1,fall_armyworm,fall_armyworm,0.8487361669540405,1,1,1
clean/fall_armyworm/real/fall_armyworm_maize_africa_real_29503952.jpg,maize_africa,1,1,fall_armyworm,fall_armyworm,0.8736804127693176,1,1,1
clean/northern_corn_leaf_blight/real/northern_corn_leaf_blight_maize_africa_real_43243150.jpg,maize_africa,6,6,northern_corn_leaf_blight,northern_corn_leaf_blight,0.8441486358642578,6,6,6
clean/northern_corn_leaf_blight/real/northern_corn_leaf_blight_maize_desease_real_19999759.jpg,maize_desease,6,6,northern_corn_leaf_blight,northern_corn_leaf_blight,0.8386315107345581,6,6,6
clean/healthy/real/healthy_maize_desease_v1.1_real_3964.jpg,maize_desease_v1.1,3,3,healthy,healthy,0.8214958906173706,3,3,3
clean/lethal_necrosis/real/lethal_necrosis_maize_africa_real_45959295.jpg,maize_africa,4,4,lethal_necrosis,lethal_necrosis,0.8433434367179871,4,4,4
clean/gray_leaf_spot/real/gray_leaf_spot_maize_field_real_19162629.jpg,maize_field,2,2,gray_leaf_spot,gray_leaf_spot,0.8961330652236938,2,2,2
clean/northern_corn_leaf_blight/real/northern_corn_leaf_blight_maize_africa_real_76909234.jpg,maize_africa,6,6,northern_corn_leaf_blight,northern_corn_leaf_blight,0.8303360342979431,6,6,6
clean/healthy/real/healthy_maize_desease_v1.1_real_3540.jpg,maize_desease_v1.1,3,3,healthy,healthy,0.818138837814331,3,3,3
clean/fall_armyworm/real/fall_armyworm_multi_desease_real_35532413.jpg,multi_desease,1,1,fall_armyworm,fall_armyworm,0.443638801574707,1,4,1
clean/northern_corn_leaf_blight/real/northern_corn_leaf_blight_maize_africa_real_50704447.jpg,maize_africa,6,6,northern_corn_leaf_blight,northern_corn_leaf_blight,0.8309028744697571,6,6,6
clean/healthy/real/healthy_maize_desease_v1.1_real_280.jpg,maize_desease_v1.1,3,3,healthy,healthy,0.7986565232276917,3,3,3
clean/healthy/real/healthy_maize_desease_v1.1_real_1469.jpg,maize_desease_v1.1,3,3,healthy,healthy,0.8100593090057373,3,3,3
clean/northern_corn_leaf_blight/real/northern_corn_leaf_blight_maize_desease_real_55248439.jpg,maize_desease,6,6,northern_corn_leaf_blight,northern_corn_leaf_blight,0.8332298994064331,6,6,6
clean/northern_corn_leaf_blight/real/northern_corn_leaf_blight_maize_desease_real_41465706.jpg,maize_desease,6,6,northern_corn_leaf_blight,northern_corn_leaf_blight,0.8301031589508057,6,6,6
clean/phosphorus_deficiency/real/phosphorus_deficiency_maize_nutrient_real_51413210.jpeg,maize_nutrient,7,7,phosphorus_deficiency,phosphorus_deficiency,0.9477401971817015,7,7,7
clean/fall_armyworm/real/fall_armyworm_multi_desease_real_98728801.jpg,multi_desease,1,1,fall_armyworm,fall_armyworm,0.8700331449508667,1,1,1
clean/lethal_necrosis/real/lethal_necrosis_multi_desease_real_82669422.jpeg,multi_desease,4,4,lethal_necrosis,lethal_necrosis,0.8479477167129517,4,4,4
clean/nitrogen_deficiency/real/nitrogen_deficiency_corn_leaf_roboflow_real_58979601.jpg,corn_leaf_roboflow,5,5,nitrogen_deficiency,nitrogen_deficiency,0.7139699459075928,8,5,5
clean/phosphorus_deficiency/real/phosphorus_deficiency_corn_leaf_roboflow_real_56437083.jpg,corn_leaf_roboflow,7,7,phosphorus_deficiency,phosphorus_deficiency,0.9360499978065492,7,7,7
clean/healthy/real/healthy_maize_desease_v1.1_real_5072.jpg,maize_desease_v1.1,3,3,healthy,healthy,0.8226204514503479,3,3,3
clean/healthy/real/healthy_cropdg_real_142.jpg,cropdg,3,3,healthy,healthy,0.8228444457054138,3,3,3
clean/lethal_necrosis/real/lethal_necrosis_multi_desease_real_77593046.jpeg,multi_desease,4,4,lethal_necrosis,lethal_necrosis,0.8233020305633545,4,4,4
clean/lethal_necrosis/real/lethal_necrosis_multi_desease_real_26553556.jpeg,multi_desease,4,4,lethal_necrosis,lethal_necrosis,0.8442792892456055,4,4,4
clean/nitrogen_deficiency/real/nitrogen_deficiency_corn_leaf_roboflow_real_59322218.jpg,corn_leaf_roboflow,5,5,nitrogen_deficiency,nitrogen_deficiency,0.9213747382164,5,5,5
clean/healthy/real/healthy_maize_desease_v1.1_real_1943.jpg,maize_desease_v1.1,3,3,healthy,healthy,0.8284590244293213,3,3,3
clean/common_rust/lab/common_rust_multi_desease_lab_11985887.jpg,multi_desease,0,0,common_rust,common_rust,0.9024418592453004,0,0,0
clean/fall_armyworm/real/fall_armyworm_maize_africa_real_94017540.jpg,maize_africa,1,1,fall_armyworm,fall_armyworm,0.8709467649459839,1,1,1
clean/potassium_deficiency/real/potassium_deficiency_corn_leaf_roboflow_real_95411658.jpg,corn_leaf_roboflow,8,5,potassium_deficiency,nitrogen_deficiency,0.4864054322242737,5,5,8
clean/gray_leaf_spot/real/gray_leaf_spot_maize_field_real_95384461.jpg,maize_field,2,2,gray_leaf_spot,gray_leaf_spot,0.9186440706253052,2,2,2
clean/lethal_necrosis/real/lethal_necrosis_maize_africa_real_83958620.jpg,maize_africa,4,4,lethal_necrosis,lethal_necrosis,0.8517197966575623,4,4,4
clean/fall_armyworm/real/fall_armyworm_maize_africa_real_41041432.jpg,maize_africa,1,1,fall_armyworm,fall_armyworm,0.8600757718086243,1,1,1
clean/nitrogen_deficiency/real/nitrogen_deficiency_maize_2_roboflow_real_2a205393.jpg,maize_2_roboflow,5,5,nitrogen_deficiency,nitrogen_deficiency,0.9419824481010436,5,5,5
clean/lethal_necrosis/real/lethal_necrosis_multi_desease_real_42926566.jpeg,multi_desease,4,4,lethal_necrosis,lethal_necrosis,0.8424601554870605,4,4,4
clean/northern_corn_leaf_blight/real/northern_corn_leaf_blight_corn_leaf_roboflow_real_47580939.jpg,corn_leaf_roboflow,6,5,northern_corn_leaf_blight,nitrogen_deficiency,0.8611800074577332,5,5,5
clean/northern_corn_leaf_blight/real/northern_corn_leaf_blight_maize_africa_real_78016400.jpg,maize_africa,6,6,northern_corn_leaf_blight,northern_corn_leaf_blight,0.8413103222846985,6,6,6
clean/fall_armyworm/real/fall_armyworm_maize_africa_real_57252335.jpg,maize_africa,1,1,fall_armyworm,fall_armyworm,0.8654598593711853,1,1,1
clean/healthy/real/healthy_maize_africa_v1.2_real_571.jpg,maize_africa_v1.2,3,3,healthy,healthy,0.811034083366394,3,3,3
clean/northern_corn_leaf_blight/real/northern_corn_leaf_blight_maize_africa_real_22032755.jpg,maize_africa,6,6,northern_corn_leaf_blight,northern_corn_leaf_blight,0.817868709564209,6,6,6
clean/northern_corn_leaf_blight/real/northern_corn_leaf_blight_maize_africa_real_95333464.jpg,maize_africa,6,6,northern_corn_leaf_blight,northern_corn_leaf_blight,0.8217862844467163,6,6,6
clean/potassium_deficiency/real/potassium_deficiency_maize_2_roboflow_real_757faa26.jpg,maize_2_roboflow,8,8,potassium_deficiency,potassium_deficiency,0.9397370219230652,8,8,8
clean/lethal_necrosis/real/lethal_necrosis_maize_africa_real_30775715.jpg,maize_africa,4,4,lethal_necrosis,lethal_necrosis,0.8470121622085571,4,4,4
clean/fall_armyworm/real/fall_armyworm_maize_africa_real_75039197.jpg,maize_africa,1,1,fall_armyworm,fall_armyworm,0.8744280338287354,1,1,1
clean/healthy/real/healthy_maize_desease_v1.1_real_4097.jpg,maize_desease_v1.1,3,3,healthy,healthy,0.8323049545288086,3,3,3
clean/healthy/real/healthy_maize_desease_v1.1_real_2077.jpg,maize_desease_v1.1,3,3,healthy,healthy,0.8234602212905884,3,3,3
clean/common_rust/lab/common_rust_multi_desease_lab_27713106.jpg,multi_desease,0,0,common_rust,common_rust,0.9045607447624208,0,0,0
clean/common_rust/lab/common_rust_maize_desease_lab_68189661.jpg,maize_desease,0,0,common_rust,common_rust,0.902348518371582,0,0,0
clean/gray_leaf_spot/real/gray_leaf_spot_maize_field_real_32854917.jpg,maize_field,2,2,gray_leaf_spot,gray_leaf_spot,0.9343225955963136,2,2,2
clean/northern_corn_leaf_blight/real/northern_corn_leaf_blight_maize_africa_real_54172974.jpg,maize_africa,6,6,northern_corn_leaf_blight,northern_corn_leaf_blight,0.8118084669113159,6,6,6
clean/common_rust/lab/common_rust_maize_desease_lab_12818520.jpg,maize_desease,0,0,common_rust,common_rust,0.9023746848106384,0,0,0
clean/healthy/real/healthy_maize_africa_v1.2_real_1723.jpg,maize_africa_v1.2,3,3,healthy,healthy,0.8100520372390747,3,3,3
clean/nitrogen_deficiency/real/nitrogen_deficiency_maize_2_roboflow_real_4bedc111.jpg,maize_2_roboflow,5,5,nitrogen_deficiency,nitrogen_deficiency,0.9554436802864076,5,5,5
clean/fall_armyworm/real/fall_armyworm_maize_africa_real_78288807.jpg,maize_africa,1,1,fall_armyworm,fall_armyworm,0.860580563545227,1,1,1
clean/common_rust/lab/common_rust_multi_desease_lab_30498670.jpg,multi_desease,0,0,common_rust,common_rust,0.9069363474845886,0,0,0
clean/healthy/real/healthy_maize_desease_v1.1_real_2444.jpg,maize_desease_v1.1,3,3,healthy,healthy,0.819602906703949,3,3,3
clean/healthy/real/healthy_cropdg_real_202.jpg,cropdg,3,3,healthy,healthy,0.8251078724861145,3,3,3
clean/northern_corn_leaf_blight/real/northern_corn_leaf_blight_maize_africa_real_22243164.jpg,maize_africa,6,6,northern_corn_leaf_blight,northern_corn_leaf_blight,0.7070668935775757,6,6,6
clean/fall_armyworm/real/fall_armyworm_maize_africa_real_28731666.jpg,maize_africa,1,1,fall_armyworm,fall_armyworm,0.8642051815986633,1,1,1
clean/healthy/real/healthy_maize_desease_v1.1_real_3391.jpg,maize_desease_v1.1,3,3,healthy,healthy,0.816291868686676,3,3,3
clean/lethal_necrosis/real/lethal_necrosis_maize_africa_real_78715947.jpg,maize_africa,4,4,lethal_necrosis,lethal_necrosis,0.8359293937683105,4,4,4
clean/northern_corn_leaf_blight/real/northern_corn_leaf_blight_maize_africa_real_33474542.jpg,maize_africa,6,6,northern_corn_leaf_blight,northern_corn_leaf_blight,0.838769793510437,6,6,6
clean/northern_corn_leaf_blight/real/northern_corn_leaf_blight_maize_africa_real_99609721.jpg,maize_africa,6,6,northern_corn_leaf_blight,northern_corn_leaf_blight,0.8035772442817688,6,6,6
clean/lethal_necrosis/real/lethal_necrosis_multi_desease_real_91469141.jpeg,multi_desease,4,4,lethal_necrosis,lethal_necrosis,0.8505147695541382,4,4,4
clean/healthy/real/healthy_maize_africa_v1.2_real_1602.jpg,maize_africa_v1.2,3,3,healthy,healthy,0.7865685820579529,3,3,3
clean/northern_corn_leaf_blight/real/northern_corn_leaf_blight_maize_africa_real_36130299.jpg,maize_africa,6,6,northern_corn_leaf_blight,northern_corn_leaf_blight,0.8256255388259888,6,6,6
clean/fall_armyworm/real/fall_armyworm_multi_desease_real_85646549.jpg,multi_desease,1,1,fall_armyworm,fall_armyworm,0.8602150678634644,1,1,1
clean/northern_corn_leaf_blight/real/northern_corn_leaf_blight_maize_africa_real_82757139.jpg,maize_africa,6,6,northern_corn_leaf_blight,northern_corn_leaf_blight,0.8234782218933105,6,6,6
clean/nitrogen_deficiency/real/nitrogen_deficiency_maize_2_roboflow_real_ceb23296.jpg,maize_2_roboflow,5,5,nitrogen_deficiency,nitrogen_deficiency,0.4522854387760162,5,5,7
clean/northern_corn_leaf_blight/lab/northern_corn_leaf_blight_cropdg_lab_691.jpg,cropdg,6,6,northern_corn_leaf_blight,northern_corn_leaf_blight,0.7926247715950012,6,6,6
clean/fall_armyworm/real/fall_armyworm_multi_desease_real_82444216.jpg,multi_desease,1,1,fall_armyworm,fall_armyworm,0.8638336658477783,1,1,1
clean/lethal_necrosis/real/lethal_necrosis_multi_desease_real_82084131.jpeg,multi_desease,4,4,lethal_necrosis,lethal_necrosis,0.8328891396522522,4,4,4
clean/phosphorus_deficiency/real/phosphorus_deficiency_maize_2_roboflow_real_b0097e47.jpg,maize_2_roboflow,7,8,phosphorus_deficiency,potassium_deficiency,0.5965651273727417,8,7,8
clean/healthy/real/healthy_maize_desease_v1.1_real_839.jpg,maize_desease_v1.1,3,3,healthy,healthy,0.8195960521697998,3,3,3
clean/potassium_deficiency/real/potassium_deficiency_maize_deficiency_scanner_roboflow_real_a8aeb678.jpg,maize_deficiency_scanner_roboflow,8,8,potassium_deficiency,potassium_deficiency,0.9532887935638428,8,8,8
clean/gray_leaf_spot/lab/gray_leaf_spot_cropdg_lab_95601943.jpg,cropdg,2,2,gray_leaf_spot,gray_leaf_spot,0.8922771215438843,2,2,2
clean/healthy/real/healthy_maize_desease_v1.1_real_1371.jpg,maize_desease_v1.1,3,3,healthy,healthy,0.8156527280807495,3,3,3
clean/lethal_necrosis/real/lethal_necrosis_maize_africa_real_60579113.jpg,maize_africa,4,4,lethal_necrosis,lethal_necrosis,0.8460180759429932,4,4,4
clean/common_rust/lab/common_rust_multi_desease_lab_32229193.jpg,multi_desease,0,0,common_rust,common_rust,0.9030200839042664,0,0,0
clean/healthy/real/healthy_maize_desease_v1.1_real_3021.jpg,maize_desease_v1.1,3,3,healthy,healthy,0.8212949633598328,3,3,3
clean/fall_armyworm/real/fall_armyworm_multi_desease_real_26186013.jpg,multi_desease,1,1,fall_armyworm,fall_armyworm,0.8618776798248291,1,1,1
clean/fall_armyworm/real/fall_armyworm_maize_africa_real_51188224.jpg,maize_africa,1,1,fall_armyworm,fall_armyworm,0.8495723009109497,1,1,1
clean/northern_corn_leaf_blight/lab/northern_corn_leaf_blight_cropdg_lab_532.jpg,cropdg,6,6,northern_corn_leaf_blight,northern_corn_leaf_blight,0.8171688914299011,6,6,6
clean/fall_armyworm/real/fall_armyworm_maize_africa_real_67116603.jpg,maize_africa,1,1,fall_armyworm,fall_armyworm,0.757156491279602,1,1,1
clean/healthy/real/healthy_maize_desease_v1.1_real_1736.jpg,maize_desease_v1.1,3,3,healthy,healthy,0.8152508735656738,3,3,3
clean/common_rust/real/common_rust_maize_field_real_53421423.jpg,maize_field,0,0,common_rust,common_rust,0.916511058807373,0,0,0
clean/healthy/real/healthy_cropdg_real_1106.jpg,cropdg,3,3,healthy,healthy,0.8268282413482666,3,3,3
clean/healthy/real/healthy_maize_desease_v1.1_real_3703.jpg,maize_desease_v1.1,3,3,healthy,healthy,0.8125351667404175,3,3,3
clean/common_rust/lab/common_rust_multi_desease_lab_28918301.jpg,multi_desease,0,0,common_rust,common_rust,0.903641402721405,0,0,0
clean/northern_corn_leaf_blight/real/northern_corn_leaf_blight_maize_desease_real_60093810.jpg,maize_desease,6,6,northern_corn_leaf_blight,northern_corn_leaf_blight,0.8353368639945984,6,6,6
clean/healthy/real/healthy_maize_desease_v1.1_real_3421.jpg,maize_desease_v1.1,3,3,healthy,healthy,0.8227320313453674,3,3,3
clean/lethal_necrosis/real/lethal_necrosis_maize_africa_real_12411676.jpg,maize_africa,4,4,lethal_necrosis,lethal_necrosis,0.8360828161239624,4,4,4
clean/phosphorus_deficiency/real/phosphorus_deficiency_maize_nutrient_real_44597970.jpeg,maize_nutrient,7,7,phosphorus_deficiency,phosphorus_deficiency,0.95406836271286,7,7,7
clean/gray_leaf_spot/lab/gray_leaf_spot_cropdg_lab_34222715.jpg,cropdg,2,2,gray_leaf_spot,gray_leaf_spot,0.8791908025741577,2,2,2
clean/healthy/real/healthy_maize_africa_v1.2_real_685.jpg,maize_africa_v1.2,3,3,healthy,healthy,0.7581710815429688,3,3,3
clean/healthy/real/healthy_cropdg_real_651.jpg,cropdg,3,3,healthy,healthy,0.8179889917373657,3,3,3
clean/healthy/real/healthy_maize_desease_v1.1_real_1110.jpg,maize_desease_v1.1,3,3,healthy,healthy,0.8225038647651672,3,3,3
clean/northern_corn_leaf_blight/real/northern_corn_leaf_blight_maize_africa_real_39367944.jpg,maize_africa,6,6,northern_corn_leaf_blight,northern_corn_leaf_blight,0.8277866244316101,6,6,6
clean/lethal_necrosis/real/lethal_necrosis_multi_desease_real_63033089.jpeg,multi_desease,4,4,lethal_necrosis,lethal_necrosis,0.8298806548118591,4,4,4
clean/northern_corn_leaf_blight/lab/northern_corn_leaf_blight_cropdg_lab_806.jpg,cropdg,6,6,northern_corn_leaf_blight,northern_corn_leaf_blight,0.8570075035095215,6,6,6
clean/lethal_necrosis/real/lethal_necrosis_multi_desease_real_25658441.jpeg,multi_desease,4,4,lethal_necrosis,lethal_necrosis,0.8420627117156982,4,4,4
clean/northern_corn_leaf_blight/real/northern_corn_leaf_blight_maize_africa_real_78545200.jpg,maize_africa,6,6,northern_corn_leaf_blight,northern_corn_leaf_blight,0.8374954462051392,6,6,6
clean/lethal_necrosis/real/lethal_necrosis_maize_africa_real_79945029.jpg,maize_africa,4,4,lethal_necrosis,lethal_necrosis,0.846574068069458,4,4,4
clean/fall_armyworm/real/fall_armyworm_multi_desease_real_61288794.jpg,multi_desease,1,1,fall_armyworm,fall_armyworm,0.8695259094238281,1,1,1
clean/healthy/real/healthy_maize_desease_v1.1_real_1291.jpg,maize_desease_v1.1,3,3,healthy,healthy,0.8180036544799805,3,3,3
clean/fall_armyworm/real/fall_armyworm_maize_africa_real_85463845.jpg,maize_africa,1,1,fall_armyworm,fall_armyworm,0.8428634405136108,1,1,1
clean/healthy/real/healthy_maize_desease_v1.1_real_423.jpg,maize_desease_v1.1,3,3,healthy,healthy,0.8106592893600464,3,3,3
clean/northern_corn_leaf_blight/real/northern_corn_leaf_blight_maize_africa_real_66916370.jpg,maize_africa,6,6,northern_corn_leaf_blight,northern_corn_leaf_blight,0.8303967714309692,6,6,6
clean/common_rust/lab/common_rust_multi_desease_lab_29205485.jpg,multi_desease,0,0,common_rust,common_rust,0.9080238342285156,0,0,0
clean/nitrogen_deficiency/real/nitrogen_deficiency_corn_leaf_roboflow_real_86562489.jpg,corn_leaf_roboflow,5,5,nitrogen_deficiency,nitrogen_deficiency,0.9519794583320618,5,5,5
clean/healthy/real/healthy_maize_desease_v1.1_real_4382.jpg,maize_desease_v1.1,3,3,healthy,healthy,0.824325680732727,3,3,3
clean/healthy/real/healthy_maize_desease_v1.1_real_2021.jpg,maize_desease_v1.1,3,3,healthy,healthy,0.819146454334259,3,3,3
clean/healthy/real/healthy_maize_desease_v1.1_real_3774.jpg,maize_desease_v1.1,3,3,healthy,healthy,0.8231952786445618,3,3,3
clean/healthy/real/healthy_maize_desease_v1.1_real_3436.jpg,maize_desease_v1.1,3,3,healthy,healthy,0.819107174873352,3,3,3
clean/healthy/real/healthy_maize_desease_v1.1_real_287.jpg,maize_desease_v1.1,3,3,healthy,healthy,0.8131295442581177,3,3,3
clean/lethal_necrosis/real/lethal_necrosis_multi_desease_real_64328840.jpeg,multi_desease,4,4,lethal_necrosis,lethal_necrosis,0.8371496796607971,4,4,4
clean/northern_corn_leaf_blight/real/northern_corn_leaf_blight_maize_desease_real_68046699.jpg,maize_desease,6,6,northern_corn_leaf_blight,northern_corn_leaf_blight,0.828536868095398,6,6,6
clean/lethal_necrosis/real/lethal_necrosis_maize_africa_real_53411646.jpg,maize_africa,4,4,lethal_necrosis,lethal_necrosis,0.8515740633010864,4,4,4
clean/lethal_necrosis/real/lethal_necrosis_maize_africa_real_51562769.jpg,maize_africa,4,4,lethal_necrosis,lethal_necrosis,0.8361055254936218,4,4,4
clean/northern_corn_leaf_blight/real/northern_corn_leaf_blight_maize_africa_real_72218961.jpg,maize_africa,6,6,northern_corn_leaf_blight,northern_corn_leaf_blight,0.8444265127182007,6,6,6
clean/healthy/real/healthy_maize_desease_v1.1_real_3197.jpg,maize_desease_v1.1,3,3,healthy,healthy,0.8272965550422668,3,3,3
clean/healthy/real/healthy_maize_desease_v1.1_real_1689.jpg,maize_desease_v1.1,3,3,healthy,healthy,0.8137421607971191,3,3,3
clean/fall_armyworm/real/fall_armyworm_maize_africa_real_26179349.jpg,maize_africa,1,1,fall_armyworm,fall_armyworm,0.8546882271766663,1,1,1
clean/healthy/real/healthy_maize_desease_v1.1_real_1887.jpg,maize_desease_v1.1,3,3,healthy,healthy,0.8140212893486023,3,3,3
clean/northern_corn_leaf_blight/real/northern_corn_leaf_blight_maize_africa_real_85391073.jpg,maize_africa,6,6,northern_corn_leaf_blight,northern_corn_leaf_blight,0.8293660283088684,6,6,6
clean/healthy/real/healthy_maize_nutrient_real_68.jpeg,maize_nutrient,3,3,healthy,healthy,0.7990635633468628,3,3,3
clean/common_rust/real/common_rust_maize_field_real_19913329.jpg,maize_field,0,0,common_rust,common_rust,0.8985226154327393,0,0,0
clean/northern_corn_leaf_blight/lab/northern_corn_leaf_blight_cropdg_lab_113.jpg,cropdg,6,6,northern_corn_leaf_blight,northern_corn_leaf_blight,0.8064806461334229,6,6,6
clean/northern_corn_leaf_blight/real/northern_corn_leaf_blight_maize_africa_real_71196976.jpg,maize_africa,6,6,northern_corn_leaf_blight,northern_corn_leaf_blight,0.8295375108718872,6,6,6
clean/lethal_necrosis/real/lethal_necrosis_maize_africa_real_64668656.jpg,maize_africa,4,4,lethal_necrosis,lethal_necrosis,0.8207430839538574,4,4,4
clean/northern_corn_leaf_blight/real/northern_corn_leaf_blight_maize_africa_real_39515763.jpg,maize_africa,6,6,northern_corn_leaf_blight,northern_corn_leaf_blight,0.8253678679466248,6,6,6
clean/lethal_necrosis/real/lethal_necrosis_maize_africa_real_35983736.jpg,maize_africa,4,4,lethal_necrosis,lethal_necrosis,0.8402472734451294,4,4,4
clean/northern_corn_leaf_blight/real/northern_corn_leaf_blight_corn_leaf_roboflow_real_58836132.jpg,corn_leaf_roboflow,6,6,northern_corn_leaf_blight,northern_corn_leaf_blight,0.8375463485717773,6,6,6
clean/fall_armyworm/real/fall_armyworm_maize_africa_real_22456432.jpg,maize_africa,1,1,fall_armyworm,fall_armyworm,0.8617274165153503,1,1,1
clean/fall_armyworm/real/fall_armyworm_maize_africa_real_14265378.jpg,maize_africa,1,1,fall_armyworm,fall_armyworm,0.8562473654747009,1,1,1
clean/healthy/real/healthy_maize_desease_v1.1_real_1629.jpg,maize_desease_v1.1,3,3,healthy,healthy,0.8033812642097473,3,3,3
clean/fall_armyworm/real/fall_armyworm_maize_africa_real_49005676.jpg,maize_africa,1,1,fall_armyworm,fall_armyworm,0.8552204370498657,1,1,1
clean/lethal_necrosis/real/lethal_necrosis_multi_desease_real_71537388.jpeg,multi_desease,4,4,lethal_necrosis,lethal_necrosis,0.8385264277458191,4,4,4
clean/northern_corn_leaf_blight/lab/northern_corn_leaf_blight_cropdg_lab_603.jpg,cropdg,6,6,northern_corn_leaf_blight,northern_corn_leaf_blight,0.8286816477775574,6,6,6
clean/potassium_deficiency/real/potassium_deficiency_maize_2_roboflow_real_2276bf47.jpg,maize_2_roboflow,8,8,potassium_deficiency,potassium_deficiency,0.9703366756439208,8,8,8
clean/fall_armyworm/real/fall_armyworm_maize_africa_real_75399148.jpg,maize_africa,1,1,fall_armyworm,fall_armyworm,0.8505352139472961,1,1,1
clean/healthy/real/healthy_maize_africa_v1_real_66.jpg,maize_africa_v1,3,3,healthy,healthy,0.8215130567550659,3,3,3
clean/lethal_necrosis/real/lethal_necrosis_maize_africa_real_94481600.jpg,maize_africa,4,4,lethal_necrosis,lethal_necrosis,0.8495978116989136,4,4,4
clean/northern_corn_leaf_blight/real/northern_corn_leaf_blight_maize_africa_real_76334257.jpg,maize_africa,6,6,northern_corn_leaf_blight,northern_corn_leaf_blight,0.8224040865898132,6,6,6
clean/lethal_necrosis/real/lethal_necrosis_multi_desease_real_55260219.jpeg,multi_desease,4,4,lethal_necrosis,lethal_necrosis,0.8368300199508667,4,4,4
clean/gray_leaf_spot/lab/gray_leaf_spot_cropdg_lab_83659603.jpg,cropdg,2,2,gray_leaf_spot,gray_leaf_spot,0.9010756015777588,2,2,2
clean/healthy/real/healthy_maize_desease_v1.1_real_1311.jpg,maize_desease_v1.1,3,3,healthy,healthy,0.8159259557723999,3,3,3
clean/northern_corn_leaf_blight/real/northern_corn_leaf_blight_maize_africa_real_28463359.jpg,maize_africa,6,6,northern_corn_leaf_blight,northern_corn_leaf_blight,0.8355227112770081,6,6,6
clean/lethal_necrosis/real/lethal_necrosis_multi_desease_real_20917349.jpeg,multi_desease,4,4,lethal_necrosis,lethal_necrosis,0.8503673672676086,4,4,4
clean/fall_armyworm/real/fall_armyworm_maize_africa_real_49829837.jpg,maize_africa,1,1,fall_armyworm,fall_armyworm,0.8682804107666016,1,1,1
clean/common_rust/lab/common_rust_maize_desease_lab_10079392.jpg,maize_desease,0,0,common_rust,common_rust,0.904757559299469,0,0,0
clean/lethal_necrosis/real/lethal_necrosis_multi_desease_real_58655362.jpeg,multi_desease,4,4,lethal_necrosis,lethal_necrosis,0.8352991342544556,4,4,4
clean/healthy/real/healthy_maize_africa_v1.2_real_1432.jpg,maize_africa_v1.2,3,3,healthy,healthy,0.8053020238876343,3,3,3
clean/gray_leaf_spot/real/gray_leaf_spot_maize_field_real_81456338.jpg,maize_field,2,2,gray_leaf_spot,gray_leaf_spot,0.923975944519043,2,2,2
clean/northern_corn_leaf_blight/real/northern_corn_leaf_blight_maize_africa_real_17989335.jpg,maize_africa,6,6,northern_corn_leaf_blight,northern_corn_leaf_blight,0.8368790745735168,6,6,6
clean/nitrogen_deficiency/real/nitrogen_deficiency_corn_leaf_roboflow_real_32565969.jpg,corn_leaf_roboflow,5,5,nitrogen_deficiency,nitrogen_deficiency,0.938554048538208,5,5,5
clean/phosphorus_deficiency/real/phosphorus_deficiency_maize_nutrient_real_60992068.jpeg,maize_nutrient,7,7,phosphorus_deficiency,phosphorus_deficiency,0.9597821235656738,7,7,7
clean/gray_leaf_spot/real/gray_leaf_spot_maize_leaf_roboflow_real_70359d1c.jpg,maize_leaf_roboflow,2,2,gray_leaf_spot,gray_leaf_spot,0.9196345806121826,2,2,2
clean/fall_armyworm/real/fall_armyworm_multi_desease_real_75510763.jpg,multi_desease,1,1,fall_armyworm,fall_armyworm,0.8524153232574463,1,1,1
clean/healthy/real/healthy_maize_desease_v1.1_real_4022.jpg,maize_desease_v1.1,3,3,healthy,healthy,0.8125995397567749,3,3,3
clean/fall_armyworm/real/fall_armyworm_multi_desease_real_29116510.jpg,multi_desease,1,1,fall_armyworm,fall_armyworm,0.8615771532058716,1,1,1
clean/phosphorus_deficiency/real/phosphorus_deficiency_maize_2_roboflow_real_35741b67.jpg,maize_2_roboflow,7,7,phosphorus_deficiency,phosphorus_deficiency,0.6039645671844482,8,7,7
clean/northern_corn_leaf_blight/lab/northern_corn_leaf_blight_cropdg_lab_448.jpg,cropdg,6,6,northern_corn_leaf_blight,northern_corn_leaf_blight,0.8154996037483215,6,6,6
clean/northern_corn_leaf_blight/real/northern_corn_leaf_blight_maize_desease_real_71205714.jpg,maize_desease,6,6,northern_corn_leaf_blight,northern_corn_leaf_blight,0.8250104188919067,6,6,6
clean/healthy/real/healthy_maize_desease_v1.1_real_654.jpg,maize_desease_v1.1,3,3,healthy,healthy,0.8279767036437988,3,3,3
clean/northern_corn_leaf_blight/real/northern_corn_leaf_blight_maize_desease_real_85181802.jpg,maize_desease,6,6,northern_corn_leaf_blight,northern_corn_leaf_blight,0.8303994536399841,6,6,6
clean/fall_armyworm/real/fall_armyworm_maize_africa_real_57666810.jpg,maize_africa,1,1,fall_armyworm,fall_armyworm,0.8546376824378967,1,1,1
clean/healthy/real/healthy_maize_desease_v1.1_real_3286.jpg,maize_desease_v1.1,3,3,healthy,healthy,0.8161563873291016,3,3,3
clean/healthy/real/healthy_corn_leaf_roboflow_real_77828554.jpg,corn_leaf_roboflow,3,3,healthy,healthy,0.8111332058906555,3,3,3
clean/potassium_deficiency/real/potassium_deficiency_corn_leaf_roboflow_real_30682749.jpg,corn_leaf_roboflow,8,8,potassium_deficiency,potassium_deficiency,0.9368276000022888,8,8,8
clean/fall_armyworm/real/fall_armyworm_corn_leaf_roboflow_real_27245033.jpg,corn_leaf_roboflow,1,1,fall_armyworm,fall_armyworm,0.8547868132591248,1,1,1
clean/gray_leaf_spot/lab/gray_leaf_spot_cropdg_lab_32371656.jpg,cropdg,2,2,gray_leaf_spot,gray_leaf_spot,0.8677853941917419,2,2,2
clean/healthy/real/healthy_maize_africa_v1.2_real_310.jpg,maize_africa_v1.2,3,3,healthy,healthy,0.8154432773590088,3,3,3
clean/potassium_deficiency/real/potassium_deficiency_corn_leaf_roboflow_real_38507486.jpg,corn_leaf_roboflow,8,5,potassium_deficiency,nitrogen_deficiency,0.7367252111434937,5,5,5
clean/healthy/real/healthy_maize_africa_v1.2_real_746.jpg,maize_africa_v1.2,3,3,healthy,healthy,0.8037638664245605,3,3,3
clean/lethal_necrosis/real/lethal_necrosis_maize_africa_real_39730349.jpg,maize_africa,4,4,lethal_necrosis,lethal_necrosis,0.8355432152748108,4,4,4
clean/potassium_deficiency/real/potassium_deficiency_corn_leaf_roboflow_real_72095646.jpg,corn_leaf_roboflow,8,8,potassium_deficiency,potassium_deficiency,0.9291410446166992,8,8,8
clean/northern_corn_leaf_blight/real/northern_corn_leaf_blight_maize_africa_real_90827779.jpg,maize_africa,6,6,northern_corn_leaf_blight,northern_corn_leaf_blight,0.8350411653518677,6,6,6
clean/lethal_necrosis/real/lethal_necrosis_multi_desease_real_71881269.jpeg,multi_desease,4,4,lethal_necrosis,lethal_necrosis,0.844810962677002,4,4,4
clean/healthy/real/healthy_maize_africa_v1.2_real_826.jpg,maize_africa_v1.2,3,3,healthy,healthy,0.8217551112174988,3,3,3
clean/northern_corn_leaf_blight/real/northern_corn_leaf_blight_maize_africa_real_65369434.jpg,maize_africa,6,6,northern_corn_leaf_blight,northern_corn_leaf_blight,0.8451284170150757,6,6,6
clean/nitrogen_deficiency/real/nitrogen_deficiency_corn_leaf_roboflow_real_13274450.jpg,corn_leaf_roboflow,5,5,nitrogen_deficiency,nitrogen_deficiency,0.9360422492027284,5,5,5
clean/common_rust/lab/common_rust_maize_desease_lab_97344080.jpg,maize_desease,0,0,common_rust,common_rust,0.906826376914978,0,0,0
clean/northern_corn_leaf_blight/real/northern_corn_leaf_blight_maize_africa_real_42509295.jpg,maize_africa,6,6,northern_corn_leaf_blight,northern_corn_leaf_blight,0.8296263813972473,6,6,6
clean/northern_corn_leaf_blight/real/northern_corn_leaf_blight_maize_africa_real_81442269.jpg,maize_africa,6,6,northern_corn_leaf_blight,northern_corn_leaf_blight,0.8245401978492737,6,6,6
clean/northern_corn_leaf_blight/real/northern_corn_leaf_blight_maize_field_real_68352272.jpg,maize_field,6,6,northern_corn_leaf_blight,northern_corn_leaf_blight,0.585528552532196,6,6,2
clean/northern_corn_leaf_blight/lab/northern_corn_leaf_blight_cropdg_lab_910.jpg,cropdg,6,6,northern_corn_leaf_blight,northern_corn_leaf_blight,0.8192439079284668,6,6,6
clean/fall_armyworm/real/fall_armyworm_maize_africa_real_75717480.jpg,maize_africa,1,1,fall_armyworm,fall_armyworm,0.855796754360199,1,1,1
clean/gray_leaf_spot/real/gray_leaf_spot_maize_leaf_roboflow_real_5bc9560a.jpg,maize_leaf_roboflow,2,2,gray_leaf_spot,gray_leaf_spot,0.9234145879745485,2,2,2
clean/northern_corn_leaf_blight/real/northern_corn_leaf_blight_maize_africa_real_11072719.jpg,maize_africa,6,6,northern_corn_leaf_blight,northern_corn_leaf_blight,0.8043463230133057,6,6,6
clean/lethal_necrosis/real/lethal_necrosis_maize_africa_real_84156398.jpg,maize_africa,4,4,lethal_necrosis,lethal_necrosis,0.8353475332260132,4,4,4
clean/healthy/real/healthy_maize_desease_v1.1_real_1656.jpg,maize_desease_v1.1,3,3,healthy,healthy,0.8185617327690125,3,3,3
clean/northern_corn_leaf_blight/real/northern_corn_leaf_blight_maize_africa_real_97822345.jpg,maize_africa,6,6,northern_corn_leaf_blight,northern_corn_leaf_blight,0.8287807106971741,6,6,6
clean/healthy/real/healthy_maize_desease_v1.1_real_4393.jpg,maize_desease_v1.1,3,3,healthy,healthy,0.8043965101242065,3,3,3
clean/northern_corn_leaf_blight/real/northern_corn_leaf_blight_corn_leaf_roboflow_real_20760196.jpg,corn_leaf_roboflow,6,6,northern_corn_leaf_blight,northern_corn_leaf_blight,0.8380639553070068,6,6,6
clean/northern_corn_leaf_blight/real/northern_corn_leaf_blight_maize_africa_real_70148102.jpg,maize_africa,6,6,northern_corn_leaf_blight,northern_corn_leaf_blight,0.8311617374420166,6,6,6
clean/healthy/real/healthy_maize_africa_v1.2_real_46.jpg,maize_africa_v1.2,3,3,healthy,healthy,0.8117433786392212,3,3,3
clean/lethal_necrosis/real/lethal_necrosis_multi_desease_real_42709001.jpeg,multi_desease,4,4,lethal_necrosis,lethal_necrosis,0.8392450213432312,4,4,4
clean/lethal_necrosis/real/lethal_necrosis_maize_africa_real_11830490.jpg,maize_africa,4,4,lethal_necrosis,lethal_necrosis,0.8448785543441772,4,4,4
clean/fall_armyworm/real/fall_armyworm_corn_leaf_roboflow_real_47194180.jpg,corn_leaf_roboflow,1,1,fall_armyworm,fall_armyworm,0.8473123908042908,1,1,1
clean/healthy/real/healthy_maize_desease_v1.1_real_2921.jpg,maize_desease_v1.1,3,3,healthy,healthy,0.8318132162094116,3,3,3
clean/healthy/real/healthy_maize_desease_v1.1_real_354.jpg,maize_desease_v1.1,3,3,healthy,healthy,0.8109403252601624,3,3,3
clean/phosphorus_deficiency/real/phosphorus_deficiency_corn_leaf_roboflow_real_65926673.jpg,corn_leaf_roboflow,7,7,phosphorus_deficiency,phosphorus_deficiency,0.9464383125305176,7,7,7
clean/healthy/real/healthy_cropdg_real_264.jpg,cropdg,3,3,healthy,healthy,0.8261843919754028,3,3,3
clean/northern_corn_leaf_blight/real/northern_corn_leaf_blight_maize_africa_real_48665591.jpg,maize_africa,6,6,northern_corn_leaf_blight,northern_corn_leaf_blight,0.8278400897979736,6,6,6
clean/lethal_necrosis/real/lethal_necrosis_multi_desease_real_30650601.jpeg,multi_desease,4,4,lethal_necrosis,lethal_necrosis,0.8423101902008057,4,4,4
clean/healthy/real/healthy_cropdg_real_547.jpg,cropdg,3,3,healthy,healthy,0.82060307264328,3,3,3
clean/healthy/real/healthy_maize_desease_v1.1_real_4024.jpg,maize_desease_v1.1,3,3,healthy,healthy,0.8186275959014893,3,3,3
clean/northern_corn_leaf_blight/real/northern_corn_leaf_blight_maize_africa_real_25712527.jpg,maize_africa,6,6,northern_corn_leaf_blight,northern_corn_leaf_blight,0.8289592266082764,6,6,6
clean/lethal_necrosis/real/lethal_necrosis_multi_desease_real_33438405.jpeg,multi_desease,4,4,lethal_necrosis,lethal_necrosis,0.8436470031738281,4,4,4
clean/northern_corn_leaf_blight/lab/northern_corn_leaf_blight_cropdg_lab_359.jpg,cropdg,6,6,northern_corn_leaf_blight,northern_corn_leaf_blight,0.8178768157958984,6,6,6
clean/phosphorus_deficiency/real/phosphorus_deficiency_corn_leaf_roboflow_real_64553299.jpg,corn_leaf_roboflow,7,7,phosphorus_deficiency,phosphorus_deficiency,0.9485802054405212,7,7,7
clean/healthy/real/healthy_cropdg_real_809.jpg,cropdg,3,3,healthy,healthy,0.816177487373352,3,3,3
clean/healthy/real/healthy_maize_desease_v1.1_real_3911.jpg,maize_desease_v1.1,3,3,healthy,healthy,0.8201959133148193,3,3,3
clean/healthy/real/healthy_maize_desease_v1.1_real_2776.jpg,maize_desease_v1.1,3,3,healthy,healthy,0.826260507106781,3,3,3
clean/northern_corn_leaf_blight/real/northern_corn_leaf_blight_maize_desease_real_95021514.jpg,maize_desease,6,6,northern_corn_leaf_blight,northern_corn_leaf_blight,0.836089015007019,6,6,6
clean/phosphorus_deficiency/real/phosphorus_deficiency_maize_2_roboflow_real_44dce3eb.jpg,maize_2_roboflow,7,7,phosphorus_deficiency,phosphorus_deficiency,0.9469343423843384,7,7,7
clean/northern_corn_leaf_blight/real/northern_corn_leaf_blight_maize_africa_real_76624386.jpg,maize_africa,6,6,northern_corn_leaf_blight,northern_corn_leaf_blight,0.842583179473877,6,6,6
clean/healthy/real/healthy_maize_africa_v1_real_416.jpg,maize_africa_v1,3,3,healthy,healthy,0.8319172859191895,3,3,3
clean/healthy/real/healthy_corn_leaf_roboflow_real_56764626.jpg,corn_leaf_roboflow,3,3,healthy,healthy,0.8035480976104736,3,3,3
clean/common_rust/lab/common_rust_maize_desease_lab_99331059.jpg,maize_desease,0,0,common_rust,common_rust,0.9092172384262084,0,0,0
clean/lethal_necrosis/real/lethal_necrosis_multi_desease_real_41899350.jpeg,multi_desease,4,4,lethal_necrosis,lethal_necrosis,0.8316768407821655,4,4,4
clean/nitrogen_deficiency/real/nitrogen_deficiency_maize_2_roboflow_real_56e63725.jpg,maize_2_roboflow,5,8,nitrogen_deficiency,potassium_deficiency,0.4239158034324646,8,7,8
clean/northern_corn_leaf_blight/real/northern_corn_leaf_blight_corn_leaf_roboflow_real_29120337.jpg,corn_leaf_roboflow,6,6,northern_corn_leaf_blight,northern_corn_leaf_blight,0.8346101641654968,6,6,6
clean/northern_corn_leaf_blight/real/northern_corn_leaf_blight_maize_africa_real_79972827.jpg,maize_africa,6,6,northern_corn_leaf_blight,northern_corn_leaf_blight,0.8206137418746948,6,6,6
clean/healthy/real/healthy_maize_africa_v1.2_real_969.jpg,maize_africa_v1.2,3,3,healthy,healthy,0.8254910707473755,3,3,3
clean/healthy/real/healthy_maize_desease_v1.1_real_2034.jpg,maize_desease_v1.1,3,3,healthy,healthy,0.8200079202651978,3,3,3
clean/lethal_necrosis/real/lethal_necrosis_maize_africa_real_22413109.jpg,maize_africa,4,4,lethal_necrosis,lethal_necrosis,0.8455337285995483,4,4,4
clean/fall_armyworm/real/fall_armyworm_maize_africa_real_57395989.jpg,maize_africa,1,1,fall_armyworm,fall_armyworm,0.8696793913841248,1,1,1
clean/common_rust/lab/common_rust_multi_desease_lab_33200941.jpg,multi_desease,0,0,common_rust,common_rust,0.9059211015701294,0,0,0
clean/nitrogen_deficiency/real/nitrogen_deficiency_corn_leaf_roboflow_real_59853422.jpg,corn_leaf_roboflow,5,8,nitrogen_deficiency,potassium_deficiency,0.698265016078949,8,8,5
clean/gray_leaf_spot/real/gray_leaf_spot_corn_leaf_diseases_classification_roboflow_real_b1013c79.jpg,corn_leaf_diseases_classification_roboflow,2,2,gray_leaf_spot,gray_leaf_spot,0.9145050048828124,2,2,2
clean/fall_armyworm/real/fall_armyworm_maize_africa_real_96316440.jpg,maize_africa,1,1,fall_armyworm,fall_armyworm,0.8739029765129089,1,1,1
clean/northern_corn_leaf_blight/lab/northern_corn_leaf_blight_cropdg_lab_881.jpg,cropdg,6,6,northern_corn_leaf_blight,northern_corn_leaf_blight,0.8224543333053589,6,6,6
clean/lethal_necrosis/real/lethal_necrosis_multi_desease_real_14182631.jpeg,multi_desease,4,4,lethal_necrosis,lethal_necrosis,0.8377065658569336,4,4,4
clean/healthy/real/healthy_maize_desease_v1.1_real_2388.jpg,maize_desease_v1.1,3,3,healthy,healthy,0.8145723342895508,3,3,3
clean/lethal_necrosis/real/lethal_necrosis_multi_desease_real_89611486.jpeg,multi_desease,4,4,lethal_necrosis,lethal_necrosis,0.8462607264518738,4,4,4
clean/healthy/real/healthy_maize_desease_v1.1_real_1990.jpg,maize_desease_v1.1,3,3,healthy,healthy,0.8121036291122437,3,3,3
clean/lethal_necrosis/real/lethal_necrosis_maize_africa_real_21687586.jpg,maize_africa,4,4,lethal_necrosis,lethal_necrosis,0.8455318808555603,4,4,4
clean/northern_corn_leaf_blight/real/northern_corn_leaf_blight_maize_africa_real_21455449.jpg,maize_africa,6,6,northern_corn_leaf_blight,northern_corn_leaf_blight,0.825778603553772,6,6,6
clean/northern_corn_leaf_blight/real/northern_corn_leaf_blight_corn_leaf_roboflow_real_52521477.jpg,corn_leaf_roboflow,6,6,northern_corn_leaf_blight,northern_corn_leaf_blight,0.835669755935669,6,6,6
clean/fall_armyworm/real/fall_armyworm_maize_africa_real_51129265.jpg,maize_africa,1,1,fall_armyworm,fall_armyworm,0.8508017063140869,1,1,1
clean/fall_armyworm/real/fall_armyworm_multi_desease_real_75756379.jpg,multi_desease,1,1,fall_armyworm,fall_armyworm,0.8560656905174255,1,1,1
clean/healthy/real/healthy_maize_desease_v1.1_real_4420.jpg,maize_desease_v1.1,3,3,healthy,healthy,0.8134423494338989,3,3,3
clean/northern_corn_leaf_blight/real/northern_corn_leaf_blight_corn_leaf_roboflow_real_44915853.jpg,corn_leaf_roboflow,6,6,northern_corn_leaf_blight,northern_corn_leaf_blight,0.8319313526153564,6,6,6
clean/phosphorus_deficiency/real/phosphorus_deficiency_corn_leaf_roboflow_real_75417596.jpg,corn_leaf_roboflow,7,7,phosphorus_deficiency,phosphorus_deficiency,0.9526816606521606,7,7,7
clean/northern_corn_leaf_blight/real/northern_corn_leaf_blight_maize_africa_real_33186863.jpg,maize_africa,6,6,northern_corn_leaf_blight,northern_corn_leaf_blight,0.8347580432891846,6,6,6
clean/healthy/real/healthy_maize_desease_v1.1_real_4940.jpg,maize_desease_v1.1,3,3,healthy,healthy,0.819412350654602,3,3,3
clean/fall_armyworm/real/fall_armyworm_maize_africa_real_54264812.jpg,maize_africa,1,1,fall_armyworm,fall_armyworm,0.8650565147399902,1,1,1
clean/phosphorus_deficiency/real/phosphorus_deficiency_maize_2_roboflow_real_13d8ed75.jpg,maize_2_roboflow,7,7,phosphorus_deficiency,phosphorus_deficiency,0.7474950551986694,7,7,7
clean/common_rust/lab/common_rust_maize_desease_lab_97951930.jpg,maize_desease,0,0,common_rust,common_rust,0.90925532579422,0,0,0
clean/fall_armyworm/real/fall_armyworm_corn_leaf_roboflow_real_95673010.jpg,corn_leaf_roboflow,1,1,fall_armyworm,fall_armyworm,0.8401933908462524,1,1,1
clean/healthy/real/healthy_maize_africa_v1.2_real_283.jpg,maize_africa_v1.2,3,3,healthy,healthy,0.8108142018318176,3,3,3
clean/phosphorus_deficiency/real/phosphorus_deficiency_maize_2_roboflow_real_bf583040.jpg,maize_2_roboflow,7,7,phosphorus_deficiency,phosphorus_deficiency,0.9476240873336792,7,7,7
clean/lethal_necrosis/real/lethal_necrosis_multi_desease_real_67108130.jpeg,multi_desease,4,4,lethal_necrosis,lethal_necrosis,0.8229751586914062,4,4,4
clean/healthy/real/healthy_cropdg_real_77.jpg,cropdg,3,3,healthy,healthy,0.8211935758590698,3,3,3
clean/lethal_necrosis/real/lethal_necrosis_multi_desease_real_99740401.jpeg,multi_desease,4,4,lethal_necrosis,lethal_necrosis,0.8303141593933105,4,4,4
clean/lethal_necrosis/real/lethal_necrosis_maize_africa_real_25024923.jpg,maize_africa,4,4,lethal_necrosis,lethal_necrosis,0.8365728855133057,4,4,4
clean/northern_corn_leaf_blight/real/northern_corn_leaf_blight_maize_desease_real_68730015.jpg,maize_desease,6,6,northern_corn_leaf_blight,northern_corn_leaf_blight,0.8364303112030029,6,6,6
clean/healthy/real/healthy_maize_desease_v1.1_real_1094.jpg,maize_desease_v1.1,3,3,healthy,healthy,0.7708727717399597,3,3,3
clean/lethal_necrosis/real/lethal_necrosis_maize_africa_real_95820320.jpg,maize_africa,4,4,lethal_necrosis,lethal_necrosis,0.8392436504364014,4,4,4
clean/gray_leaf_spot/real/gray_leaf_spot_maize_leaf_roboflow_real_1f27b746.jpg,maize_leaf_roboflow,2,2,gray_leaf_spot,gray_leaf_spot,0.9215553998947144,2,2,2
clean/healthy/real/healthy_maize_desease_v1.1_real_4569.jpg,maize_desease_v1.1,3,3,healthy,healthy,0.777010440826416,3,3,3
clean/northern_corn_leaf_blight/real/northern_corn_leaf_blight_maize_desease_real_29090838.jpg,maize_desease,6,6,northern_corn_leaf_blight,northern_corn_leaf_blight,0.8273659348487854,6,6,6
clean/lethal_necrosis/real/lethal_necrosis_maize_africa_real_12815236.jpg,maize_africa,4,4,lethal_necrosis,lethal_necrosis,0.8390519618988037,4,4,4
clean/lethal_necrosis/real/lethal_necrosis_multi_desease_real_65614678.jpeg,multi_desease,4,4,lethal_necrosis,lethal_necrosis,0.8488943576812744,4,4,4
clean/northern_corn_leaf_blight/real/northern_corn_leaf_blight_corn_leaf_roboflow_real_86389419.jpg,corn_leaf_roboflow,6,6,northern_corn_leaf_blight,northern_corn_leaf_blight,0.8468315005302429,6,6,6
clean/healthy/real/healthy_maize_africa_v1.2_real_1856.jpg,maize_africa_v1.2,3,3,healthy,healthy,0.8211023807525635,3,3,3
clean/lethal_necrosis/real/lethal_necrosis_multi_desease_real_70601013.jpeg,multi_desease,4,4,lethal_necrosis,lethal_necrosis,0.8482135534286499,4,4,4
clean/nitrogen_deficiency/real/nitrogen_deficiency_corn_leaf_roboflow_real_33520047.jpg,corn_leaf_roboflow,5,5,nitrogen_deficiency,nitrogen_deficiency,0.9477270841598512,5,5,5
clean/lethal_necrosis/real/lethal_necrosis_maize_africa_real_86818662.jpg,maize_africa,4,4,lethal_necrosis,lethal_necrosis,0.8386819958686829,4,4,4
clean/northern_corn_leaf_blight/real/northern_corn_leaf_blight_maize_africa_real_56574296.jpg,maize_africa,6,6,northern_corn_leaf_blight,northern_corn_leaf_blight,0.8281391263008118,6,6,6
clean/healthy/real/healthy_maize_africa_v1_real_26.jpg,maize_africa_v1,3,3,healthy,healthy,0.8025898933410645,3,3,3
clean/northern_corn_leaf_blight/lab/northern_corn_leaf_blight_cropdg_lab_132.jpg,cropdg,6,6,northern_corn_leaf_blight,northern_corn_leaf_blight,0.8182660937309265,6,6,6
clean/lethal_necrosis/real/lethal_necrosis_maize_africa_real_61536060.jpg,maize_africa,4,4,lethal_necrosis,lethal_necrosis,0.8269116878509521,4,4,4
clean/fall_armyworm/real/fall_armyworm_corn_leaf_roboflow_real_59749913.jpg,corn_leaf_roboflow,1,1,fall_armyworm,fall_armyworm,0.8465512990951538,1,1,1
clean/common_rust/lab/common_rust_maize_desease_lab_11951641.jpg,maize_desease,0,0,common_rust,common_rust,0.907673716545105,0,0,0
clean/healthy/real/healthy_maize_desease_v1.1_real_2370.jpg,maize_desease_v1.1,3,3,healthy,healthy,0.8211748600006104,3,3,3
clean/lethal_necrosis/real/lethal_necrosis_multi_desease_real_90437688.jpeg,multi_desease,4,4,lethal_necrosis,lethal_necrosis,0.848871111869812,4,4,4
clean/fall_armyworm/real/fall_armyworm_maize_africa_real_34186485.jpg,maize_africa,1,1,fall_armyworm,fall_armyworm,0.8591299653053284,1,1,1
clean/northern_corn_leaf_blight/real/northern_corn_leaf_blight_maize_africa_real_81704474.jpg,maize_africa,6,6,northern_corn_leaf_blight,northern_corn_leaf_blight,0.8270028233528137,6,6,6
clean/lethal_necrosis/real/lethal_necrosis_maize_africa_real_15942172.jpg,maize_africa,4,4,lethal_necrosis,lethal_necrosis,0.8381980061531067,4,4,4
clean/fall_armyworm/real/fall_armyworm_maize_africa_real_14010261.jpg,maize_africa,1,1,fall_armyworm,fall_armyworm,0.8630489706993103,1,1,1
clean/healthy/real/healthy_maize_africa_v1.2_real_594.jpg,maize_africa_v1.2,3,3,healthy,healthy,0.8177129030227661,3,3,3
clean/lethal_necrosis/real/lethal_necrosis_multi_desease_real_18531185.jpeg,multi_desease,4,4,lethal_necrosis,lethal_necrosis,0.8279294967651367,4,4,4
clean/lethal_necrosis/real/lethal_necrosis_maize_africa_real_27651242.jpg,maize_africa,4,4,lethal_necrosis,lethal_necrosis,0.8468417525291443,4,4,4
clean/healthy/real/healthy_cropdg_real_811.jpg,cropdg,3,3,healthy,healthy,0.801790714263916,3,3,3
clean/fall_armyworm/real/fall_armyworm_multi_desease_real_72772515.jpg,multi_desease,1,1,fall_armyworm,fall_armyworm,0.8586531281471252,1,1,1
clean/lethal_necrosis/real/lethal_necrosis_maize_africa_real_33528179.jpg,maize_africa,4,4,lethal_necrosis,lethal_necrosis,0.8415805101394653,4,4,4
clean/healthy/real/healthy_maize_africa_v1.2_real_1069.jpg,maize_africa_v1.2,3,3,healthy,healthy,0.8141346573829651,3,3,3
clean/lethal_necrosis/real/lethal_necrosis_maize_africa_real_66195392.jpg,maize_africa,4,4,lethal_necrosis,lethal_necrosis,0.8477303981781006,4,4,4
clean/northern_corn_leaf_blight/real/northern_corn_leaf_blight_maize_africa_real_64516681.jpg,maize_africa,6,6,northern_corn_leaf_blight,northern_corn_leaf_blight,0.8323491811752319,6,6,6
clean/healthy/real/healthy_maize_africa_v1.2_real_365.jpg,maize_africa_v1.2,3,3,healthy,healthy,0.8123815655708313,3,3,3
clean/lethal_necrosis/real/lethal_necrosis_multi_desease_real_54791988.jpeg,multi_desease,4,4,lethal_necrosis,lethal_necrosis,0.8434927463531494,4,4,4
clean/lethal_necrosis/real/lethal_necrosis_maize_africa_real_57195467.jpg,maize_africa,4,4,lethal_necrosis,lethal_necrosis,0.8355686664581299,4,4,4
clean/healthy/real/healthy_maize_desease_v1.1_real_1411.jpg,maize_desease_v1.1,3,3,healthy,healthy,0.8149234652519226,3,3,3
clean/lethal_necrosis/real/lethal_necrosis_multi_desease_real_24282725.jpeg,multi_desease,4,4,lethal_necrosis,lethal_necrosis,0.832948625087738,4,4,4
clean/lethal_necrosis/real/lethal_necrosis_multi_desease_real_25137971.jpeg,multi_desease,4,4,lethal_necrosis,lethal_necrosis,0.843036413192749,4,4,4
clean/northern_corn_leaf_blight/real/northern_corn_leaf_blight_maize_africa_real_29278780.jpg,maize_africa,6,6,northern_corn_leaf_blight,northern_corn_leaf_blight,0.8305279612541199,6,6,6
clean/northern_corn_leaf_blight/real/northern_corn_leaf_blight_maize_africa_real_69110935.jpg,maize_africa,6,6,northern_corn_leaf_blight,northern_corn_leaf_blight,0.8242691159248352,6,6,6
clean/healthy/real/healthy_maize_desease_v1.1_real_4336.jpg,maize_desease_v1.1,3,3,healthy,healthy,0.8014358282089233,3,3,3
clean/healthy/real/healthy_maize_desease_v1.1_real_3028.jpg,maize_desease_v1.1,3,3,healthy,healthy,0.8171898126602173,3,3,3
clean/healthy/real/healthy_maize_desease_v1.1_real_5121.jpg,maize_desease_v1.1,3,3,healthy,healthy,0.8107438683509827,3,3,3
clean/fall_armyworm/real/fall_armyworm_multi_desease_real_41706451.jpg,multi_desease,1,1,fall_armyworm,fall_armyworm,0.8745737671852112,1,1,1
clean/common_rust/lab/common_rust_multi_desease_lab_99077854.jpg,multi_desease,0,0,common_rust,common_rust,0.9052667617797852,0,0,0
clean/healthy/real/healthy_maize_desease_v1.1_real_3181.jpg,maize_desease_v1.1,3,3,healthy,healthy,0.8254349231719971,3,3,3
clean/northern_corn_leaf_blight/real/northern_corn_leaf_blight_maize_africa_real_49000267.jpg,maize_africa,6,6,northern_corn_leaf_blight,northern_corn_leaf_blight,0.8316816687583923,6,6,6
clean/fall_armyworm/real/fall_armyworm_maize_africa_real_10366890.jpg,maize_africa,1,1,fall_armyworm,fall_armyworm,0.841285228729248,1,1,1
clean/healthy/real/healthy_maize_desease_v1.1_real_1752.jpg,maize_desease_v1.1,3,3,healthy,healthy,0.8274291157722473,3,3,3
clean/lethal_necrosis/real/lethal_necrosis_maize_africa_real_13439456.jpg,maize_africa,4,4,lethal_necrosis,lethal_necrosis,0.84329754114151,4,4,4
clean/common_rust/lab/common_rust_maize_desease_lab_54687121.jpg,maize_desease,0,0,common_rust,common_rust,0.8860805630683899,0,0,0
clean/common_rust/lab/common_rust_maize_desease_lab_52632074.jpg,maize_desease,0,0,common_rust,common_rust,0.8972558975219727,0,0,0
clean/lethal_necrosis/real/lethal_necrosis_multi_desease_real_94868767.jpeg,multi_desease,4,4,lethal_necrosis,lethal_necrosis,0.8447253704071045,4,4,4
clean/healthy/real/healthy_maize_desease_v1.1_real_5284.jpg,maize_desease_v1.1,3,3,healthy,healthy,0.8303067684173584,3,3,3
clean/healthy/real/healthy_maize_desease_v1.1_real_54.jpg,maize_desease_v1.1,3,3,healthy,healthy,0.8221806287765503,3,3,3
clean/gray_leaf_spot/real/gray_leaf_spot_corn_leaf_diseases_classification_roboflow_real_ff8af8a6.jpg,corn_leaf_diseases_classification_roboflow,2,2,gray_leaf_spot,gray_leaf_spot,0.9141086339950562,2,2,2
clean/healthy/real/healthy_cropdg_real_167.jpg,cropdg,3,3,healthy,healthy,0.8258932828903198,3,3,3
clean/healthy/real/healthy_maize_desease_v1.1_real_4703.jpg,maize_desease_v1.1,3,3,healthy,healthy,0.8095422983169556,3,3,3
clean/healthy/real/healthy_maize_africa_v1.2_real_1123.jpg,maize_africa_v1.2,3,3,healthy,healthy,0.8113718032836914,3,3,3
clean/northern_corn_leaf_blight/real/northern_corn_leaf_blight_corn_leaf_roboflow_real_78844894.jpg,corn_leaf_roboflow,6,6,northern_corn_leaf_blight,northern_corn_leaf_blight,0.8271660804748535,6,6,6
clean/common_rust/lab/common_rust_maize_desease_lab_42037085.jpg,maize_desease,0,0,common_rust,common_rust,0.9071657657623292,0,0,0
clean/healthy/real/healthy_maize_africa_v1.2_real_588.jpg,maize_africa_v1.2,3,3,healthy,healthy,0.8141582012176514,3,3,3
clean/lethal_necrosis/real/lethal_necrosis_multi_desease_real_15608765.jpeg,multi_desease,4,4,lethal_necrosis,lethal_necrosis,0.8538974523544312,4,4,4
clean/common_rust/lab/common_rust_multi_desease_lab_73505893.jpg,multi_desease,0,0,common_rust,common_rust,0.9088268280029296,0,0,0
clean/healthy/real/healthy_cropdg_real_776.jpg,cropdg,3,3,healthy,healthy,0.813582718372345,3,3,3
clean/healthy/real/healthy_maize_africa_v1.2_real_635.jpg,maize_africa_v1.2,3,3,healthy,healthy,0.8288908004760742,3,3,3
clean/healthy/real/healthy_maize_desease_v1.1_real_4057.jpg,maize_desease_v1.1,3,3,healthy,healthy,0.8210960626602173,3,3,3
clean/lethal_necrosis/real/lethal_necrosis_multi_desease_real_36817018.jpeg,multi_desease,4,4,lethal_necrosis,lethal_necrosis,0.8465080261230469,4,4,4
clean/fall_armyworm/real/fall_armyworm_multi_desease_real_70364089.jpg,multi_desease,1,1,fall_armyworm,fall_armyworm,0.8634926080703735,1,1,1
clean/lethal_necrosis/real/lethal_necrosis_multi_desease_real_64694374.jpeg,multi_desease,4,4,lethal_necrosis,lethal_necrosis,0.8410144448280334,4,4,4
clean/potassium_deficiency/real/potassium_deficiency_corn_leaf_roboflow_real_40669074.jpg,corn_leaf_roboflow,8,6,potassium_deficiency,northern_corn_leaf_blight,0.6173536777496338,6,6,5
clean/lethal_necrosis/real/lethal_necrosis_maize_africa_real_63998462.jpg,maize_africa,4,4,lethal_necrosis,lethal_necrosis,0.822212815284729,4,4,4
clean/lethal_necrosis/real/lethal_necrosis_multi_desease_real_46606338.jpeg,multi_desease,4,4,lethal_necrosis,lethal_necrosis,0.8539605140686035,4,4,4
clean/lethal_necrosis/real/lethal_necrosis_maize_africa_real_19671789.jpg,maize_africa,4,4,lethal_necrosis,lethal_necrosis,0.8422948718070984,4,4,4
clean/northern_corn_leaf_blight/real/northern_corn_leaf_blight_maize_africa_real_14292106.jpg,maize_africa,6,6,northern_corn_leaf_blight,northern_corn_leaf_blight,0.8199992179870605,6,6,6
clean/lethal_necrosis/real/lethal_necrosis_maize_africa_real_33399202.jpg,maize_africa,4,4,lethal_necrosis,lethal_necrosis,0.8583806753158569,4,4,4
clean/northern_corn_leaf_blight/real/northern_corn_leaf_blight_maize_africa_real_34640513.jpg,maize_africa,6,6,northern_corn_leaf_blight,northern_corn_leaf_blight,0.8371102809906006,6,6,6
clean/fall_armyworm/real/fall_armyworm_maize_africa_real_46207528.jpg,maize_africa,1,1,fall_armyworm,fall_armyworm,0.8280453681945801,1,1,1
clean/healthy/real/healthy_maize_africa_v1.2_real_357.jpg,maize_africa_v1.2,3,3,healthy,healthy,0.8247431516647339,3,3,3
clean/fall_armyworm/real/fall_armyworm_multi_desease_real_34375444.jpg,multi_desease,1,1,fall_armyworm,fall_armyworm,0.8602255582809448,1,1,1
clean/lethal_necrosis/real/lethal_necrosis_maize_africa_real_49275591.jpg,maize_africa,4,4,lethal_necrosis,lethal_necrosis,0.8197371959686279,4,4,4
clean/healthy/real/healthy_maize_africa_v1.2_real_654.jpg,maize_africa_v1.2,3,3,healthy,healthy,0.8116139769554138,3,3,3
clean/healthy/real/healthy_maize_desease_v1.1_real_874.jpg,maize_desease_v1.1,3,3,healthy,healthy,0.8280388712882996,3,3,3
clean/healthy/real/healthy_maize_desease_v1.1_real_604.jpg,maize_desease_v1.1,3,3,healthy,healthy,0.8162843585014343,3,3,3
clean/healthy/real/healthy_maize_desease_v1.1_real_866.jpg,maize_desease_v1.1,3,3,healthy,healthy,0.7854968309402466,3,3,3
clean/northern_corn_leaf_blight/lab/northern_corn_leaf_blight_cropdg_lab_950.jpg,cropdg,6,6,northern_corn_leaf_blight,northern_corn_leaf_blight,0.8236209750175476,6,6,6
clean/northern_corn_leaf_blight/real/northern_corn_leaf_blight_maize_africa_real_80779215.jpg,maize_africa,6,6,northern_corn_leaf_blight,northern_corn_leaf_blight,0.8187612295150757,6,6,6
clean/healthy/real/healthy_maize_desease_v1.1_real_5144.jpg,maize_desease_v1.1,3,3,healthy,healthy,0.815414547920227,3,3,3
clean/potassium_deficiency/real/potassium_deficiency_corn_leaf_roboflow_real_43084571.jpg,corn_leaf_roboflow,8,8,potassium_deficiency,potassium_deficiency,0.8073166608810425,8,8,8
clean/northern_corn_leaf_blight/lab/northern_corn_leaf_blight_cropdg_lab_535.jpg,cropdg,6,6,northern_corn_leaf_blight,northern_corn_leaf_blight,0.822091817855835,6,6,6
clean/common_rust/lab/common_rust_multi_desease_lab_52050566.jpg,multi_desease,0,0,common_rust,common_rust,0.9117799997329712,0,0,0
clean/lethal_necrosis/real/lethal_necrosis_maize_africa_real_25220787.jpg,maize_africa,4,4,lethal_necrosis,lethal_necrosis,0.8474801182746887,4,4,4
clean/fall_armyworm/real/fall_armyworm_maize_africa_real_25984419.jpg,maize_africa,1,1,fall_armyworm,fall_armyworm,0.8679952621459961,1,1,1
clean/lethal_necrosis/real/lethal_necrosis_maize_africa_real_45458447.jpg,maize_africa,4,4,lethal_necrosis,lethal_necrosis,0.8432551026344299,4,4,4
clean/lethal_necrosis/real/lethal_necrosis_maize_africa_real_71060667.jpg,maize_africa,4,4,lethal_necrosis,lethal_necrosis,0.8448024988174438,4,4,4
clean/northern_corn_leaf_blight/real/northern_corn_leaf_blight_maize_africa_real_64144171.jpg,maize_africa,6,6,northern_corn_leaf_blight,northern_corn_leaf_blight,0.8192412853240967,6,6,6
clean/nitrogen_deficiency/real/nitrogen_deficiency_corn_leaf_roboflow_real_99224773.jpg,corn_leaf_roboflow,5,5,nitrogen_deficiency,nitrogen_deficiency,0.9306820034980774,5,5,5
clean/northern_corn_leaf_blight/lab/northern_corn_leaf_blight_cropdg_lab_805.jpg,cropdg,6,6,northern_corn_leaf_blight,northern_corn_leaf_blight,0.825808048248291,6,6,6
clean/lethal_necrosis/real/lethal_necrosis_maize_africa_real_52412376.jpg,maize_africa,4,4,lethal_necrosis,lethal_necrosis,0.8342426419258118,4,4,4
clean/healthy/real/healthy_maize_desease_v1.1_real_2113.jpg,maize_desease_v1.1,3,3,healthy,healthy,0.8181997537612915,3,3,3
clean/phosphorus_deficiency/real/phosphorus_deficiency_maize_nutrient_real_36423823.jpeg,maize_nutrient,7,7,phosphorus_deficiency,phosphorus_deficiency,0.7407522797584534,7,7,7
clean/potassium_deficiency/real/potassium_deficiency_corn_leaf_roboflow_real_84604373.jpg,corn_leaf_roboflow,8,8,potassium_deficiency,potassium_deficiency,0.9239386916160583,8,8,8
clean/northern_corn_leaf_blight/real/northern_corn_leaf_blight_maize_africa_real_41698303.jpg,maize_africa,6,6,northern_corn_leaf_blight,northern_corn_leaf_blight,0.8313579559326172,6,6,6
clean/gray_leaf_spot/lab/gray_leaf_spot_cropdg_lab_85284423.jpg,cropdg,2,6,gray_leaf_spot,northern_corn_leaf_blight,0.4326139986515045,2,6,6
clean/healthy/real/healthy_maize_desease_v1.1_real_1231.jpg,maize_desease_v1.1,3,3,healthy,healthy,0.8235859274864197,3,3,3
clean/northern_corn_leaf_blight/real/northern_corn_leaf_blight_maize_africa_real_18869874.jpg,maize_africa,6,6,northern_corn_leaf_blight,northern_corn_leaf_blight,0.8137147426605225,6,6,6
clean/northern_corn_leaf_blight/real/northern_corn_leaf_blight_maize_africa_real_99846824.jpg,maize_africa,6,6,northern_corn_leaf_blight,northern_corn_leaf_blight,0.8272778987884521,6,6,6
clean/healthy/real/healthy_maize_desease_v1.1_real_3435.jpg,maize_desease_v1.1,3,3,healthy,healthy,0.8203930854797363,3,3,3
clean/lethal_necrosis/real/lethal_necrosis_maize_africa_real_88443331.jpg,maize_africa,4,4,lethal_necrosis,lethal_necrosis,0.8366868495941162,4,4,4
clean/northern_corn_leaf_blight/real/northern_corn_leaf_blight_maize_desease_real_84213894.jpg,maize_desease,6,6,northern_corn_leaf_blight,northern_corn_leaf_blight,0.8322340846061707,6,6,6
clean/healthy/real/healthy_maize_desease_v1.1_real_1442.jpg,maize_desease_v1.1,3,3,healthy,healthy,0.8124047517776489,3,3,3
clean/healthy/real/healthy_maize_desease_v1.1_real_1538.jpg,maize_desease_v1.1,3,3,healthy,healthy,0.81781005859375,3,3,3
clean/lethal_necrosis/real/lethal_necrosis_multi_desease_real_93138397.jpeg,multi_desease,4,4,lethal_necrosis,lethal_necrosis,0.8436840772628784,4,4,4
clean/lethal_necrosis/real/lethal_necrosis_multi_desease_real_56716639.jpeg,multi_desease,4,4,lethal_necrosis,lethal_necrosis,0.8488017320632935,4,4,4
clean/gray_leaf_spot/real/gray_leaf_spot_maize_field_real_74888331.jpg,maize_field,2,2,gray_leaf_spot,gray_leaf_spot,0.8639988303184509,2,2,2
clean/phosphorus_deficiency/real/phosphorus_deficiency_maize_2_roboflow_real_94d2cfa4.jpg,maize_2_roboflow,7,7,phosphorus_deficiency,phosphorus_deficiency,0.5864529609680176,7,7,5
clean/northern_corn_leaf_blight/real/northern_corn_leaf_blight_maize_africa_real_95960144.jpg,maize_africa,6,6,northern_corn_leaf_blight,northern_corn_leaf_blight,0.8243163824081421,6,6,6
clean/northern_corn_leaf_blight/real/northern_corn_leaf_blight_maize_africa_real_58624381.jpg,maize_africa,6,6,northern_corn_leaf_blight,northern_corn_leaf_blight,0.7582275867462158,6,6,6
clean/healthy/real/healthy_maize_africa_v1.2_real_1096.jpg,maize_africa_v1.2,3,3,healthy,healthy,0.8283116817474365,3,3,3
clean/fall_armyworm/real/fall_armyworm_maize_africa_real_33853596.jpg,maize_africa,1,1,fall_armyworm,fall_armyworm,0.8569332957267761,1,1,1
clean/fall_armyworm/real/fall_armyworm_corn_leaf_roboflow_real_68278861.jpg,corn_leaf_roboflow,1,1,fall_armyworm,fall_armyworm,0.8507627248764038,1,1,1
clean/lethal_necrosis/real/lethal_necrosis_maize_africa_real_29128962.jpg,maize_africa,4,4,lethal_necrosis,lethal_necrosis,0.8345764875411987,4,4,4
clean/northern_corn_leaf_blight/real/northern_corn_leaf_blight_maize_africa_real_71998558.jpg,maize_africa,6,6,northern_corn_leaf_blight,northern_corn_leaf_blight,0.8136453032493591,6,6,6
clean/healthy/real/healthy_maize_desease_v1.1_real_3129.jpg,maize_desease_v1.1,3,3,healthy,healthy,0.8209843635559082,3,3,3
clean/fall_armyworm/real/fall_armyworm_maize_africa_real_73678630.jpg,maize_africa,1,1,fall_armyworm,fall_armyworm,0.8604841232299805,1,1,1
clean/healthy/real/healthy_maize_desease_v1.1_real_3517.jpg,maize_desease_v1.1,3,3,healthy,healthy,0.8202603459358215,3,3,3
clean/northern_corn_leaf_blight/lab/northern_corn_leaf_blight_cropdg_lab_604.jpg,cropdg,6,6,northern_corn_leaf_blight,northern_corn_leaf_blight,0.8122587203979492,6,6,6
clean/common_rust/lab/common_rust_maize_desease_lab_40995145.jpg,maize_desease,0,0,common_rust,common_rust,0.9083347916603088,0,0,0
clean/gray_leaf_spot/real/gray_leaf_spot_maize_field_real_75554016.jpg,maize_field,2,2,gray_leaf_spot,gray_leaf_spot,0.8871462345123291,2,2,2
clean/phosphorus_deficiency/real/phosphorus_deficiency_corn_leaf_roboflow_real_17354575.jpg,corn_leaf_roboflow,7,7,phosphorus_deficiency,phosphorus_deficiency,0.9406665563583374,7,7,7
clean/northern_corn_leaf_blight/real/northern_corn_leaf_blight_maize_africa_real_79470974.jpg,maize_africa,6,6,northern_corn_leaf_blight,northern_corn_leaf_blight,0.7578307390213013,6,6,6
clean/common_rust/lab/common_rust_maize_desease_lab_19949188.jpg,maize_desease,0,0,common_rust,common_rust,0.9110310673713684,0,0,0
clean/lethal_necrosis/real/lethal_necrosis_multi_desease_real_72121439.jpeg,multi_desease,4,4,lethal_necrosis,lethal_necrosis,0.8385704159736633,4,4,4
clean/northern_corn_leaf_blight/real/northern_corn_leaf_blight_maize_africa_real_46618709.jpg,maize_africa,6,6,northern_corn_leaf_blight,northern_corn_leaf_blight,0.8325811624526978,6,6,6
clean/fall_armyworm/real/fall_armyworm_maize_africa_real_83609629.jpg,maize_africa,1,1,fall_armyworm,fall_armyworm,0.853363573551178,1,1,1
clean/healthy/real/healthy_maize_africa_v1.2_real_809.jpg,maize_africa_v1.2,3,3,healthy,healthy,0.8088252544403076,3,3,3
clean/northern_corn_leaf_blight/real/northern_corn_leaf_blight_maize_africa_real_48061699.jpg,maize_africa,6,6,northern_corn_leaf_blight,northern_corn_leaf_blight,0.8271875381469727,6,6,6
clean/northern_corn_leaf_blight/real/northern_corn_leaf_blight_maize_africa_real_49857368.jpg,maize_africa,6,6,northern_corn_leaf_blight,northern_corn_leaf_blight,0.7975452542304993,6,6,6
clean/northern_corn_leaf_blight/real/northern_corn_leaf_blight_maize_africa_real_70644541.jpg,maize_africa,6,6,northern_corn_leaf_blight,northern_corn_leaf_blight,0.8275324106216431,6,6,6
clean/healthy/real/healthy_maize_desease_v1.1_real_744.jpg,maize_desease_v1.1,3,3,healthy,healthy,0.8148537278175354,3,3,3
clean/lethal_necrosis/real/lethal_necrosis_multi_desease_real_56913736.jpeg,multi_desease,4,4,lethal_necrosis,lethal_necrosis,0.8287927508354187,4,4,4
clean/fall_armyworm/real/fall_armyworm_multi_desease_real_89289299.jpg,multi_desease,1,1,fall_armyworm,fall_armyworm,0.859009861946106,1,1,1
clean/fall_armyworm/real/fall_armyworm_maize_africa_real_33965708.jpg,maize_africa,1,1,fall_armyworm,fall_armyworm,0.8681427836418152,1,1,1
clean/healthy/real/healthy_cropdg_real_993.jpg,cropdg,3,3,healthy,healthy,0.808734118938446,3,3,3
clean/northern_corn_leaf_blight/real/northern_corn_leaf_blight_maize_africa_real_84789243.jpg,maize_africa,6,6,northern_corn_leaf_blight,northern_corn_leaf_blight,0.8332102298736572,6,6,6
clean/healthy/real/healthy_maize_desease_v1.1_real_1383.jpg,maize_desease_v1.1,3,3,healthy,healthy,0.8216773271560669,3,3,3
clean/northern_corn_leaf_blight/real/northern_corn_leaf_blight_maize_africa_real_35430985.jpg,maize_africa,6,6,northern_corn_leaf_blight,northern_corn_leaf_blight,0.8254030346870422,6,6,6
clean/healthy/real/healthy_maize_africa_v1.2_real_231.jpg,maize_africa_v1.2,3,3,healthy,healthy,0.8249540328979492,3,3,3
clean/northern_corn_leaf_blight/real/northern_corn_leaf_blight_maize_africa_real_64225062.jpg,maize_africa,6,6,northern_corn_leaf_blight,northern_corn_leaf_blight,0.7359296083450317,6,6,6
clean/healthy/real/healthy_maize_desease_v1.1_real_5152.jpg,maize_desease_v1.1,3,3,healthy,healthy,0.8277950286865234,3,3,3
clean/potassium_deficiency/real/potassium_deficiency_corn_leaf_roboflow_real_29150753.jpg,corn_leaf_roboflow,8,8,potassium_deficiency,potassium_deficiency,0.8525592088699341,8,8,8
clean/fall_armyworm/real/fall_armyworm_multi_desease_real_37523595.jpg,multi_desease,1,1,fall_armyworm,fall_armyworm,0.859011709690094,1,1,1
clean/lethal_necrosis/real/lethal_necrosis_multi_desease_real_42470028.jpeg,multi_desease,4,4,lethal_necrosis,lethal_necrosis,0.8352876305580139,4,4,4
clean/fall_armyworm/real/fall_armyworm_maize_africa_real_69724857.jpg,maize_africa,1,1,fall_armyworm,fall_armyworm,0.8521889448165894,1,1,1
clean/healthy/real/healthy_maize_desease_v1.1_real_2652.jpg,maize_desease_v1.1,3,3,healthy,healthy,0.8228394389152527,3,3,3
clean/fall_armyworm/real/fall_armyworm_corn_leaf_roboflow_real_68965922.jpg,corn_leaf_roboflow,1,1,fall_armyworm,fall_armyworm,0.7436800003051758,1,1,1
clean/fall_armyworm/real/fall_armyworm_corn_leaf_roboflow_real_57629211.jpg,corn_leaf_roboflow,1,1,fall_armyworm,fall_armyworm,0.8594527840614319,1,1,1
clean/northern_corn_leaf_blight/real/northern_corn_leaf_blight_maize_africa_real_82256809.jpg,maize_africa,6,6,northern_corn_leaf_blight,northern_corn_leaf_blight,0.8335678577423096,6,6,6
clean/healthy/real/healthy_cropdg_real_712.jpg,cropdg,3,3,healthy,healthy,0.5547621250152588,3,3,2
clean/northern_corn_leaf_blight/real/northern_corn_leaf_blight_maize_africa_real_81663660.jpg,maize_africa,6,6,northern_corn_leaf_blight,northern_corn_leaf_blight,0.8244926929473877,6,6,6
clean/healthy/real/healthy_maize_desease_v1.1_real_369.jpg,maize_desease_v1.1,3,3,healthy,healthy,0.8310610055923462,3,3,3
clean/common_rust/lab/common_rust_maize_desease_lab_51484536.jpg,maize_desease,0,0,common_rust,common_rust,0.9021497964859008,0,0,0
clean/northern_corn_leaf_blight/real/northern_corn_leaf_blight_corn_leaf_roboflow_real_50042294.jpg,corn_leaf_roboflow,6,6,northern_corn_leaf_blight,northern_corn_leaf_blight,0.5795902013778687,6,6,8
clean/common_rust/real/common_rust_maize_field_real_70596765.jpg,maize_field,0,0,common_rust,common_rust,0.8823165893554688,0,0,0
clean/lethal_necrosis/real/lethal_necrosis_maize_africa_real_80726302.jpg,maize_africa,4,4,lethal_necrosis,lethal_necrosis,0.8481513261795044,4,4,4
clean/lethal_necrosis/real/lethal_necrosis_maize_africa_real_33825608.jpg,maize_africa,4,4,lethal_necrosis,lethal_necrosis,0.8406645655632019,4,4,4
clean/lethal_necrosis/real/lethal_necrosis_multi_desease_real_52799527.jpeg,multi_desease,4,4,lethal_necrosis,lethal_necrosis,0.8297725915908813,4,4,4
clean/common_rust/lab/common_rust_multi_desease_lab_38366659.jpg,multi_desease,0,0,common_rust,common_rust,0.909493923187256,0,0,0
clean/common_rust/lab/common_rust_maize_desease_lab_82794419.jpg,maize_desease,0,0,common_rust,common_rust,0.905460238456726,0,0,0
clean/common_rust/lab/common_rust_maize_desease_lab_83515208.jpg,maize_desease,0,0,common_rust,common_rust,0.9117810130119324,0,0,0
clean/common_rust/lab/common_rust_multi_desease_lab_78470860.jpg,multi_desease,0,0,common_rust,common_rust,0.9083054065704346,0,0,0
clean/healthy/real/healthy_maize_desease_v1.1_real_5310.jpg,maize_desease_v1.1,3,3,healthy,healthy,0.8190224170684814,3,3,3
clean/lethal_necrosis/real/lethal_necrosis_maize_africa_real_46353177.jpg,maize_africa,4,4,lethal_necrosis,lethal_necrosis,0.8163865208625793,4,4,4
clean/common_rust/lab/common_rust_maize_desease_lab_31061966.jpg,maize_desease,0,0,common_rust,common_rust,0.9090676307678224,0,0,0
clean/lethal_necrosis/real/lethal_necrosis_multi_desease_real_97119516.jpeg,multi_desease,4,4,lethal_necrosis,lethal_necrosis,0.8339139819145203,4,4,4
clean/healthy/real/healthy_cropdg_real_61.jpg,cropdg,3,3,healthy,healthy,0.6792616844177246,3,3,4
clean/healthy/real/healthy_maize_desease_v1.1_real_4613.jpg,maize_desease_v1.1,3,3,healthy,healthy,0.8214285969734192,3,3,3
clean/healthy/real/healthy_maize_desease_v1.1_real_1756.jpg,maize_desease_v1.1,3,3,healthy,healthy,0.8218452334403992,3,3,3
clean/northern_corn_leaf_blight/real/northern_corn_leaf_blight_maize_field_real_37378398.jpg,maize_field,6,6,northern_corn_leaf_blight,northern_corn_leaf_blight,0.8278787136077881,6,6,6
clean/phosphorus_deficiency/real/phosphorus_deficiency_corn_leaf_roboflow_real_92011864.jpg,corn_leaf_roboflow,7,7,phosphorus_deficiency,phosphorus_deficiency,0.93691748380661,7,7,7
clean/healthy/real/healthy_corn_leaf_roboflow_real_48372929.jpg,corn_leaf_roboflow,3,3,healthy,healthy,0.8140309453010559,3,3,3
clean/common_rust/lab/common_rust_maize_desease_lab_91379289.jpg,maize_desease,0,0,common_rust,common_rust,0.9093772768974304,0,0,0
clean/healthy/real/healthy_maize_desease_v1.1_real_5024.jpg,maize_desease_v1.1,3,3,healthy,healthy,0.8207509517669678,3,3,3
clean/northern_corn_leaf_blight/real/northern_corn_leaf_blight_maize_africa_real_43967460.jpg,maize_africa,6,6,northern_corn_leaf_blight,northern_corn_leaf_blight,0.833558201789856,6,6,6
clean/northern_corn_leaf_blight/real/northern_corn_leaf_blight_maize_africa_real_61373012.jpg,maize_africa,6,6,northern_corn_leaf_blight,northern_corn_leaf_blight,0.8370089530944824,6,6,6
clean/potassium_deficiency/real/potassium_deficiency_maize_2_roboflow_real_378f42af.jpg,maize_2_roboflow,8,8,potassium_deficiency,potassium_deficiency,0.9567331671714784,8,8,8
clean/lethal_necrosis/real/lethal_necrosis_multi_desease_real_62890015.jpeg,multi_desease,4,4,lethal_necrosis,lethal_necrosis,0.840082049369812,4,4,4
clean/healthy/real/healthy_maize_desease_v1.1_real_3686.jpg,maize_desease_v1.1,3,3,healthy,healthy,0.8166217803955078,3,3,3
clean/common_rust/lab/common_rust_multi_desease_lab_79743849.jpg,multi_desease,0,0,common_rust,common_rust,0.9042566418647766,0,0,0
clean/northern_corn_leaf_blight/real/northern_corn_leaf_blight_corn_leaf_roboflow_real_33523649.jpg,corn_leaf_roboflow,6,6,northern_corn_leaf_blight,northern_corn_leaf_blight,0.8287840485572815,6,6,6
clean/gray_leaf_spot/real/gray_leaf_spot_maize_leaf_roboflow_real_67c8e456.jpg,maize_leaf_roboflow,2,2,gray_leaf_spot,gray_leaf_spot,0.9148181676864624,2,2,2
clean/nitrogen_deficiency/real/nitrogen_deficiency_corn_leaf_roboflow_real_13363983.jpg,corn_leaf_roboflow,5,5,nitrogen_deficiency,nitrogen_deficiency,0.9498916268348694,5,5,5
clean/phosphorus_deficiency/real/phosphorus_deficiency_corn_leaf_roboflow_real_77064287.jpg,corn_leaf_roboflow,7,7,phosphorus_deficiency,phosphorus_deficiency,0.9350200891494752,7,7,7
clean/lethal_necrosis/real/lethal_necrosis_maize_africa_real_23544621.jpg,maize_africa,4,4,lethal_necrosis,lethal_necrosis,0.8563107848167419,4,4,4
clean/lethal_necrosis/real/lethal_necrosis_multi_desease_real_90450203.jpeg,multi_desease,4,4,lethal_necrosis,lethal_necrosis,0.8423817753791809,4,4,4
clean/fall_armyworm/real/fall_armyworm_multi_desease_real_73402855.jpg,multi_desease,1,1,fall_armyworm,fall_armyworm,0.8771578073501587,1,1,1
clean/fall_armyworm/real/fall_armyworm_maize_africa_real_75593154.jpg,maize_africa,1,1,fall_armyworm,fall_armyworm,0.8605868220329285,1,1,1
clean/gray_leaf_spot/real/gray_leaf_spot_maize_leaf_roboflow_real_f2ad9d2a.jpg,maize_leaf_roboflow,2,2,gray_leaf_spot,gray_leaf_spot,0.9181342124938964,2,2,2
clean/fall_armyworm/real/fall_armyworm_maize_africa_real_99131993.jpg,maize_africa,1,1,fall_armyworm,fall_armyworm,0.8512796759605408,1,1,1
clean/healthy/real/healthy_maize_desease_v1.1_real_4323.jpg,maize_desease_v1.1,3,3,healthy,healthy,0.8058370351791382,3,3,3
clean/northern_corn_leaf_blight/real/northern_corn_leaf_blight_corn_leaf_roboflow_real_39930187.jpg,corn_leaf_roboflow,6,6,northern_corn_leaf_blight,northern_corn_leaf_blight,0.8139041662216187,6,6,6
clean/healthy/real/healthy_maize_desease_v1.1_real_1441.jpg,maize_desease_v1.1,3,3,healthy,healthy,0.8269442915916443,3,3,3
clean/healthy/real/healthy_cropdg_real_632.jpg,cropdg,3,3,healthy,healthy,0.815035343170166,3,3,3
clean/lethal_necrosis/real/lethal_necrosis_multi_desease_real_31397797.jpeg,multi_desease,4,4,lethal_necrosis,lethal_necrosis,0.8589048981666565,4,4,4
clean/lethal_necrosis/real/lethal_necrosis_multi_desease_real_55922112.jpeg,multi_desease,4,4,lethal_necrosis,lethal_necrosis,0.8418210744857788,4,4,4
clean/gray_leaf_spot/lab/gray_leaf_spot_cropdg_lab_14134165.jpg,cropdg,2,2,gray_leaf_spot,gray_leaf_spot,0.5775415897369385,2,6,2
clean/northern_corn_leaf_blight/real/northern_corn_leaf_blight_maize_africa_real_99903361.jpg,maize_africa,6,6,northern_corn_leaf_blight,northern_corn_leaf_blight,0.8177204132080078,6,6,6
clean/lethal_necrosis/real/lethal_necrosis_multi_desease_real_30407402.jpeg,multi_desease,4,4,lethal_necrosis,lethal_necrosis,0.8432117104530334,4,4,4
clean/lethal_necrosis/real/lethal_necrosis_maize_africa_real_86253155.jpg,maize_africa,4,4,lethal_necrosis,lethal_necrosis,0.8467626571655273,4,4,4
clean/lethal_necrosis/real/lethal_necrosis_maize_africa_real_89920941.jpg,maize_africa,4,4,lethal_necrosis,lethal_necrosis,0.8398396968841553,4,4,4
clean/fall_armyworm/real/fall_armyworm_multi_desease_real_51430257.jpg,multi_desease,1,1,fall_armyworm,fall_armyworm,0.8622428178787231,1,1,1
clean/healthy/real/healthy_maize_desease_v1.1_real_562.jpg,maize_desease_v1.1,3,3,healthy,healthy,0.8334919214248657,3,3,3
clean/healthy/real/healthy_maize_desease_v1.1_real_1387.jpg,maize_desease_v1.1,3,3,healthy,healthy,0.8170429468154907,3,3,3
clean/gray_leaf_spot/real/gray_leaf_spot_maize_field_real_70887123.jpg,maize_field,2,2,gray_leaf_spot,gray_leaf_spot,0.918549120426178,2,2,2
clean/lethal_necrosis/real/lethal_necrosis_maize_africa_real_30106251.jpg,maize_africa,4,4,lethal_necrosis,lethal_necrosis,0.8319729566574097,4,4,4
clean/fall_armyworm/real/fall_armyworm_maize_africa_real_93694153.jpg,maize_africa,1,1,fall_armyworm,fall_armyworm,0.8531259894371033,1,1,1
clean/lethal_necrosis/real/lethal_necrosis_maize_africa_real_73978557.jpg,maize_africa,4,4,lethal_necrosis,lethal_necrosis,0.8383179306983948,4,4,4
clean/northern_corn_leaf_blight/real/northern_corn_leaf_blight_maize_africa_real_88729501.jpg,maize_africa,6,6,northern_corn_leaf_blight,northern_corn_leaf_blight,0.8350778818130493,6,6,6
clean/lethal_necrosis/real/lethal_necrosis_maize_africa_real_54243883.jpg,maize_africa,4,4,lethal_necrosis,lethal_necrosis,0.8422403335571289,4,4,4
clean/common_rust/lab/common_rust_maize_desease_lab_44578264.jpg,maize_desease,0,0,common_rust,common_rust,0.905921459197998,0,0,0
clean/healthy/real/healthy_maize_desease_v1.1_real_4637.jpg,maize_desease_v1.1,3,3,healthy,healthy,0.8218802213668823,3,3,3
clean/fall_armyworm/real/fall_armyworm_maize_africa_real_43294933.jpg,maize_africa,1,1,fall_armyworm,fall_armyworm,0.8748365044593811,1,1,1
clean/fall_armyworm/real/fall_armyworm_multi_desease_real_68222586.jpg,multi_desease,1,1,fall_armyworm,fall_armyworm,0.8714252710342407,1,1,1
clean/healthy/real/healthy_maize_desease_v1.1_real_1425.jpg,maize_desease_v1.1,3,3,healthy,healthy,0.8084030151367188,3,3,3
clean/lethal_necrosis/real/lethal_necrosis_multi_desease_real_75262939.jpeg,multi_desease,4,4,lethal_necrosis,lethal_necrosis,0.8404108285903931,4,4,4
clean/lethal_necrosis/real/lethal_necrosis_maize_africa_real_68673286.jpg,maize_africa,4,4,lethal_necrosis,lethal_necrosis,0.8400745391845703,4,4,4
clean/lethal_necrosis/real/lethal_necrosis_multi_desease_real_42656599.jpeg,multi_desease,4,4,lethal_necrosis,lethal_necrosis,0.834439754486084,4,4,4
clean/northern_corn_leaf_blight/real/northern_corn_leaf_blight_maize_africa_real_72244796.jpg,maize_africa,6,6,northern_corn_leaf_blight,northern_corn_leaf_blight,0.808192253112793,6,6,6
clean/fall_armyworm/real/fall_armyworm_multi_desease_real_42510812.jpg,multi_desease,1,1,fall_armyworm,fall_armyworm,0.8561418056488037,1,1,1
clean/fall_armyworm/real/fall_armyworm_corn_leaf_roboflow_real_15904911.jpg,corn_leaf_roboflow,1,1,fall_armyworm,fall_armyworm,0.8455480337142944,1,1,1
clean/lethal_necrosis/real/lethal_necrosis_multi_desease_real_26209314.jpeg,multi_desease,4,4,lethal_necrosis,lethal_necrosis,0.8447796702384949,4,4,4
clean/common_rust/real/common_rust_maize_field_real_12797520.jpg,maize_field,0,0,common_rust,common_rust,0.8703808784484863,0,0,0
clean/common_rust/lab/common_rust_multi_desease_lab_86351141.jpg,multi_desease,0,0,common_rust,common_rust,0.8918786644935608,0,0,0
clean/healthy/real/healthy_maize_africa_v1.2_real_1533.jpg,maize_africa_v1.2,3,3,healthy,healthy,0.8020275831222534,3,3,3
clean/fall_armyworm/real/fall_armyworm_multi_desease_real_60992716.jpg,multi_desease,1,1,fall_armyworm,fall_armyworm,0.8667671084403992,1,1,1
clean/healthy/real/healthy_cropdg_real_667.jpg,cropdg,3,3,healthy,healthy,0.8206821084022522,3,3,3
clean/lethal_necrosis/real/lethal_necrosis_multi_desease_real_60472880.jpeg,multi_desease,4,4,lethal_necrosis,lethal_necrosis,0.8313603401184082,4,4,4
clean/northern_corn_leaf_blight/lab/northern_corn_leaf_blight_cropdg_lab_489.jpg,cropdg,6,6,northern_corn_leaf_blight,northern_corn_leaf_blight,0.8244810104370117,6,6,6
clean/lethal_necrosis/real/lethal_necrosis_multi_desease_real_97345909.jpeg,multi_desease,4,4,lethal_necrosis,lethal_necrosis,0.8310512900352478,4,4,4
clean/healthy/real/healthy_maize_desease_v1.1_real_600.jpg,maize_desease_v1.1,3,3,healthy,healthy,0.8226653933525085,3,3,3
clean/northern_corn_leaf_blight/real/northern_corn_leaf_blight_maize_africa_real_43386636.jpg,maize_africa,6,6,northern_corn_leaf_blight,northern_corn_leaf_blight,0.8341314792633057,6,6,6
clean/lethal_necrosis/real/lethal_necrosis_multi_desease_real_39772644.jpeg,multi_desease,4,4,lethal_necrosis,lethal_necrosis,0.8448414206504822,4,4,4
clean/lethal_necrosis/real/lethal_necrosis_maize_africa_real_26896196.jpg,maize_africa,4,4,lethal_necrosis,lethal_necrosis,0.840460479259491,4,4,4
clean/lethal_necrosis/real/lethal_necrosis_multi_desease_real_58189462.jpeg,multi_desease,4,4,lethal_necrosis,lethal_necrosis,0.8338241577148438,4,4,4
clean/common_rust/lab/common_rust_maize_desease_lab_24733659.jpg,maize_desease,0,0,common_rust,common_rust,0.9084738492965698,0,0,0
clean/fall_armyworm/real/fall_armyworm_maize_africa_real_87584891.jpg,maize_africa,1,1,fall_armyworm,fall_armyworm,0.8416993618011475,1,1,1
clean/fall_armyworm/real/fall_armyworm_maize_africa_real_34568929.jpg,maize_africa,1,1,fall_armyworm,fall_armyworm,0.8480559587478638,1,1,1
clean/healthy/real/healthy_maize_desease_v1.1_real_2058.jpg,maize_desease_v1.1,3,3,healthy,healthy,0.8243389129638672,3,3,3
clean/lethal_necrosis/real/lethal_necrosis_multi_desease_real_22993406.jpeg,multi_desease,4,4,lethal_necrosis,lethal_necrosis,0.8422258496284485,4,4,4
clean/healthy/real/healthy_cropdg_real_885.jpg,cropdg,3,3,healthy,healthy,0.8239532113075256,3,3,3
clean/lethal_necrosis/real/lethal_necrosis_maize_africa_real_29585243.jpg,maize_africa,4,4,lethal_necrosis,lethal_necrosis,0.8318567276000977,4,4,4
clean/northern_corn_leaf_blight/real/northern_corn_leaf_blight_maize_africa_real_96220359.jpg,maize_africa,6,6,northern_corn_leaf_blight,northern_corn_leaf_blight,0.8332301378250122,6,6,6
clean/northern_corn_leaf_blight/real/northern_corn_leaf_blight_maize_africa_real_29354791.jpg,maize_africa,6,6,northern_corn_leaf_blight,northern_corn_leaf_blight,0.8385379314422607,6,6,6
clean/northern_corn_leaf_blight/real/northern_corn_leaf_blight_maize_africa_real_97393978.jpg,maize_africa,6,6,northern_corn_leaf_blight,northern_corn_leaf_blight,0.8045824766159058,6,6,6
clean/healthy/real/healthy_maize_desease_v1.1_real_4232.jpg,maize_desease_v1.1,3,3,healthy,healthy,0.8211043477058411,3,3,3
clean/northern_corn_leaf_blight/real/northern_corn_leaf_blight_maize_africa_real_71299721.jpg,maize_africa,6,6,northern_corn_leaf_blight,northern_corn_leaf_blight,0.7751177549362183,6,6,6
clean/northern_corn_leaf_blight/real/northern_corn_leaf_blight_maize_africa_real_76626785.jpg,maize_africa,6,6,northern_corn_leaf_blight,northern_corn_leaf_blight,0.8345311284065247,6,6,6
clean/northern_corn_leaf_blight/real/northern_corn_leaf_blight_maize_africa_real_48805528.jpg,maize_africa,6,6,northern_corn_leaf_blight,northern_corn_leaf_blight,0.833898663520813,6,6,6
clean/healthy/real/healthy_maize_desease_v1.1_real_4141.jpg,maize_desease_v1.1,3,3,healthy,healthy,0.8257184028625488,3,3,3
clean/fall_armyworm/real/fall_armyworm_multi_desease_real_16551855.jpg,multi_desease,1,1,fall_armyworm,fall_armyworm,0.8417820334434509,1,1,1
clean/healthy/real/healthy_maize_desease_v1.1_real_1091.jpg,maize_desease_v1.1,3,3,healthy,healthy,0.8068228363990784,3,3,3
clean/northern_corn_leaf_blight/real/northern_corn_leaf_blight_maize_africa_real_89261506.jpg,maize_africa,6,6,northern_corn_leaf_blight,northern_corn_leaf_blight,0.8364479541778564,6,6,6
clean/lethal_necrosis/real/lethal_necrosis_multi_desease_real_81701237.jpeg,multi_desease,4,4,lethal_necrosis,lethal_necrosis,0.8078308701515198,4,4,4
clean/healthy/real/healthy_maize_desease_v1.1_real_4129.jpg,maize_desease_v1.1,3,3,healthy,healthy,0.8274691700935364,3,3,3
clean/fall_armyworm/real/fall_armyworm_maize_africa_real_53843630.jpg,maize_africa,1,1,fall_armyworm,fall_armyworm,0.853593111038208,1,1,1
clean/nitrogen_deficiency/real/nitrogen_deficiency_corn_leaf_roboflow_real_55341528.jpg,corn_leaf_roboflow,5,5,nitrogen_deficiency,nitrogen_deficiency,0.9047513008117676,5,5,5
clean/healthy/real/healthy_maize_africa_v1.2_real_401.jpg,maize_africa_v1.2,3,3,healthy,healthy,0.8320896029472351,3,3,3
clean/northern_corn_leaf_blight/lab/northern_corn_leaf_blight_cropdg_lab_434.jpg,cropdg,6,6,northern_corn_leaf_blight,northern_corn_leaf_blight,0.8268657922744751,6,6,6
clean/lethal_necrosis/real/lethal_necrosis_maize_africa_real_87548615.jpg,maize_africa,4,4,lethal_necrosis,lethal_necrosis,0.8356204628944397,4,4,4
clean/phosphorus_deficiency/real/phosphorus_deficiency_corn_leaf_roboflow_real_13491593.jpg,corn_leaf_roboflow,7,7,phosphorus_deficiency,phosphorus_deficiency,0.9372345209121704,7,7,7
clean/nitrogen_deficiency/real/nitrogen_deficiency_maize_2_roboflow_real_a580c50f.jpg,maize_2_roboflow,5,5,nitrogen_deficiency,nitrogen_deficiency,0.9620934128761292,5,5,5
clean/healthy/real/healthy_cropdg_real_834.jpg,cropdg,3,3,healthy,healthy,0.8241527080535889,3,3,3
clean/gray_leaf_spot/real/gray_leaf_spot_maize_leaf_roboflow_real_8c870011.jpg,maize_leaf_roboflow,2,2,gray_leaf_spot,gray_leaf_spot,0.9251314997673036,2,2,2
clean/healthy/real/healthy_corn_leaf_roboflow_real_65658773.jpg,corn_leaf_roboflow,3,3,healthy,healthy,0.7625539302825928,3,3,3
clean/northern_corn_leaf_blight/real/northern_corn_leaf_blight_corn_leaf_roboflow_real_47324065.jpg,corn_leaf_roboflow,6,6,northern_corn_leaf_blight,northern_corn_leaf_blight,0.8824154734611511,6,6,6
clean/northern_corn_leaf_blight/lab/northern_corn_leaf_blight_cropdg_lab_569.jpg,cropdg,6,6,northern_corn_leaf_blight,northern_corn_leaf_blight,0.801207423210144,6,6,6
clean/common_rust/lab/common_rust_multi_desease_lab_16546223.jpg,multi_desease,0,0,common_rust,common_rust,0.9056631922721864,0,0,0
clean/lethal_necrosis/real/lethal_necrosis_multi_desease_real_79499985.jpeg,multi_desease,4,4,lethal_necrosis,lethal_necrosis,0.8333215713500977,4,4,4
clean/healthy/real/healthy_maize_africa_v1.2_real_607.jpg,maize_africa_v1.2,3,3,healthy,healthy,0.8209357261657715,3,3,3
clean/northern_corn_leaf_blight/lab/northern_corn_leaf_blight_cropdg_lab_247.jpg,cropdg,6,6,northern_corn_leaf_blight,northern_corn_leaf_blight,0.8269069194793701,6,6,6
clean/lethal_necrosis/real/lethal_necrosis_maize_africa_real_30756979.jpg,maize_africa,4,4,lethal_necrosis,lethal_necrosis,0.8329381942749023,4,4,4
clean/healthy/real/healthy_maize_africa_v1.2_real_792.jpg,maize_africa_v1.2,3,3,healthy,healthy,0.8226976990699768,3,3,3
clean/fall_armyworm/real/fall_armyworm_multi_desease_real_61953929.jpg,multi_desease,1,1,fall_armyworm,fall_armyworm,0.8857119679450989,1,1,1
clean/potassium_deficiency/real/potassium_deficiency_corn_leaf_roboflow_real_58289690.jpg,corn_leaf_roboflow,8,8,potassium_deficiency,potassium_deficiency,0.7680132389068604,8,8,8
clean/gray_leaf_spot/lab/gray_leaf_spot_cropdg_lab_71983348.jpg,cropdg,2,6,gray_leaf_spot,northern_corn_leaf_blight,0.80659419298172,6,6,6
clean/northern_corn_leaf_blight/real/northern_corn_leaf_blight_maize_desease_real_48212542.jpg,maize_desease,6,6,northern_corn_leaf_blight,northern_corn_leaf_blight,0.8206018209457397,6,6,6
clean/fall_armyworm/real/fall_armyworm_maize_africa_real_55500255.jpg,maize_africa,1,1,fall_armyworm,fall_armyworm,0.874677300453186,1,1,1
clean/northern_corn_leaf_blight/real/northern_corn_leaf_blight_maize_desease_real_22018797.jpg,maize_desease,6,6,northern_corn_leaf_blight,northern_corn_leaf_blight,0.8404181003570557,6,6,6
clean/common_rust/lab/common_rust_multi_desease_lab_62072931.jpg,multi_desease,0,0,common_rust,common_rust,0.8979709148406982,0,0,0
clean/healthy/real/healthy_maize_desease_v1.1_real_1808.jpg,maize_desease_v1.1,3,3,healthy,healthy,0.826116681098938,3,3,3
clean/northern_corn_leaf_blight/real/northern_corn_leaf_blight_maize_africa_real_32772706.jpg,maize_africa,6,6,northern_corn_leaf_blight,northern_corn_leaf_blight,0.8315882086753845,6,6,6
clean/lethal_necrosis/real/lethal_necrosis_multi_desease_real_68481738.jpeg,multi_desease,4,4,lethal_necrosis,lethal_necrosis,0.847565770149231,4,4,4
clean/lethal_necrosis/real/lethal_necrosis_multi_desease_real_16637312.jpeg,multi_desease,4,4,lethal_necrosis,lethal_necrosis,0.8384755253791809,4,4,4
clean/lethal_necrosis/real/lethal_necrosis_multi_desease_real_88866330.jpeg,multi_desease,4,4,lethal_necrosis,lethal_necrosis,0.8289244771003723,4,4,4
clean/nitrogen_deficiency/real/nitrogen_deficiency_maize_deficiency_scanner_roboflow_real_5b5f2663.jpg,maize_deficiency_scanner_roboflow,5,5,nitrogen_deficiency,nitrogen_deficiency,0.9566117525100708,5,5,5
clean/phosphorus_deficiency/real/phosphorus_deficiency_corn_leaf_roboflow_real_13899542.jpg,corn_leaf_roboflow,7,7,phosphorus_deficiency,phosphorus_deficiency,0.9339059591293336,7,7,7
clean/fall_armyworm/real/fall_armyworm_corn_leaf_roboflow_real_70359868.jpg,corn_leaf_roboflow,1,1,fall_armyworm,fall_armyworm,0.8473472595214844,1,1,1
clean/lethal_necrosis/real/lethal_necrosis_maize_africa_real_81467458.jpg,maize_africa,4,4,lethal_necrosis,lethal_necrosis,0.8376127481460571,4,4,4
clean/fall_armyworm/real/fall_armyworm_maize_africa_real_89152325.jpg,maize_africa,1,1,fall_armyworm,fall_armyworm,0.8740677833557129,1,1,1
clean/lethal_necrosis/real/lethal_necrosis_maize_africa_real_51863480.jpg,maize_africa,4,4,lethal_necrosis,lethal_necrosis,0.8431690335273743,4,4,4
clean/fall_armyworm/real/fall_armyworm_multi_desease_real_18250422.jpg,multi_desease,1,1,fall_armyworm,fall_armyworm,0.8695595264434814,1,1,1
clean/lethal_necrosis/real/lethal_necrosis_multi_desease_real_66067286.jpeg,multi_desease,4,4,lethal_necrosis,lethal_necrosis,0.8456021547317505,4,4,4
clean/lethal_necrosis/real/lethal_necrosis_maize_africa_real_57341591.jpg,maize_africa,4,4,lethal_necrosis,lethal_necrosis,0.8458872437477112,4,4,4
clean/phosphorus_deficiency/real/phosphorus_deficiency_corn_leaf_roboflow_real_74714259.jpg,corn_leaf_roboflow,7,7,phosphorus_deficiency,phosphorus_deficiency,0.950956165790558,7,7,7
clean/gray_leaf_spot/real/gray_leaf_spot_maize_field_real_19820313.jpg,maize_field,2,2,gray_leaf_spot,gray_leaf_spot,0.7420089244842529,2,2,2
clean/healthy/real/healthy_maize_desease_v1.1_real_4606.jpg,maize_desease_v1.1,3,3,healthy,healthy,0.8121025562286377,3,3,3
clean/fall_armyworm/real/fall_armyworm_maize_africa_real_82657869.jpg,maize_africa,1,1,fall_armyworm,fall_armyworm,0.8669522404670715,1,1,1
clean/lethal_necrosis/real/lethal_necrosis_maize_africa_real_84006388.jpg,maize_africa,4,4,lethal_necrosis,lethal_necrosis,0.8384822607040405,4,4,4
clean/healthy/real/healthy_maize_desease_v1.1_real_226.jpg,maize_desease_v1.1,3,3,healthy,healthy,0.8243883848190308,3,3,3
clean/fall_armyworm/real/fall_armyworm_maize_africa_real_33813007.jpg,maize_africa,1,1,fall_armyworm,fall_armyworm,0.8578123450279236,1,1,1
clean/fall_armyworm/real/fall_armyworm_multi_desease_real_55149259.jpg,multi_desease,1,1,fall_armyworm,fall_armyworm,0.8498005867004395,1,1,1
clean/healthy/real/healthy_maize_desease_v1.1_real_2528.jpg,maize_desease_v1.1,3,3,healthy,healthy,0.8245363235473633,3,3,3
clean/lethal_necrosis/real/lethal_necrosis_maize_africa_real_16466082.jpg,maize_africa,4,4,lethal_necrosis,lethal_necrosis,0.8411502838134766,4,4,4
clean/northern_corn_leaf_blight/real/northern_corn_leaf_blight_maize_desease_real_47286263.jpg,maize_desease,6,6,northern_corn_leaf_blight,northern_corn_leaf_blight,0.8230901956558228,6,6,6
clean/northern_corn_leaf_blight/real/northern_corn_leaf_blight_maize_africa_real_67842921.jpg,maize_africa,6,6,northern_corn_leaf_blight,northern_corn_leaf_blight,0.826000988483429,6,6,6
clean/fall_armyworm/real/fall_armyworm_maize_africa_real_94017714.jpg,maize_africa,1,1,fall_armyworm,fall_armyworm,0.8560784459114075,1,1,1
clean/healthy/real/healthy_maize_desease_v1.1_real_1122.jpg,maize_desease_v1.1,3,3,healthy,healthy,0.8130149245262146,3,3,3
clean/common_rust/real/common_rust_maize_field_real_59657662.jpg,maize_field,0,0,common_rust,common_rust,0.6150778532028198,0,7,0
clean/northern_corn_leaf_blight/real/northern_corn_leaf_blight_maize_africa_real_35259456.jpg,maize_africa,6,6,northern_corn_leaf_blight,northern_corn_leaf_blight,0.8300026059150696,6,6,6
clean/healthy/real/healthy_cropdg_real_238.jpg,cropdg,3,3,healthy,healthy,0.8219798803329468,3,3,3
clean/northern_corn_leaf_blight/real/northern_corn_leaf_blight_corn_leaf_roboflow_real_99731863.jpg,corn_leaf_roboflow,6,6,northern_corn_leaf_blight,northern_corn_leaf_blight,0.8316735029220581,6,6,6
clean/fall_armyworm/real/fall_armyworm_maize_africa_real_60564445.jpg,maize_africa,1,1,fall_armyworm,fall_armyworm,0.8544336557388306,1,1,1
clean/healthy/real/healthy_maize_desease_v1.1_real_2290.jpg,maize_desease_v1.1,3,3,healthy,healthy,0.8186984062194824,3,3,3
clean/healthy/real/healthy_cropdg_real_343.jpg,cropdg,3,3,healthy,healthy,0.8232161998748779,3,3,3
clean/common_rust/lab/common_rust_multi_desease_lab_88585548.jpg,multi_desease,0,0,common_rust,common_rust,0.9075256586074828,0,0,0
clean/lethal_necrosis/real/lethal_necrosis_maize_africa_real_36870390.jpg,maize_africa,4,4,lethal_necrosis,lethal_necrosis,0.8361904621124268,4,4,4
clean/phosphorus_deficiency/real/phosphorus_deficiency_maize_2_roboflow_real_514873eb.jpg,maize_2_roboflow,7,7,phosphorus_deficiency,phosphorus_deficiency,0.9418909549713136,7,7,7
clean/fall_armyworm/real/fall_armyworm_maize_africa_real_64380015.jpg,maize_africa,1,1,fall_armyworm,fall_armyworm,0.860796332359314,1,1,1
clean/healthy/real/healthy_maize_africa_v1.2_real_190.jpg,maize_africa_v1.2,3,3,healthy,healthy,0.810646653175354,3,3,3
clean/phosphorus_deficiency/real/phosphorus_deficiency_maize_2_roboflow_real_74191bde.jpg,maize_2_roboflow,7,7,phosphorus_deficiency,phosphorus_deficiency,0.9241113662719728,7,7,7
clean/gray_leaf_spot/lab/gray_leaf_spot_cropdg_lab_72592810.jpg,cropdg,2,2,gray_leaf_spot,gray_leaf_spot,0.9118613600730896,2,2,2
clean/lethal_necrosis/real/lethal_necrosis_multi_desease_real_90918055.jpeg,multi_desease,4,4,lethal_necrosis,lethal_necrosis,0.8390698432922363,4,4,4
clean/lethal_necrosis/real/lethal_necrosis_multi_desease_real_62886015.jpeg,multi_desease,4,4,lethal_necrosis,lethal_necrosis,0.8426071405410767,4,4,4
clean/fall_armyworm/real/fall_armyworm_corn_leaf_roboflow_real_82652870.jpg,corn_leaf_roboflow,1,1,fall_armyworm,fall_armyworm,0.8553560972213745,1,1,1
clean/nitrogen_deficiency/real/nitrogen_deficiency_maize_2_roboflow_real_c7890d6f.jpg,maize_2_roboflow,5,5,nitrogen_deficiency,nitrogen_deficiency,0.9154294729232788,5,5,5
clean/northern_corn_leaf_blight/real/northern_corn_leaf_blight_maize_desease_real_68900833.jpg,maize_desease,6,6,northern_corn_leaf_blight,northern_corn_leaf_blight,0.593231201171875,2,6,6
clean/fall_armyworm/real/fall_armyworm_corn_leaf_roboflow_real_84899501.jpg,corn_leaf_roboflow,1,1,fall_armyworm,fall_armyworm,0.8538599014282227,1,1,1
clean/northern_corn_leaf_blight/real/northern_corn_leaf_blight_maize_africa_real_77291616.jpg,maize_africa,6,6,northern_corn_leaf_blight,northern_corn_leaf_blight,0.8347204327583313,6,6,6
clean/lethal_necrosis/real/lethal_necrosis_maize_africa_real_36547639.jpg,maize_africa,4,4,lethal_necrosis,lethal_necrosis,0.8345454931259155,4,4,4
clean/healthy/real/healthy_maize_desease_v1.1_real_2622.jpg,maize_desease_v1.1,3,3,healthy,healthy,0.8195526599884033,3,3,3
clean/healthy/real/healthy_maize_desease_v1.1_real_4811.jpg,maize_desease_v1.1,3,3,healthy,healthy,0.819271445274353,3,3,3
clean/lethal_necrosis/real/lethal_necrosis_multi_desease_real_16558207.jpeg,multi_desease,4,4,lethal_necrosis,lethal_necrosis,0.8507738709449768,4,4,4
clean/northern_corn_leaf_blight/real/northern_corn_leaf_blight_maize_africa_real_48334630.jpg,maize_africa,6,6,northern_corn_leaf_blight,northern_corn_leaf_blight,0.8388149738311768,6,6,6
clean/lethal_necrosis/real/lethal_necrosis_maize_africa_real_59762231.jpg,maize_africa,4,4,lethal_necrosis,lethal_necrosis,0.8408243060112,4,4,4
clean/fall_armyworm/real/fall_armyworm_maize_africa_real_70723177.jpg,maize_africa,1,1,fall_armyworm,fall_armyworm,0.8646187782287598,1,1,1
clean/healthy/real/healthy_maize_desease_v1.1_real_4628.jpg,maize_desease_v1.1,3,3,healthy,healthy,0.8237248063087463,3,3,3
clean/gray_leaf_spot/real/gray_leaf_spot_corn_leaf_diseases_classification_roboflow_real_c760ce29.jpg,corn_leaf_diseases_classification_roboflow,2,2,gray_leaf_spot,gray_leaf_spot,0.9188852310180664,2,2,2
clean/common_rust/lab/common_rust_maize_desease_lab_13336594.jpg,maize_desease,0,0,common_rust,common_rust,0.9065356254577636,0,0,0
clean/healthy/real/healthy_maize_desease_v1.1_real_4795.jpg,maize_desease_v1.1,3,3,healthy,healthy,0.8126891255378723,3,3,3
clean/healthy/real/healthy_cropdg_real_604.jpg,cropdg,3,3,healthy,healthy,0.8249832391738892,3,3,3
clean/lethal_necrosis/real/lethal_necrosis_multi_desease_real_45801264.jpeg,multi_desease,4,4,lethal_necrosis,lethal_necrosis,0.8469052314758301,4,4,4
clean/lethal_necrosis/real/lethal_necrosis_multi_desease_real_58304990.jpeg,multi_desease,4,4,lethal_necrosis,lethal_necrosis,0.8400589227676392,4,4,4
clean/healthy/real/healthy_maize_desease_v1.1_real_1522.jpg,maize_desease_v1.1,3,3,healthy,healthy,0.8086113929748535,3,3,3
clean/northern_corn_leaf_blight/real/northern_corn_leaf_blight_maize_africa_real_27528226.jpg,maize_africa,6,6,northern_corn_leaf_blight,northern_corn_leaf_blight,0.8274683356285095,6,6,6
clean/healthy/real/healthy_maize_desease_v1.1_real_4050.jpg,maize_desease_v1.1,3,3,healthy,healthy,0.7964367866516113,3,3,3
clean/gray_leaf_spot/real/gray_leaf_spot_maize_field_real_59551136.jpg,maize_field,2,2,gray_leaf_spot,gray_leaf_spot,0.9073297381401062,2,2,2
clean/fall_armyworm/real/fall_armyworm_multi_desease_real_79532857.jpg,multi_desease,1,1,fall_armyworm,fall_armyworm,0.852903425693512,1,1,1
clean/northern_corn_leaf_blight/real/northern_corn_leaf_blight_maize_desease_real_76267739.jpg,maize_desease,6,6,northern_corn_leaf_blight,northern_corn_leaf_blight,0.8282445669174194,6,6,6
clean/northern_corn_leaf_blight/real/northern_corn_leaf_blight_corn_leaf_roboflow_real_96029857.jpg,corn_leaf_roboflow,6,6,northern_corn_leaf_blight,northern_corn_leaf_blight,0.6532433032989502,1,6,6
clean/phosphorus_deficiency/real/phosphorus_deficiency_corn_leaf_roboflow_real_11771511.jpg,corn_leaf_roboflow,7,7,phosphorus_deficiency,phosphorus_deficiency,0.9439154863357544,7,7,7
clean/northern_corn_leaf_blight/real/northern_corn_leaf_blight_maize_africa_real_53925707.jpg,maize_africa,6,6,northern_corn_leaf_blight,northern_corn_leaf_blight,0.8245593309402466,6,6,6
clean/gray_leaf_spot/real/gray_leaf_spot_maize_leaf_roboflow_real_0fa2f68e.jpg,maize_leaf_roboflow,2,2,gray_leaf_spot,gray_leaf_spot,0.9233912229537964,2,2,2
clean/healthy/real/healthy_maize_africa_v1.2_real_259.jpg,maize_africa_v1.2,3,3,healthy,healthy,0.8310178518295288,3,3,3
clean/northern_corn_leaf_blight/lab/northern_corn_leaf_blight_cropdg_lab_147.jpg,cropdg,6,6,northern_corn_leaf_blight,northern_corn_leaf_blight,0.8188576698303223,6,6,6
clean/northern_corn_leaf_blight/real/northern_corn_leaf_blight_maize_field_real_77052650.jpg,maize_field,6,6,northern_corn_leaf_blight,northern_corn_leaf_blight,0.8345029950141907,6,6,6
clean/gray_leaf_spot/lab/gray_leaf_spot_cropdg_lab_30530275.jpg,cropdg,2,2,gray_leaf_spot,gray_leaf_spot,0.9142022132873536,2,2,2
clean/lethal_necrosis/real/lethal_necrosis_maize_africa_real_93818196.jpg,maize_africa,4,4,lethal_necrosis,lethal_necrosis,0.8396083116531372,4,4,4
clean/potassium_deficiency/real/potassium_deficiency_maize_deficiency_scanner_roboflow_real_ca4cb922.jpg,maize_deficiency_scanner_roboflow,8,8,potassium_deficiency,potassium_deficiency,0.96207857131958,8,8,8
clean/fall_armyworm/real/fall_armyworm_multi_desease_real_78559798.jpg,multi_desease,1,1,fall_armyworm,fall_armyworm,0.8567001223564148,1,1,1
clean/fall_armyworm/real/fall_armyworm_multi_desease_real_10522703.jpg,multi_desease,1,1,fall_armyworm,fall_armyworm,0.8450717926025391,1,1,1
clean/northern_corn_leaf_blight/real/northern_corn_leaf_blight_maize_africa_real_33552286.jpg,maize_africa,6,6,northern_corn_leaf_blight,northern_corn_leaf_blight,0.8312521576881409,6,6,6
clean/northern_corn_leaf_blight/real/northern_corn_leaf_blight_maize_desease_real_95116535.jpg,maize_desease,6,6,northern_corn_leaf_blight,northern_corn_leaf_blight,0.825297474861145,6,6,6
clean/northern_corn_leaf_blight/real/northern_corn_leaf_blight_maize_africa_real_81557703.jpg,maize_africa,6,6,northern_corn_leaf_blight,northern_corn_leaf_blight,0.7655636072158813,6,6,6
clean/healthy/real/healthy_maize_desease_v1.1_real_4576.jpg,maize_desease_v1.1,3,3,healthy,healthy,0.8198559284210205,3,3,3
clean/healthy/real/healthy_maize_desease_v1.1_real_3785.jpg,maize_desease_v1.1,3,3,healthy,healthy,0.8251524567604065,3,3,3
clean/fall_armyworm/real/fall_armyworm_maize_africa_real_78187640.jpg,maize_africa,1,1,fall_armyworm,fall_armyworm,0.8643468618392944,1,1,1
clean/healthy/real/healthy_maize_desease_v1.1_real_1707.jpg,maize_desease_v1.1,3,3,healthy,healthy,0.8252439498901367,3,3,3
clean/northern_corn_leaf_blight/real/northern_corn_leaf_blight_maize_africa_real_44015993.jpg,maize_africa,6,6,northern_corn_leaf_blight,northern_corn_leaf_blight,0.8308882117271423,6,6,6
clean/northern_corn_leaf_blight/real/northern_corn_leaf_blight_corn_leaf_roboflow_real_58904943.jpg,corn_leaf_roboflow,6,6,northern_corn_leaf_blight,northern_corn_leaf_blight,0.6357173919677734,6,6,3
clean/northern_corn_leaf_blight/real/northern_corn_leaf_blight_maize_africa_real_31539616.jpg,maize_africa,6,6,northern_corn_leaf_blight,northern_corn_leaf_blight,0.8288220167160034,6,6,6
clean/lethal_necrosis/real/lethal_necrosis_maize_africa_real_21640116.jpg,maize_africa,4,4,lethal_necrosis,lethal_necrosis,0.8514918088912964,4,4,4
clean/common_rust/lab/common_rust_maize_desease_lab_61292785.jpg,maize_desease,0,0,common_rust,common_rust,0.9064614772796632,0,0,0
clean/lethal_necrosis/real/lethal_necrosis_maize_africa_real_94518017.jpg,maize_africa,4,4,lethal_necrosis,lethal_necrosis,0.8459177017211914,4,4,4
clean/lethal_necrosis/real/lethal_necrosis_multi_desease_real_86625552.jpeg,multi_desease,4,4,lethal_necrosis,lethal_necrosis,0.8445197343826294,4,4,4
clean/northern_corn_leaf_blight/real/northern_corn_leaf_blight_maize_africa_real_99482117.jpg,maize_africa,6,6,northern_corn_leaf_blight,northern_corn_leaf_blight,0.8304055333137512,6,6,6
clean/lethal_necrosis/real/lethal_necrosis_multi_desease_real_54692521.jpeg,multi_desease,4,4,lethal_necrosis,lethal_necrosis,0.8386555910110474,4,4,4
clean/healthy/real/healthy_maize_desease_v1.1_real_4709.jpg,maize_desease_v1.1,3,3,healthy,healthy,0.8267555236816406,3,3,3
clean/common_rust/lab/common_rust_maize_desease_lab_99759726.jpg,maize_desease,0,0,common_rust,common_rust,0.906825840473175,0,0,0
clean/northern_corn_leaf_blight/real/northern_corn_leaf_blight_maize_africa_real_44596819.jpg,maize_africa,6,6,northern_corn_leaf_blight,northern_corn_leaf_blight,0.8236174583435059,6,6,6
clean/lethal_necrosis/real/lethal_necrosis_multi_desease_real_38586463.jpeg,multi_desease,4,4,lethal_necrosis,lethal_necrosis,0.8518539667129517,4,4,4
clean/fall_armyworm/real/fall_armyworm_maize_africa_real_26890322.jpg,maize_africa,1,1,fall_armyworm,fall_armyworm,0.8727263808250427,1,1,1
clean/healthy/real/healthy_maize_desease_v1.1_real_4898.jpg,maize_desease_v1.1,3,3,healthy,healthy,0.8211289644241333,3,3,3
clean/gray_leaf_spot/real/gray_leaf_spot_maize_field_real_36660291.jpg,maize_field,2,2,gray_leaf_spot,gray_leaf_spot,0.8167482614517212,2,2,2
clean/nitrogen_deficiency/real/nitrogen_deficiency_maize_2_roboflow_real_b2ce58b2.jpg,maize_2_roboflow,5,5,nitrogen_deficiency,nitrogen_deficiency,0.9506527185440063,5,5,5
clean/phosphorus_deficiency/real/phosphorus_deficiency_corn_leaf_roboflow_real_27224871.jpg,corn_leaf_roboflow,7,7,phosphorus_deficiency,phosphorus_deficiency,0.9318090677261353,7,7,7
clean/common_rust/lab/common_rust_maize_desease_lab_73668929.jpg,maize_desease,0,0,common_rust,common_rust,0.9039037227630616,0,0,0
clean/fall_armyworm/real/fall_armyworm_maize_africa_real_39840443.jpg,maize_africa,1,1,fall_armyworm,fall_armyworm,0.853997528553009,1,1,1
clean/healthy/real/healthy_maize_desease_v1.1_real_3555.jpg,maize_desease_v1.1,3,3,healthy,healthy,0.8162444829940796,3,3,3
clean/fall_armyworm/real/fall_armyworm_corn_leaf_roboflow_real_28624151.jpg,corn_leaf_roboflow,1,1,fall_armyworm,fall_armyworm,0.867630660533905,1,1,1
clean/healthy/real/healthy_maize_africa_v1_real_96.jpg,maize_africa_v1,3,3,healthy,healthy,0.8077712059020996,3,3,3
clean/common_rust/lab/common_rust_multi_desease_lab_36312533.jpg,multi_desease,0,0,common_rust,common_rust,0.8991429805755615,0,0,0
clean/fall_armyworm/real/fall_armyworm_maize_africa_real_27217235.jpg,maize_africa,1,1,fall_armyworm,fall_armyworm,0.8083915114402771,1,1,1
clean/lethal_necrosis/real/lethal_necrosis_multi_desease_real_96835757.jpeg,multi_desease,4,4,lethal_necrosis,lethal_necrosis,0.8477754592895508,4,4,4
clean/fall_armyworm/real/fall_armyworm_maize_africa_real_18002401.jpg,maize_africa,1,1,fall_armyworm,fall_armyworm,0.8581956028938293,1,1,1
clean/healthy/real/healthy_maize_africa_v1.2_real_1507.jpg,maize_africa_v1.2,3,3,healthy,healthy,0.7962027192115784,3,3,3
clean/common_rust/lab/common_rust_maize_desease_lab_83089230.jpg,maize_desease,0,0,common_rust,common_rust,0.9080114960670472,0,0,0
clean/northern_corn_leaf_blight/real/northern_corn_leaf_blight_maize_africa_real_69766860.jpg,maize_africa,6,6,northern_corn_leaf_blight,northern_corn_leaf_blight,0.8143429160118103,6,6,6
clean/lethal_necrosis/real/lethal_necrosis_maize_africa_real_44207445.jpg,maize_africa,4,4,lethal_necrosis,lethal_necrosis,0.8368762135505676,4,4,4
clean/lethal_necrosis/real/lethal_necrosis_multi_desease_real_28197809.jpeg,multi_desease,4,4,lethal_necrosis,lethal_necrosis,0.8498069643974304,4,4,4
clean/lethal_necrosis/real/lethal_necrosis_multi_desease_real_74520922.jpeg,multi_desease,4,4,lethal_necrosis,lethal_necrosis,0.84398353099823,4,4,4
clean/northern_corn_leaf_blight/real/northern_corn_leaf_blight_maize_field_real_71313355.jpg,maize_field,6,6,northern_corn_leaf_blight,northern_corn_leaf_blight,0.8150900602340698,6,6,6
clean/healthy/real/healthy_cropdg_real_822.jpg,cropdg,3,3,healthy,healthy,0.8169128894805908,3,3,3
clean/potassium_deficiency/real/potassium_deficiency_corn_leaf_roboflow_real_30112004.jpg,corn_leaf_roboflow,8,8,potassium_deficiency,potassium_deficiency,0.949252188205719,8,8,8
clean/gray_leaf_spot/lab/gray_leaf_spot_cropdg_lab_65718218.jpg,cropdg,2,6,gray_leaf_spot,northern_corn_leaf_blight,0.6514429450035095,6,6,6
clean/healthy/real/healthy_maize_africa_v1.2_real_309.jpg,maize_africa_v1.2,3,3,healthy,healthy,0.8181536197662354,3,3,3
clean/healthy/real/healthy_cropdg_real_65.jpg,cropdg,3,3,healthy,healthy,0.8128964900970459,3,3,3
clean/healthy/real/healthy_cropdg_real_1126.jpg,cropdg,3,3,healthy,healthy,0.8078539371490479,3,3,3
clean/lethal_necrosis/real/lethal_necrosis_maize_africa_real_64068580.jpg,maize_africa,4,4,lethal_necrosis,lethal_necrosis,0.8455490469932556,4,4,4
clean/lethal_necrosis/real/lethal_necrosis_maize_africa_real_23151762.jpg,maize_africa,4,4,lethal_necrosis,lethal_necrosis,0.840211033821106,4,4,4
clean/nitrogen_deficiency/real/nitrogen_deficiency_corn_leaf_roboflow_real_99853975.jpg,corn_leaf_roboflow,5,5,nitrogen_deficiency,nitrogen_deficiency,0.9423710703849792,5,5,5
clean/fall_armyworm/real/fall_armyworm_corn_leaf_roboflow_real_75196382.jpg,corn_leaf_roboflow,1,1,fall_armyworm,fall_armyworm,0.8414930701255798,1,1,1
clean/healthy/real/healthy_cropdg_real_162.jpg,cropdg,3,3,healthy,healthy,0.8187581896781921,3,3,3
clean/northern_corn_leaf_blight/real/northern_corn_leaf_blight_maize_africa_real_93333256.jpg,maize_africa,6,6,northern_corn_leaf_blight,northern_corn_leaf_blight,0.8270879983901978,6,6,6
clean/northern_corn_leaf_blight/real/northern_corn_leaf_blight_maize_africa_real_64275708.jpg,maize_africa,6,6,northern_corn_leaf_blight,northern_corn_leaf_blight,0.8256794214248657,6,6,6
clean/gray_leaf_spot/real/gray_leaf_spot_maize_leaf_roboflow_real_cbf3bf30.jpg,maize_leaf_roboflow,2,2,gray_leaf_spot,gray_leaf_spot,0.909473180770874,2,2,2
clean/healthy/real/healthy_maize_desease_v1.1_real_3378.jpg,maize_desease_v1.1,3,3,healthy,healthy,0.8175896406173706,3,3,3
clean/northern_corn_leaf_blight/real/northern_corn_leaf_blight_maize_desease_real_76372437.jpg,maize_desease,6,6,northern_corn_leaf_blight,northern_corn_leaf_blight,0.8347783088684082,6,6,6
clean/lethal_necrosis/real/lethal_necrosis_multi_desease_real_60725877.jpeg,multi_desease,4,4,lethal_necrosis,lethal_necrosis,0.8512911200523376,4,4,4
clean/healthy/real/healthy_maize_desease_v1.1_real_2864.jpg,maize_desease_v1.1,3,3,healthy,healthy,0.7831839323043823,3,3,3
clean/fall_armyworm/real/fall_armyworm_multi_desease_real_10316510.jpg,multi_desease,1,1,fall_armyworm,fall_armyworm,0.874618649482727,1,1,1
clean/healthy/real/healthy_cropdg_real_110.jpg,cropdg,3,3,healthy,healthy,0.8191969394683838,3,3,3
clean/lethal_necrosis/real/lethal_necrosis_maize_africa_real_69215079.jpg,maize_africa,4,4,lethal_necrosis,lethal_necrosis,0.8491554856300354,4,4,4
clean/gray_leaf_spot/real/gray_leaf_spot_corn_leaf_diseases_classification_roboflow_real_84b0f399.jpg,corn_leaf_diseases_classification_roboflow,2,2,gray_leaf_spot,gray_leaf_spot,0.9359961748123168,2,2,2
clean/gray_leaf_spot/real/gray_leaf_spot_maize_field_real_60033027.jpg,maize_field,2,2,gray_leaf_spot,gray_leaf_spot,0.9112865328788756,2,2,2
clean/northern_corn_leaf_blight/real/northern_corn_leaf_blight_maize_africa_real_65976141.jpg,maize_africa,6,6,northern_corn_leaf_blight,northern_corn_leaf_blight,0.8465248942375183,6,6,6
clean/fall_armyworm/real/fall_armyworm_maize_africa_real_93147978.jpg,maize_africa,1,1,fall_armyworm,fall_armyworm,0.874470591545105,1,1,1
clean/nitrogen_deficiency/real/nitrogen_deficiency_maize_deficiency_scanner_roboflow_real_f7f88e43.jpg,maize_deficiency_scanner_roboflow,5,5,nitrogen_deficiency,nitrogen_deficiency,0.5554391741752625,8,5,5
clean/healthy/real/healthy_maize_desease_v1.1_real_3230.jpg,maize_desease_v1.1,3,3,healthy,healthy,0.8284416794776917,3,3,3
clean/common_rust/lab/common_rust_maize_desease_lab_93790750.jpg,maize_desease,0,0,common_rust,common_rust,0.9035123586654664,0,0,0
clean/northern_corn_leaf_blight/real/northern_corn_leaf_blight_maize_africa_real_69475617.jpg,maize_africa,6,6,northern_corn_leaf_blight,northern_corn_leaf_blight,0.8425677418708801,6,6,6
clean/northern_corn_leaf_blight/real/northern_corn_leaf_blight_maize_desease_real_38683210.jpg,maize_desease,6,6,northern_corn_leaf_blight,northern_corn_leaf_blight,0.8466026186943054,6,6,6
clean/healthy/real/healthy_maize_desease_v1.1_real_2097.jpg,maize_desease_v1.1,3,3,healthy,healthy,0.8312301635742188,3,3,3
clean/common_rust/lab/common_rust_multi_desease_lab_49049346.jpg,multi_desease,0,0,common_rust,common_rust,0.914392590522766,0,0,0
clean/gray_leaf_spot/real/gray_leaf_spot_maize_leaf_roboflow_real_a5f63c2e.jpg,maize_leaf_roboflow,2,2,gray_leaf_spot,gray_leaf_spot,0.9220105409622192,2,2,2
clean/common_rust/lab/common_rust_multi_desease_lab_27261070.jpg,multi_desease,0,0,common_rust,common_rust,0.9120160937309264,0,0,0
clean/healthy/real/healthy_cropdg_real_394.jpg,cropdg,3,3,healthy,healthy,0.6242368221282959,3,3,3
clean/healthy/real/healthy_maize_desease_v1.1_real_4824.jpg,maize_desease_v1.1,3,3,healthy,healthy,0.825179934501648,3,3,3
clean/northern_corn_leaf_blight/real/northern_corn_leaf_blight_maize_africa_real_99759467.jpg,maize_africa,6,6,northern_corn_leaf_blight,northern_corn_leaf_blight,0.8398164510726929,6,6,6
clean/lethal_necrosis/real/lethal_necrosis_multi_desease_real_82436034.jpeg,multi_desease,4,4,lethal_necrosis,lethal_necrosis,0.8449730277061462,4,4,4
clean/lethal_necrosis/real/lethal_necrosis_multi_desease_real_60760479.jpeg,multi_desease,4,4,lethal_necrosis,lethal_necrosis,0.8468656539916992,4,4,4
clean/healthy/real/healthy_maize_africa_v1.2_real_505.jpg,maize_africa_v1.2,3,3,healthy,healthy,0.8162710070610046,3,3,3
clean/healthy/real/healthy_maize_desease_v1.1_real_554.jpg,maize_desease_v1.1,3,3,healthy,healthy,0.8111751079559326,3,3,3
clean/northern_corn_leaf_blight/real/northern_corn_leaf_blight_maize_africa_real_94745935.jpg,maize_africa,6,6,northern_corn_leaf_blight,northern_corn_leaf_blight,0.8268886804580688,6,6,6
clean/lethal_necrosis/real/lethal_necrosis_maize_africa_real_62527643.jpg,maize_africa,4,4,lethal_necrosis,lethal_necrosis,0.8468306660652161,4,4,4
clean/phosphorus_deficiency/real/phosphorus_deficiency_maize_2_roboflow_real_f14a10ab.jpg,maize_2_roboflow,7,7,phosphorus_deficiency,phosphorus_deficiency,0.9487005472183228,7,7,7
clean/fall_armyworm/real/fall_armyworm_maize_africa_real_43854722.jpg,maize_africa,1,1,fall_armyworm,fall_armyworm,0.8012650609016418,1,1,1
clean/healthy/real/healthy_maize_africa_v1_real_400.jpg,maize_africa_v1,3,3,healthy,healthy,0.8115377426147461,3,3,3
clean/potassium_deficiency/real/potassium_deficiency_maize_2_roboflow_real_d0ed2c7b.jpg,maize_2_roboflow,8,8,potassium_deficiency,potassium_deficiency,0.959896981716156,8,8,8
clean/lethal_necrosis/real/lethal_necrosis_multi_desease_real_32931661.jpeg,multi_desease,4,4,lethal_necrosis,lethal_necrosis,0.8397974371910095,4,4,4
clean/healthy/real/healthy_maize_africa_v1_real_253.jpg,maize_africa_v1,3,3,healthy,healthy,0.8036925792694092,3,3,3
clean/northern_corn_leaf_blight/lab/northern_corn_leaf_blight_cropdg_lab_244.jpg,cropdg,6,6,northern_corn_leaf_blight,northern_corn_leaf_blight,0.8255587816238403,6,6,6
clean/gray_leaf_spot/lab/gray_leaf_spot_cropdg_lab_49979377.jpg,cropdg,2,2,gray_leaf_spot,gray_leaf_spot,0.7560031414031982,2,2,2
clean/healthy/real/healthy_maize_desease_v1.1_real_126.jpg,maize_desease_v1.1,3,3,healthy,healthy,0.8205001950263977,3,3,3
clean/healthy/real/healthy_corn_leaf_roboflow_real_87822648.jpg,corn_leaf_roboflow,3,3,healthy,healthy,0.8238126039505005,3,3,3
clean/healthy/real/healthy_maize_africa_v1.2_real_248.jpg,maize_africa_v1.2,3,3,healthy,healthy,0.8068229556083679,3,3,3
clean/northern_corn_leaf_blight/real/northern_corn_leaf_blight_maize_africa_real_81126980.jpg,maize_africa,6,6,northern_corn_leaf_blight,northern_corn_leaf_blight,0.8233882188796997,6,6,6
clean/fall_armyworm/real/fall_armyworm_maize_africa_real_29594391.jpg,maize_africa,1,1,fall_armyworm,fall_armyworm,0.8629569411277771,1,1,1
clean/lethal_necrosis/real/lethal_necrosis_multi_desease_real_10837748.jpeg,multi_desease,4,4,lethal_necrosis,lethal_necrosis,0.8492686748504639,4,4,4
clean/healthy/real/healthy_maize_africa_v1_real_252.jpg,maize_africa_v1,3,3,healthy,healthy,0.8181020021438599,3,3,3
clean/phosphorus_deficiency/real/phosphorus_deficiency_maize_deficiency_scanner_roboflow_real_b3ab3cb9.jpg,maize_deficiency_scanner_roboflow,7,7,phosphorus_deficiency,phosphorus_deficiency,0.914358139038086,7,7,7
clean/healthy/real/healthy_maize_africa_v1.2_real_727.jpg,maize_africa_v1.2,3,3,healthy,healthy,0.8284672498703003,3,3,3
clean/lethal_necrosis/real/lethal_necrosis_maize_africa_real_32787210.jpg,maize_africa,4,4,lethal_necrosis,lethal_necrosis,0.8473533391952515,4,4,4
clean/lethal_necrosis/real/lethal_necrosis_multi_desease_real_47613965.jpeg,multi_desease,4,4,lethal_necrosis,lethal_necrosis,0.840385913848877,4,4,4
clean/gray_leaf_spot/lab/gray_leaf_spot_cropdg_lab_41142656.jpg,cropdg,2,2,gray_leaf_spot,gray_leaf_spot,0.5236878395080566,2,6,2
clean/gray_leaf_spot/real/gray_leaf_spot_maize_field_real_38751907.jpg,maize_field,2,2,gray_leaf_spot,gray_leaf_spot,0.9174590706825256,2,2,2
clean/lethal_necrosis/real/lethal_necrosis_multi_desease_real_45707335.jpeg,multi_desease,4,4,lethal_necrosis,lethal_necrosis,0.8466064929962158,4,4,4
clean/lethal_necrosis/real/lethal_necrosis_multi_desease_real_45486467.jpeg,multi_desease,4,4,lethal_necrosis,lethal_necrosis,0.8403306007385254,4,4,4
clean/healthy/real/healthy_maize_desease_v1.1_real_3208.jpg,maize_desease_v1.1,3,3,healthy,healthy,0.8214151263237,3,3,3
clean/healthy/real/healthy_maize_africa_v1.2_real_1599.jpg,maize_africa_v1.2,3,3,healthy,healthy,0.8131358027458191,3,3,3
clean/healthy/real/healthy_cropdg_real_585.jpg,cropdg,3,3,healthy,healthy,0.8240550756454468,3,3,3
clean/healthy/real/healthy_maize_desease_v1.1_real_2835.jpg,maize_desease_v1.1,3,3,healthy,healthy,0.8274321556091309,3,3,3
clean/northern_corn_leaf_blight/real/northern_corn_leaf_blight_maize_africa_real_17980336.jpg,maize_africa,6,6,northern_corn_leaf_blight,northern_corn_leaf_blight,0.8307698965072632,6,6,6
clean/northern_corn_leaf_blight/real/northern_corn_leaf_blight_maize_africa_real_89243952.jpg,maize_africa,6,6,northern_corn_leaf_blight,northern_corn_leaf_blight,0.8294460773468018,6,6,6
clean/healthy/real/healthy_corn_leaf_roboflow_real_62005764.jpg,corn_leaf_roboflow,3,3,healthy,healthy,0.8313132524490356,3,3,3
clean/northern_corn_leaf_blight/real/northern_corn_leaf_blight_maize_africa_real_34845530.jpg,maize_africa,6,6,northern_corn_leaf_blight,northern_corn_leaf_blight,0.821831464767456,6,6,6
clean/healthy/real/healthy_maize_desease_v1.1_real_3099.jpg,maize_desease_v1.1,3,3,healthy,healthy,0.8288478255271912,3,3,3
clean/northern_corn_leaf_blight/real/northern_corn_leaf_blight_maize_africa_real_46707265.jpg,maize_africa,6,6,northern_corn_leaf_blight,northern_corn_leaf_blight,0.8232435584068298,6,6,6
clean/northern_corn_leaf_blight/real/northern_corn_leaf_blight_maize_africa_real_54905759.jpg,maize_africa,6,6,northern_corn_leaf_blight,northern_corn_leaf_blight,0.8303335309028625,6,6,6
clean/lethal_necrosis/real/lethal_necrosis_maize_africa_real_38591052.jpg,maize_africa,4,4,lethal_necrosis,lethal_necrosis,0.8390508890151978,4,4,4
clean/northern_corn_leaf_blight/real/northern_corn_leaf_blight_maize_africa_real_52305872.jpg,maize_africa,6,6,northern_corn_leaf_blight,northern_corn_leaf_blight,0.8289581537246704,6,6,6
clean/lethal_necrosis/real/lethal_necrosis_multi_desease_real_25894723.jpeg,multi_desease,4,4,lethal_necrosis,lethal_necrosis,0.8403867483139038,4,4,4
clean/lethal_necrosis/real/lethal_necrosis_maize_africa_real_59963365.jpg,maize_africa,4,4,lethal_necrosis,lethal_necrosis,0.8550006151199341,4,4,4
clean/northern_corn_leaf_blight/real/northern_corn_leaf_blight_maize_africa_real_21869783.jpg,maize_africa,6,6,northern_corn_leaf_blight,northern_corn_leaf_blight,0.830437421798706,6,6,6
clean/phosphorus_deficiency/real/phosphorus_deficiency_maize_nutrient_real_86832898.jpeg,maize_nutrient,7,7,phosphorus_deficiency,phosphorus_deficiency,0.954708695411682,7,7,7
clean/gray_leaf_spot/lab/gray_leaf_spot_cropdg_lab_57936724.jpg,cropdg,2,2,gray_leaf_spot,gray_leaf_spot,0.9121649861335754,2,2,2
clean/fall_armyworm/real/fall_armyworm_corn_leaf_roboflow_real_82681880.jpg,corn_leaf_roboflow,1,1,fall_armyworm,fall_armyworm,0.8628847599029541,1,1,1
clean/lethal_necrosis/real/lethal_necrosis_maize_africa_real_40574190.jpg,maize_africa,4,4,lethal_necrosis,lethal_necrosis,0.8487898707389832,4,4,4
clean/northern_corn_leaf_blight/real/northern_corn_leaf_blight_maize_desease_real_73202866.jpg,maize_desease,6,6,northern_corn_leaf_blight,northern_corn_leaf_blight,0.8349131345748901,6,6,6
clean/potassium_deficiency/real/potassium_deficiency_corn_leaf_roboflow_real_15006576.jpg,corn_leaf_roboflow,8,8,potassium_deficiency,potassium_deficiency,0.7088762521743774,8,8,5
clean/healthy/real/healthy_maize_desease_v1.1_real_5110.jpg,maize_desease_v1.1,3,3,healthy,healthy,0.8108108639717102,3,3,3
clean/nitrogen_deficiency/real/nitrogen_deficiency_corn_leaf_roboflow_real_28236896.jpg,corn_leaf_roboflow,5,5,nitrogen_deficiency,nitrogen_deficiency,0.6895192861557007,7,5,5
clean/healthy/real/healthy_maize_desease_v1.1_real_638.jpg,maize_desease_v1.1,3,3,healthy,healthy,0.8153562545776367,3,3,3
clean/northern_corn_leaf_blight/real/northern_corn_leaf_blight_maize_desease_real_99288699.jpg,maize_desease,6,6,northern_corn_leaf_blight,northern_corn_leaf_blight,0.8308044672012329,6,6,6
clean/lethal_necrosis/real/lethal_necrosis_multi_desease_real_69060254.jpeg,multi_desease,4,4,lethal_necrosis,lethal_necrosis,0.8459410667419434,4,4,4
clean/fall_armyworm/real/fall_armyworm_multi_desease_real_55164985.jpg,multi_desease,1,1,fall_armyworm,fall_armyworm,0.8947712182998657,1,1,1
clean/lethal_necrosis/real/lethal_necrosis_multi_desease_real_87199268.jpeg,multi_desease,4,4,lethal_necrosis,lethal_necrosis,0.8510991930961609,4,4,4
clean/healthy/real/healthy_maize_desease_v1.1_real_4008.jpg,maize_desease_v1.1,3,3,healthy,healthy,0.8186694383621216,3,3,3
clean/northern_corn_leaf_blight/real/northern_corn_leaf_blight_maize_africa_real_76475722.jpg,maize_africa,6,6,northern_corn_leaf_blight,northern_corn_leaf_blight,0.827479362487793,6,6,6
clean/lethal_necrosis/real/lethal_necrosis_multi_desease_real_42953694.jpeg,multi_desease,4,4,lethal_necrosis,lethal_necrosis,0.8210358619689941,4,4,4
clean/potassium_deficiency/real/potassium_deficiency_maize_deficiency_scanner_roboflow_real_6de0ac48.jpg,maize_deficiency_scanner_roboflow,8,8,potassium_deficiency,potassium_deficiency,0.9728527069091796,8,8,8
clean/northern_corn_leaf_blight/real/northern_corn_leaf_blight_maize_africa_real_81583884.jpg,maize_africa,6,6,northern_corn_leaf_blight,northern_corn_leaf_blight,0.8434171676635742,6,6,6
clean/healthy/real/healthy_maize_desease_v1.1_real_1896.jpg,maize_desease_v1.1,3,3,healthy,healthy,0.8092408180236816,3,3,3
clean/healthy/real/healthy_maize_africa_v1.2_real_194.jpg,maize_africa_v1.2,3,3,healthy,healthy,0.8340303897857666,3,3,3
clean/common_rust/lab/common_rust_maize_desease_lab_47365920.jpg,maize_desease,0,0,common_rust,common_rust,0.9079509973526,0,0,0
clean/northern_corn_leaf_blight/real/northern_corn_leaf_blight_maize_africa_real_84469250.jpg,maize_africa,6,6,northern_corn_leaf_blight,northern_corn_leaf_blight,0.711977481842041,6,6,6
clean/healthy/real/healthy_maize_desease_v1.1_real_544.jpg,maize_desease_v1.1,3,3,healthy,healthy,0.8145177960395813,3,3,3
clean/healthy/real/healthy_maize_africa_v1.2_real_1771.jpg,maize_africa_v1.2,3,3,healthy,healthy,0.8239040970802307,3,3,3
clean/lethal_necrosis/real/lethal_necrosis_maize_africa_real_44334715.jpg,maize_africa,4,4,lethal_necrosis,lethal_necrosis,0.826306939125061,4,4,4
clean/healthy/real/healthy_maize_africa_v1.2_real_420.jpg,maize_africa_v1.2,3,3,healthy,healthy,0.823067307472229,3,3,3
clean/gray_leaf_spot/lab/gray_leaf_spot_cropdg_lab_42701403.jpg,cropdg,2,2,gray_leaf_spot,gray_leaf_spot,0.6528052091598511,2,6,2
clean/healthy/real/healthy_cropdg_real_222.jpg,cropdg,3,3,healthy,healthy,0.8170490264892578,3,3,3
clean/healthy/real/healthy_maize_desease_v1.1_real_713.jpg,maize_desease_v1.1,3,3,healthy,healthy,0.7343248128890991,3,3,3
clean/lethal_necrosis/real/lethal_necrosis_multi_desease_real_89992666.jpeg,multi_desease,4,4,lethal_necrosis,lethal_necrosis,0.8217887878417969,4,4,4
clean/healthy/real/healthy_maize_desease_v1.1_real_4346.jpg,maize_desease_v1.1,3,3,healthy,healthy,0.8111282587051392,3,3,3
clean/northern_corn_leaf_blight/real/northern_corn_leaf_blight_maize_africa_real_25609584.jpg,maize_africa,6,6,northern_corn_leaf_blight,northern_corn_leaf_blight,0.824378252029419,6,6,6
clean/lethal_necrosis/real/lethal_necrosis_multi_desease_real_26371792.jpeg,multi_desease,4,4,lethal_necrosis,lethal_necrosis,0.8526754379272461,4,4,4
clean/fall_armyworm/real/fall_armyworm_maize_africa_real_81588046.jpg,maize_africa,1,1,fall_armyworm,fall_armyworm,0.8508748412132263,1,1,1
clean/northern_corn_leaf_blight/real/northern_corn_leaf_blight_corn_leaf_roboflow_real_74054044.jpg,corn_leaf_roboflow,6,6,northern_corn_leaf_blight,northern_corn_leaf_blight,0.8013643622398376,6,6,6
clean/lethal_necrosis/real/lethal_necrosis_multi_desease_real_12610961.jpeg,multi_desease,4,4,lethal_necrosis,lethal_necrosis,0.8442241549491882,4,4,4
clean/northern_corn_leaf_blight/real/northern_corn_leaf_blight_maize_africa_real_69547567.jpg,maize_africa,6,6,northern_corn_leaf_blight,northern_corn_leaf_blight,0.8413428068161011,6,6,6
clean/gray_leaf_spot/real/gray_leaf_spot_maize_field_real_44372934.jpg,maize_field,2,2,gray_leaf_spot,gray_leaf_spot,0.9086176753044128,2,2,2
clean/northern_corn_leaf_blight/lab/northern_corn_leaf_blight_cropdg_lab_420.jpg,cropdg,6,6,northern_corn_leaf_blight,northern_corn_leaf_blight,0.8149547576904297,6,6,6
clean/fall_armyworm/real/fall_armyworm_maize_africa_real_59989704.jpg,maize_africa,1,1,fall_armyworm,fall_armyworm,0.8648210763931274,1,1,1
clean/northern_corn_leaf_blight/real/northern_corn_leaf_blight_maize_africa_real_64383816.jpg,maize_africa,6,6,northern_corn_leaf_blight,northern_corn_leaf_blight,0.8290680646896362,6,6,6
clean/phosphorus_deficiency/real/phosphorus_deficiency_corn_leaf_roboflow_real_55793492.jpg,corn_leaf_roboflow,7,7,phosphorus_deficiency,phosphorus_deficiency,0.9401844143867492,7,7,7
clean/healthy/real/healthy_maize_desease_v1.1_real_2206.jpg,maize_desease_v1.1,3,3,healthy,healthy,0.8158046007156372,3,3,3
clean/lethal_necrosis/real/lethal_necrosis_multi_desease_real_90141383.jpeg,multi_desease,4,4,lethal_necrosis,lethal_necrosis,0.8515333533287048,4,4,4
clean/healthy/real/healthy_maize_desease_v1.1_real_1777.jpg,maize_desease_v1.1,3,3,healthy,healthy,0.8126355409622192,3,3,3
clean/lethal_necrosis/real/lethal_necrosis_maize_africa_real_72032396.jpg,maize_africa,4,4,lethal_necrosis,lethal_necrosis,0.8335123062133789,4,4,4
clean/healthy/real/healthy_maize_desease_v1.1_real_1124.jpg,maize_desease_v1.1,3,3,healthy,healthy,0.821814775466919,3,3,3
clean/fall_armyworm/real/fall_armyworm_multi_desease_real_87625398.jpg,multi_desease,1,1,fall_armyworm,fall_armyworm,0.8627269864082336,1,1,1
clean/healthy/real/healthy_maize_desease_v1.1_real_2227.jpg,maize_desease_v1.1,3,3,healthy,healthy,0.8164706826210022,3,3,3
clean/lethal_necrosis/real/lethal_necrosis_multi_desease_real_91445279.jpeg,multi_desease,4,4,lethal_necrosis,lethal_necrosis,0.8326538801193237,4,4,4
clean/lethal_necrosis/real/lethal_necrosis_maize_africa_real_72140396.jpg,maize_africa,4,4,lethal_necrosis,lethal_necrosis,0.844666600227356,4,4,4
clean/nitrogen_deficiency/real/nitrogen_deficiency_corn_leaf_roboflow_real_97429523.jpg,corn_leaf_roboflow,5,5,nitrogen_deficiency,nitrogen_deficiency,0.9293034076690674,5,5,5
clean/healthy/real/healthy_maize_desease_v1.1_real_3290.jpg,maize_desease_v1.1,3,3,healthy,healthy,0.7545263171195984,3,3,3
clean/lethal_necrosis/real/lethal_necrosis_multi_desease_real_65082490.jpeg,multi_desease,4,4,lethal_necrosis,lethal_necrosis,0.8399847745895386,4,4,4
clean/northern_corn_leaf_blight/real/northern_corn_leaf_blight_maize_africa_real_47397772.jpg,maize_africa,6,6,northern_corn_leaf_blight,northern_corn_leaf_blight,0.8343844413757324,6,6,6
clean/gray_leaf_spot/real/gray_leaf_spot_maize_leaf_roboflow_real_ecf8234a.jpg,maize_leaf_roboflow,2,2,gray_leaf_spot,gray_leaf_spot,0.9285034537315368,2,2,2
clean/lethal_necrosis/real/lethal_necrosis_maize_africa_real_34065266.jpg,maize_africa,4,4,lethal_necrosis,lethal_necrosis,0.8381482362747192,4,4,4
clean/lethal_necrosis/real/lethal_necrosis_maize_africa_real_78938852.jpg,maize_africa,4,4,lethal_necrosis,lethal_necrosis,0.8431235551834106,4,4,4
clean/northern_corn_leaf_blight/real/northern_corn_leaf_blight_maize_africa_real_47195061.jpg,maize_africa,6,6,northern_corn_leaf_blight,northern_corn_leaf_blight,0.8356730937957764,6,6,6
clean/lethal_necrosis/real/lethal_necrosis_multi_desease_real_87971596.jpeg,multi_desease,4,4,lethal_necrosis,lethal_necrosis,0.8480032682418823,4,4,4
clean/northern_corn_leaf_blight/real/northern_corn_leaf_blight_maize_africa_real_69799404.jpg,maize_africa,6,6,northern_corn_leaf_blight,northern_corn_leaf_blight,0.8205759525299072,6,6,6
clean/lethal_necrosis/real/lethal_necrosis_multi_desease_real_39541462.jpeg,multi_desease,4,4,lethal_necrosis,lethal_necrosis,0.8421816229820251,4,4,4
clean/northern_corn_leaf_blight/real/northern_corn_leaf_blight_maize_desease_real_85888343.jpg,maize_desease,6,6,northern_corn_leaf_blight,northern_corn_leaf_blight,0.8424997925758362,6,6,6
clean/fall_armyworm/real/fall_armyworm_multi_desease_real_99382781.jpg,multi_desease,1,1,fall_armyworm,fall_armyworm,0.8434337973594666,1,1,1
clean/common_rust/lab/common_rust_maize_desease_lab_91228400.jpg,maize_desease,0,0,common_rust,common_rust,0.907821774482727,0,0,0
clean/northern_corn_leaf_blight/real/northern_corn_leaf_blight_maize_africa_real_78457497.jpg,maize_africa,6,6,northern_corn_leaf_blight,northern_corn_leaf_blight,0.8259933590888977,6,6,6
clean/healthy/real/healthy_maize_desease_v1.1_real_3045.jpg,maize_desease_v1.1,3,3,healthy,healthy,0.8275134563446045,3,3,3
clean/lethal_necrosis/real/lethal_necrosis_multi_desease_real_51585617.jpeg,multi_desease,4,4,lethal_necrosis,lethal_necrosis,0.8465558290481567,4,4,4
clean/northern_corn_leaf_blight/lab/northern_corn_leaf_blight_cropdg_lab_598.jpg,cropdg,6,6,northern_corn_leaf_blight,northern_corn_leaf_blight,0.8199776411056519,6,6,6
clean/healthy/real/healthy_maize_desease_v1.1_real_5054.jpg,maize_desease_v1.1,3,3,healthy,healthy,0.8120241165161133,3,3,3
clean/phosphorus_deficiency/real/phosphorus_deficiency_maize_2_roboflow_real_beec328a.jpg,maize_2_roboflow,7,7,phosphorus_deficiency,phosphorus_deficiency,0.9274084568023682,7,7,7
clean/nitrogen_deficiency/real/nitrogen_deficiency_maize_2_roboflow_real_5f016c50.jpg,maize_2_roboflow,5,5,nitrogen_deficiency,nitrogen_deficiency,0.9346036911010742,5,5,5
clean/common_rust/lab/common_rust_multi_desease_lab_95032567.jpg,multi_desease,0,0,common_rust,common_rust,0.8994419574737549,0,0,0
clean/fall_armyworm/real/fall_armyworm_maize_africa_real_86683618.jpg,maize_africa,1,1,fall_armyworm,fall_armyworm,0.85405033826828,1,1,1
clean/fall_armyworm/real/fall_armyworm_multi_desease_real_81728943.jpg,multi_desease,1,1,fall_armyworm,fall_armyworm,0.8545901775360107,1,1,1
clean/fall_armyworm/real/fall_armyworm_corn_leaf_roboflow_real_35827982.jpg,corn_leaf_roboflow,1,1,fall_armyworm,fall_armyworm,0.889426589012146,1,1,1
clean/healthy/real/healthy_maize_africa_v1.2_real_770.jpg,maize_africa_v1.2,3,3,healthy,healthy,0.5202299952507019,3,1,3
clean/gray_leaf_spot/lab/gray_leaf_spot_cropdg_lab_47974022.jpg,cropdg,2,2,gray_leaf_spot,gray_leaf_spot,0.4398689866065979,2,2,6
clean/healthy/real/healthy_maize_desease_v1.1_real_3987.jpg,maize_desease_v1.1,3,3,healthy,healthy,0.8175299167633057,3,3,3
clean/healthy/real/healthy_maize_africa_v1.2_real_1258.jpg,maize_africa_v1.2,3,3,healthy,healthy,0.821708619594574,3,3,3
clean/healthy/real/healthy_cropdg_real_158.jpg,cropdg,3,3,healthy,healthy,0.8176467418670654,3,3,3
clean/northern_corn_leaf_blight/real/northern_corn_leaf_blight_maize_field_real_52496676.jpg,maize_field,6,6,northern_corn_leaf_blight,northern_corn_leaf_blight,0.8183582425117493,6,6,6
clean/healthy/real/healthy_maize_desease_v1.1_real_243.jpg,maize_desease_v1.1,3,3,healthy,healthy,0.825092613697052,3,3,3
clean/fall_armyworm/real/fall_armyworm_maize_africa_real_44787233.jpg,maize_africa,1,1,fall_armyworm,fall_armyworm,0.7927612662315369,1,1,1
clean/fall_armyworm/real/fall_armyworm_maize_africa_real_94014583.jpg,maize_africa,1,1,fall_armyworm,fall_armyworm,0.8359194993972778,1,1,1
clean/lethal_necrosis/real/lethal_necrosis_maize_africa_real_28953526.jpg,maize_africa,4,4,lethal_necrosis,lethal_necrosis,0.8432619571685791,4,4,4
clean/healthy/real/healthy_cropdg_real_475.jpg,cropdg,3,3,healthy,healthy,0.8240840435028076,3,3,3
clean/phosphorus_deficiency/real/phosphorus_deficiency_corn_leaf_roboflow_real_71288001.jpg,corn_leaf_roboflow,7,7,phosphorus_deficiency,phosphorus_deficiency,0.9444729089736938,7,7,7
clean/northern_corn_leaf_blight/real/northern_corn_leaf_blight_maize_africa_real_37558864.jpg,maize_africa,6,6,northern_corn_leaf_blight,northern_corn_leaf_blight,0.8301284909248352,6,6,6
clean/lethal_necrosis/real/lethal_necrosis_maize_africa_real_35023498.jpg,maize_africa,4,4,lethal_necrosis,lethal_necrosis,0.8514131307601929,4,4,4
clean/northern_corn_leaf_blight/real/northern_corn_leaf_blight_maize_africa_real_74669920.jpg,maize_africa,6,6,northern_corn_leaf_blight,northern_corn_leaf_blight,0.84256511926651,6,6,6
clean/fall_armyworm/real/fall_armyworm_corn_leaf_roboflow_real_53424498.jpg,corn_leaf_roboflow,1,1,fall_armyworm,fall_armyworm,0.7898038029670715,1,1,1
clean/lethal_necrosis/real/lethal_necrosis_multi_desease_real_65283749.jpeg,multi_desease,4,4,lethal_necrosis,lethal_necrosis,0.8485286235809326,4,4,4
clean/lethal_necrosis/real/lethal_necrosis_multi_desease_real_73746051.jpeg,multi_desease,4,4,lethal_necrosis,lethal_necrosis,0.8505018949508667,4,4,4
clean/nitrogen_deficiency/real/nitrogen_deficiency_maize_2_roboflow_real_3e089536.jpg,maize_2_roboflow,5,5,nitrogen_deficiency,nitrogen_deficiency,0.8295729160308838,5,5,5
clean/lethal_necrosis/real/lethal_necrosis_multi_desease_real_66954319.jpeg,multi_desease,4,4,lethal_necrosis,lethal_necrosis,0.843037486076355,4,4,4
clean/northern_corn_leaf_blight/real/northern_corn_leaf_blight_maize_africa_real_12997920.jpg,maize_africa,6,6,northern_corn_leaf_blight,northern_corn_leaf_blight,0.8337008953094482,6,6,6
clean/healthy/real/healthy_maize_africa_v1_real_185.jpg,maize_africa_v1,3,3,healthy,healthy,0.8016443252563477,3,3,3
clean/common_rust/lab/common_rust_multi_desease_lab_49487400.jpg,multi_desease,0,0,common_rust,common_rust,0.9095855355262756,0,0,0
clean/lethal_necrosis/real/lethal_necrosis_multi_desease_real_61117914.jpeg,multi_desease,4,4,lethal_necrosis,lethal_necrosis,0.8351176381111145,4,4,4
clean/common_rust/lab/common_rust_maize_desease_lab_26907729.jpg,maize_desease,0,0,common_rust,common_rust,0.9100884199142456,0,0,0
clean/fall_armyworm/real/fall_armyworm_maize_africa_real_34797415.jpg,maize_africa,1,1,fall_armyworm,fall_armyworm,0.8754850625991821,1,1,1
clean/common_rust/lab/common_rust_maize_desease_lab_67986332.jpg,maize_desease,0,0,common_rust,common_rust,0.9061775207519532,0,0,0
clean/lethal_necrosis/real/lethal_necrosis_multi_desease_real_75816137.jpeg,multi_desease,4,4,lethal_necrosis,lethal_necrosis,0.8456879258155823,4,4,4
clean/northern_corn_leaf_blight/real/northern_corn_leaf_blight_maize_desease_real_79776546.jpg,maize_desease,6,3,northern_corn_leaf_blight,healthy,0.5643895864486694,6,3,3
clean/nitrogen_deficiency/real/nitrogen_deficiency_corn_leaf_roboflow_real_24828346.jpg,corn_leaf_roboflow,5,5,nitrogen_deficiency,nitrogen_deficiency,0.9468300342559814,5,5,5
clean/lethal_necrosis/real/lethal_necrosis_maize_africa_real_49084477.jpg,maize_africa,4,4,lethal_necrosis,lethal_necrosis,0.840794563293457,4,4,4
clean/healthy/real/healthy_maize_africa_v1.2_real_240.jpg,maize_africa_v1.2,3,3,healthy,healthy,0.816563069820404,3,3,3
clean/common_rust/lab/common_rust_maize_desease_lab_74896814.jpg,maize_desease,0,0,common_rust,common_rust,0.9060996770858764,0,0,0
clean/fall_armyworm/real/fall_armyworm_maize_africa_real_16807708.jpg,maize_africa,1,1,fall_armyworm,fall_armyworm,0.8507834672927856,1,1,1
clean/healthy/real/healthy_maize_africa_v1.2_real_880.jpg,maize_africa_v1.2,3,3,healthy,healthy,0.7046252489089966,3,3,3
clean/healthy/real/healthy_maize_desease_v1.1_real_2326.jpg,maize_desease_v1.1,3,3,healthy,healthy,0.8266929388046265,3,3,3
clean/northern_corn_leaf_blight/real/northern_corn_leaf_blight_maize_africa_real_27456804.jpg,maize_africa,6,6,northern_corn_leaf_blight,northern_corn_leaf_blight,0.8299286365509033,6,6,6
clean/healthy/real/healthy_maize_desease_v1.1_real_2641.jpg,maize_desease_v1.1,3,3,healthy,healthy,0.81559157371521,3,3,3
clean/fall_armyworm/real/fall_armyworm_maize_africa_real_17203887.jpg,maize_africa,1,1,fall_armyworm,fall_armyworm,0.8523389101028442,1,1,1
clean/lethal_necrosis/real/lethal_necrosis_multi_desease_real_46826711.jpeg,multi_desease,4,4,lethal_necrosis,lethal_necrosis,0.8357627987861633,4,4,4
clean/healthy/real/healthy_maize_desease_v1.1_real_2762.jpg,maize_desease_v1.1,3,3,healthy,healthy,0.8126426935195923,3,3,3
clean/northern_corn_leaf_blight/real/northern_corn_leaf_blight_maize_desease_real_82469816.jpg,maize_desease,6,6,northern_corn_leaf_blight,northern_corn_leaf_blight,0.8117195963859558,6,6,6
clean/northern_corn_leaf_blight/real/northern_corn_leaf_blight_maize_africa_real_64531552.jpg,maize_africa,6,6,northern_corn_leaf_blight,northern_corn_leaf_blight,0.8276004791259766,6,6,6
clean/lethal_necrosis/real/lethal_necrosis_multi_desease_real_46243524.jpeg,multi_desease,4,4,lethal_necrosis,lethal_necrosis,0.8504160642623901,4,4,4
clean/healthy/real/healthy_maize_desease_v1.1_real_3865.jpg,maize_desease_v1.1,3,3,healthy,healthy,0.8186113238334656,3,3,3
clean/fall_armyworm/real/fall_armyworm_maize_africa_real_64839768.jpg,maize_africa,1,1,fall_armyworm,fall_armyworm,0.8122949600219727,1,1,1
clean/nitrogen_deficiency/real/nitrogen_deficiency_corn_leaf_roboflow_real_39826234.jpg,corn_leaf_roboflow,5,5,nitrogen_deficiency,nitrogen_deficiency,0.7509801387786865,8,5,5
clean/northern_corn_leaf_blight/real/northern_corn_leaf_blight_maize_africa_real_98924988.jpg,maize_africa,6,6,northern_corn_leaf_blight,northern_corn_leaf_blight,0.831065833568573,6,6,6
clean/healthy/real/healthy_maize_africa_v1.2_real_1121.jpg,maize_africa_v1.2,3,3,healthy,healthy,0.8125088214874268,3,3,3
clean/fall_armyworm/real/fall_armyworm_multi_desease_real_15084173.jpg,multi_desease,1,1,fall_armyworm,fall_armyworm,0.8562809228897095,1,1,1
clean/northern_corn_leaf_blight/real/northern_corn_leaf_blight_maize_africa_real_89989628.jpg,maize_africa,6,6,northern_corn_leaf_blight,northern_corn_leaf_blight,0.8284515142440796,6,6,6
clean/northern_corn_leaf_blight/real/northern_corn_leaf_blight_maize_africa_real_27929505.jpg,maize_africa,6,6,northern_corn_leaf_blight,northern_corn_leaf_blight,0.8358787298202515,6,6,6
clean/fall_armyworm/real/fall_armyworm_maize_africa_real_90340720.jpg,maize_africa,1,1,fall_armyworm,fall_armyworm,0.8378030061721802,1,1,1
clean/lethal_necrosis/real/lethal_necrosis_maize_africa_real_21318834.jpg,maize_africa,4,4,lethal_necrosis,lethal_necrosis,0.8321689963340759,4,4,4
clean/fall_armyworm/real/fall_armyworm_multi_desease_real_71303749.jpg,multi_desease,1,1,fall_armyworm,fall_armyworm,0.8581174612045288,1,1,1
clean/northern_corn_leaf_blight/real/northern_corn_leaf_blight_maize_africa_real_16174133.jpg,maize_africa,6,6,northern_corn_leaf_blight,northern_corn_leaf_blight,0.8379155397415161,6,6,6
clean/fall_armyworm/real/fall_armyworm_corn_leaf_roboflow_real_83375557.jpg,corn_leaf_roboflow,1,1,fall_armyworm,fall_armyworm,0.8492562770843506,1,1,1
clean/fall_armyworm/real/fall_armyworm_maize_africa_real_28489602.jpg,maize_africa,1,1,fall_armyworm,fall_armyworm,0.8652670383453369,1,1,1
clean/phosphorus_deficiency/real/phosphorus_deficiency_corn_leaf_roboflow_real_93157150.jpg,corn_leaf_roboflow,7,1,phosphorus_deficiency,fall_armyworm,0.3898716866970062,1,1,7
clean/healthy/real/healthy_maize_desease_v1.1_real_3008.jpg,maize_desease_v1.1,3,3,healthy,healthy,0.8131275773048401,3,3,3
clean/potassium_deficiency/real/potassium_deficiency_corn_leaf_roboflow_real_65680720.jpg,corn_leaf_roboflow,8,8,potassium_deficiency,potassium_deficiency,0.9177955389022828,8,8,8
clean/phosphorus_deficiency/real/phosphorus_deficiency_maize_2_roboflow_real_1bf29851.jpg,maize_2_roboflow,7,7,phosphorus_deficiency,phosphorus_deficiency,0.9496454000473022,7,7,7
clean/healthy/real/healthy_maize_desease_v1.1_real_1867.jpg,maize_desease_v1.1,3,3,healthy,healthy,0.8246927261352539,3,3,3
clean/lethal_necrosis/real/lethal_necrosis_maize_africa_real_26677603.jpg,maize_africa,4,4,lethal_necrosis,lethal_necrosis,0.8277215957641602,4,4,4
clean/common_rust/lab/common_rust_maize_desease_lab_91941764.jpg,maize_desease,0,0,common_rust,common_rust,0.9051512479782104,0,0,0
clean/healthy/real/healthy_maize_desease_v1.1_real_3982.jpg,maize_desease_v1.1,3,3,healthy,healthy,0.8239951729774475,3,3,3
clean/lethal_necrosis/real/lethal_necrosis_maize_africa_real_32436522.jpg,maize_africa,4,4,lethal_necrosis,lethal_necrosis,0.8366441130638123,4,4,4
clean/fall_armyworm/real/fall_armyworm_multi_desease_real_70451875.jpg,multi_desease,1,1,fall_armyworm,fall_armyworm,0.8631331324577332,1,1,1
clean/northern_corn_leaf_blight/real/northern_corn_leaf_blight_maize_africa_real_73056726.jpg,maize_africa,6,6,northern_corn_leaf_blight,northern_corn_leaf_blight,0.8264245986938477,6,6,6
clean/northern_corn_leaf_blight/lab/northern_corn_leaf_blight_cropdg_lab_301.jpg,cropdg,6,6,northern_corn_leaf_blight,northern_corn_leaf_blight,0.8237251043319702,6,6,6
clean/northern_corn_leaf_blight/real/northern_corn_leaf_blight_corn_leaf_roboflow_real_19276411.jpg,corn_leaf_roboflow,6,6,northern_corn_leaf_blight,northern_corn_leaf_blight,0.8294413089752197,6,6,6
clean/common_rust/lab/common_rust_maize_desease_lab_38457295.jpg,maize_desease,0,0,common_rust,common_rust,0.906975269317627,0,0,0
clean/northern_corn_leaf_blight/real/northern_corn_leaf_blight_maize_africa_real_55422217.jpg,maize_africa,6,6,northern_corn_leaf_blight,northern_corn_leaf_blight,0.8314052820205688,6,6,6
clean/healthy/real/healthy_maize_desease_v1.1_real_162.jpg,maize_desease_v1.1,3,3,healthy,healthy,0.8239396214485168,3,3,3
clean/lethal_necrosis/real/lethal_necrosis_multi_desease_real_75754021.jpeg,multi_desease,4,4,lethal_necrosis,lethal_necrosis,0.722947895526886,4,4,4
clean/healthy/real/healthy_maize_desease_v1.1_real_2963.jpg,maize_desease_v1.1,3,3,healthy,healthy,0.8213367462158203,3,3,3
clean/healthy/real/healthy_maize_desease_v1.1_real_2195.jpg,maize_desease_v1.1,3,3,healthy,healthy,0.8152604699134827,3,3,3
clean/northern_corn_leaf_blight/real/northern_corn_leaf_blight_maize_desease_real_60349363.jpg,maize_desease,6,6,northern_corn_leaf_blight,northern_corn_leaf_blight,0.840105414390564,6,6,6
clean/common_rust/lab/common_rust_maize_desease_lab_76159299.jpg,maize_desease,0,0,common_rust,common_rust,0.9020236730575562,0,0,0
clean/northern_corn_leaf_blight/real/northern_corn_leaf_blight_maize_desease_real_38334765.jpg,maize_desease,6,6,northern_corn_leaf_blight,northern_corn_leaf_blight,0.83391273021698,6,6,6
clean/phosphorus_deficiency/real/phosphorus_deficiency_corn_leaf_roboflow_real_12655334.jpg,corn_leaf_roboflow,7,7,phosphorus_deficiency,phosphorus_deficiency,0.9373586773872375,7,7,7
clean/northern_corn_leaf_blight/real/northern_corn_leaf_blight_maize_africa_real_70612703.jpg,maize_africa,6,6,northern_corn_leaf_blight,northern_corn_leaf_blight,0.825476884841919,6,6,6
clean/lethal_necrosis/real/lethal_necrosis_multi_desease_real_73465063.jpeg,multi_desease,4,4,lethal_necrosis,lethal_necrosis,0.8436474204063416,4,4,4
clean/northern_corn_leaf_blight/real/northern_corn_leaf_blight_maize_africa_real_13774237.jpg,maize_africa,6,6,northern_corn_leaf_blight,northern_corn_leaf_blight,0.8326021432876587,6,6,6
clean/fall_armyworm/real/fall_armyworm_maize_africa_real_24149823.jpg,maize_africa,1,1,fall_armyworm,fall_armyworm,0.8489006757736206,1,1,1
clean/northern_corn_leaf_blight/real/northern_corn_leaf_blight_maize_desease_real_69586722.jpg,maize_desease,6,6,northern_corn_leaf_blight,northern_corn_leaf_blight,0.8302972316741943,6,6,6
clean/healthy/real/healthy_maize_desease_v1.1_real_925.jpg,maize_desease_v1.1,3,3,healthy,healthy,0.8237514495849609,3,3,3
clean/healthy/real/healthy_maize_desease_v1.1_real_4235.jpg,maize_desease_v1.1,3,3,healthy,healthy,0.8219369649887085,3,3,3
clean/fall_armyworm/real/fall_armyworm_maize_africa_real_15560934.jpg,maize_africa,1,1,fall_armyworm,fall_armyworm,0.8619599342346191,1,1,1
clean/healthy/real/healthy_maize_desease_v1.1_real_973.jpg,maize_desease_v1.1,3,3,healthy,healthy,0.8100691437721252,3,3,3
clean/gray_leaf_spot/lab/gray_leaf_spot_cropdg_lab_91480887.jpg,cropdg,2,6,gray_leaf_spot,northern_corn_leaf_blight,0.6958335638046265,6,6,6
clean/lethal_necrosis/real/lethal_necrosis_multi_desease_real_48647794.jpeg,multi_desease,4,4,lethal_necrosis,lethal_necrosis,0.8437509536743164,4,4,4
clean/healthy/real/healthy_maize_africa_v1.2_real_68.jpg,maize_africa_v1.2,3,3,healthy,healthy,0.8112280368804932,3,3,3
clean/potassium_deficiency/real/potassium_deficiency_corn_leaf_roboflow_real_24502050.jpg,corn_leaf_roboflow,8,5,potassium_deficiency,nitrogen_deficiency,0.9365057945251464,5,5,5
clean/healthy/real/healthy_cropdg_real_49.jpg,cropdg,3,3,healthy,healthy,0.8022462129592896,3,3,3
clean/lethal_necrosis/real/lethal_necrosis_multi_desease_real_28847039.jpeg,multi_desease,4,4,lethal_necrosis,lethal_necrosis,0.8467103838920593,4,4,4
clean/lethal_necrosis/real/lethal_necrosis_maize_africa_real_69326139.jpg,maize_africa,4,4,lethal_necrosis,lethal_necrosis,0.846138060092926,4,4,4
clean/healthy/real/healthy_maize_desease_v1.1_real_5079.jpg,maize_desease_v1.1,3,3,healthy,healthy,0.8199377059936523,3,3,3
clean/fall_armyworm/real/fall_armyworm_maize_africa_real_39424670.jpg,maize_africa,1,1,fall_armyworm,fall_armyworm,0.8598288297653198,1,1,1
clean/healthy/real/healthy_cropdg_real_64.jpg,cropdg,3,3,healthy,healthy,0.8204593658447266,3,3,3
clean/healthy/real/healthy_maize_desease_v1.1_real_4916.jpg,maize_desease_v1.1,3,3,healthy,healthy,0.8206648230552673,3,3,3
clean/northern_corn_leaf_blight/real/northern_corn_leaf_blight_maize_desease_real_93275330.jpg,maize_desease,6,6,northern_corn_leaf_blight,northern_corn_leaf_blight,0.8305738568305969,6,6,6
clean/common_rust/lab/common_rust_maize_desease_lab_45435140.jpg,maize_desease,0,0,common_rust,common_rust,0.9067624807357788,0,0,0
clean/fall_armyworm/real/fall_armyworm_multi_desease_real_77022050.jpg,multi_desease,1,1,fall_armyworm,fall_armyworm,0.8629556894302368,1,1,1
clean/healthy/real/healthy_maize_desease_v1.1_real_2735.jpg,maize_desease_v1.1,3,3,healthy,healthy,0.8203899264335632,3,3,3
clean/healthy/real/healthy_maize_africa_v1.2_real_1724.jpg,maize_africa_v1.2,3,3,healthy,healthy,0.7905240654945374,3,3,3
clean/nitrogen_deficiency/real/nitrogen_deficiency_maize_deficiency_scanner_roboflow_real_37ab67e2.jpg,maize_deficiency_scanner_roboflow,5,5,nitrogen_deficiency,nitrogen_deficiency,0.9488112330436708,5,5,5
clean/northern_corn_leaf_blight/real/northern_corn_leaf_blight_maize_africa_real_75340438.jpg,maize_africa,6,6,northern_corn_leaf_blight,northern_corn_leaf_blight,0.8454242944717407,6,6,6
clean/common_rust/lab/common_rust_multi_desease_lab_95885988.jpg,multi_desease,0,0,common_rust,common_rust,0.9129154682159424,0,0,0
clean/healthy/real/healthy_cropdg_real_832.jpg,cropdg,3,3,healthy,healthy,0.8196791410446167,3,3,3
clean/healthy/real/healthy_maize_desease_v1.1_real_2665.jpg,maize_desease_v1.1,3,3,healthy,healthy,0.8158234357833862,3,3,3
clean/gray_leaf_spot/real/gray_leaf_spot_maize_field_real_25076695.jpg,maize_field,2,2,gray_leaf_spot,gray_leaf_spot,0.9141240119934082,2,2,2
clean/lethal_necrosis/real/lethal_necrosis_multi_desease_real_33323424.jpeg,multi_desease,4,4,lethal_necrosis,lethal_necrosis,0.838976263999939,4,4,4
clean/northern_corn_leaf_blight/real/northern_corn_leaf_blight_maize_africa_real_39292027.jpg,maize_africa,6,6,northern_corn_leaf_blight,northern_corn_leaf_blight,0.8399882316589355,6,6,6
clean/healthy/real/healthy_maize_desease_v1.1_real_4647.jpg,maize_desease_v1.1,3,3,healthy,healthy,0.8143035173416138,3,3,3
clean/gray_leaf_spot/lab/gray_leaf_spot_cropdg_lab_50967144.jpg,cropdg,2,6,gray_leaf_spot,northern_corn_leaf_blight,0.5576146841049194,2,6,6
clean/lethal_necrosis/real/lethal_necrosis_multi_desease_real_53423988.jpeg,multi_desease,4,4,lethal_necrosis,lethal_necrosis,0.8408663272857666,4,4,4
clean/phosphorus_deficiency/real/phosphorus_deficiency_corn_leaf_roboflow_real_17851716.jpg,corn_leaf_roboflow,7,7,phosphorus_deficiency,phosphorus_deficiency,0.9304921627044678,7,7,7
clean/lethal_necrosis/real/lethal_necrosis_maize_africa_real_42942799.jpg,maize_africa,4,4,lethal_necrosis,lethal_necrosis,0.8385730981826782,4,4,4
clean/gray_leaf_spot/real/gray_leaf_spot_maize_field_real_69540389.jpg,maize_field,2,6,gray_leaf_spot,northern_corn_leaf_blight,0.7630396485328674,6,6,6
clean/fall_armyworm/real/fall_armyworm_multi_desease_real_94227280.jpg,multi_desease,1,1,fall_armyworm,fall_armyworm,0.8617448806762695,1,1,1
clean/gray_leaf_spot/lab/gray_leaf_spot_cropdg_lab_26799358.jpg,cropdg,2,2,gray_leaf_spot,gray_leaf_spot,0.9162063598632812,2,2,2
clean/healthy/real/healthy_corn_leaf_roboflow_real_71053219.jpg,corn_leaf_roboflow,3,3,healthy,healthy,0.8126307725906372,3,3,3
clean/healthy/real/healthy_maize_desease_v1.1_real_128.jpg,maize_desease_v1.1,3,3,healthy,healthy,0.7963557839393616,3,3,3
clean/fall_armyworm/real/fall_armyworm_corn_leaf_roboflow_real_23223938.jpg,corn_leaf_roboflow,1,1,fall_armyworm,fall_armyworm,0.8599953651428223,1,1,1
clean/gray_leaf_spot/real/gray_leaf_spot_maize_field_real_50337175.jpg,maize_field,2,2,gray_leaf_spot,gray_leaf_spot,0.9081315398216248,2,2,2
clean/northern_corn_leaf_blight/real/northern_corn_leaf_blight_maize_africa_real_68597156.jpg,maize_africa,6,6,northern_corn_leaf_blight,northern_corn_leaf_blight,0.8277339935302734,6,6,6
clean/nitrogen_deficiency/real/nitrogen_deficiency_maize_2_roboflow_real_0ed31319.jpg,maize_2_roboflow,5,5,nitrogen_deficiency,nitrogen_deficiency,0.9225932359695436,5,5,5
clean/lethal_necrosis/real/lethal_necrosis_multi_desease_real_87819569.jpeg,multi_desease,4,4,lethal_necrosis,lethal_necrosis,0.8429895043373108,4,4,4
clean/healthy/real/healthy_maize_desease_v1.1_real_5292.jpg,maize_desease_v1.1,3,3,healthy,healthy,0.8196811676025391,3,3,3
clean/common_rust/lab/common_rust_maize_desease_lab_85939866.jpg,maize_desease,0,0,common_rust,common_rust,0.9018971920013428,0,0,0
clean/lethal_necrosis/real/lethal_necrosis_multi_desease_real_55910802.jpeg,multi_desease,4,4,lethal_necrosis,lethal_necrosis,0.8135583400726318,4,4,4
clean/healthy/real/healthy_maize_desease_v1.1_real_3817.jpg,maize_desease_v1.1,3,3,healthy,healthy,0.8239800930023193,3,3,3
clean/healthy/real/healthy_maize_africa_v1.2_real_563.jpg,maize_africa_v1.2,3,3,healthy,healthy,0.817314624786377,3,3,3
clean/healthy/real/healthy_maize_africa_v1.2_real_1700.jpg,maize_africa_v1.2,3,3,healthy,healthy,0.8190809488296509,3,3,3
clean/northern_corn_leaf_blight/real/northern_corn_leaf_blight_maize_africa_real_16552485.jpg,maize_africa,6,6,northern_corn_leaf_blight,northern_corn_leaf_blight,0.8104347586631775,6,6,6
clean/northern_corn_leaf_blight/real/northern_corn_leaf_blight_maize_africa_real_58295224.jpg,maize_africa,6,6,northern_corn_leaf_blight,northern_corn_leaf_blight,0.8257001042366028,6,6,6
clean/northern_corn_leaf_blight/real/northern_corn_leaf_blight_maize_africa_real_13072538.jpg,maize_africa,6,6,northern_corn_leaf_blight,northern_corn_leaf_blight,0.8363620042800903,6,6,6
clean/healthy/real/healthy_maize_desease_v1.1_real_98.jpg,maize_desease_v1.1,3,3,healthy,healthy,0.8053146600723267,3,3,3
clean/healthy/real/healthy_maize_desease_v1.1_real_2084.jpg,maize_desease_v1.1,3,3,healthy,healthy,0.8167397975921631,3,3,3
clean/healthy/real/healthy_maize_desease_v1.1_real_2141.jpg,maize_desease_v1.1,3,3,healthy,healthy,0.8199947476387024,3,3,3
clean/common_rust/lab/common_rust_multi_desease_lab_23148797.jpg,multi_desease,0,0,common_rust,common_rust,0.9053022861480712,0,0,0
clean/healthy/real/healthy_maize_desease_v1.1_real_3979.jpg,maize_desease_v1.1,3,3,healthy,healthy,0.790131688117981,3,3,3
clean/fall_armyworm/real/fall_armyworm_multi_desease_real_20546907.jpg,multi_desease,1,1,fall_armyworm,fall_armyworm,0.8545295000076294,1,1,1
clean/lethal_necrosis/real/lethal_necrosis_maize_africa_real_30639600.jpg,maize_africa,4,4,lethal_necrosis,lethal_necrosis,0.8454099297523499,4,4,4
clean/common_rust/lab/common_rust_maize_desease_lab_71307074.jpg,maize_desease,0,0,common_rust,common_rust,0.9080744981765748,0,0,0
clean/lethal_necrosis/real/lethal_necrosis_maize_africa_real_92776055.jpg,maize_africa,4,4,lethal_necrosis,lethal_necrosis,0.8308910131454468,4,4,4
clean/phosphorus_deficiency/real/phosphorus_deficiency_corn_leaf_roboflow_real_16734192.jpg,corn_leaf_roboflow,7,7,phosphorus_deficiency,phosphorus_deficiency,0.9280364513397216,7,7,7
clean/northern_corn_leaf_blight/lab/northern_corn_leaf_blight_cropdg_lab_832.jpg,cropdg,6,6,northern_corn_leaf_blight,northern_corn_leaf_blight,0.8202718496322632,6,6,6
clean/healthy/real/healthy_maize_desease_v1.1_real_398.jpg,maize_desease_v1.1,3,3,healthy,healthy,0.8131242990493774,3,3,3
clean/lethal_necrosis/real/lethal_necrosis_multi_desease_real_30550038.jpeg,multi_desease,4,4,lethal_necrosis,lethal_necrosis,0.8393800854682922,4,4,4
clean/gray_leaf_spot/real/gray_leaf_spot_maize_field_real_21104356.jpg,maize_field,2,6,gray_leaf_spot,northern_corn_leaf_blight,0.2738640904426574,3,6,3
clean/fall_armyworm/real/fall_armyworm_maize_africa_real_46125809.jpg,maize_africa,1,1,fall_armyworm,fall_armyworm,0.850379228591919,1,1,1
clean/lethal_necrosis/real/lethal_necrosis_multi_desease_real_93887172.jpeg,multi_desease,4,4,lethal_necrosis,lethal_necrosis,0.8416198492050171,4,4,4
clean/nitrogen_deficiency/real/nitrogen_deficiency_maize_nutrient_real_77676683.jpeg,maize_nutrient,5,5,nitrogen_deficiency,nitrogen_deficiency,0.9207348823547364,5,5,5
clean/healthy/real/healthy_corn_leaf_roboflow_real_20396043.jpg,corn_leaf_roboflow,3,3,healthy,healthy,0.68291175365448,3,3,3
clean/common_rust/lab/common_rust_multi_desease_lab_87325883.jpg,multi_desease,0,0,common_rust,common_rust,0.9175407886505128,0,0,0
clean/lethal_necrosis/real/lethal_necrosis_maize_africa_real_85954071.jpg,maize_africa,4,4,lethal_necrosis,lethal_necrosis,0.8327476382255554,4,4,4
clean/common_rust/lab/common_rust_maize_desease_lab_84245807.jpg,maize_desease,0,0,common_rust,common_rust,0.9046072959899902,0,0,0
clean/gray_leaf_spot/real/gray_leaf_spot_maize_field_real_34371410.jpg,maize_field,2,2,gray_leaf_spot,gray_leaf_spot,0.7074201107025146,2,2,2
clean/northern_corn_leaf_blight/real/northern_corn_leaf_blight_maize_desease_real_62034424.jpg,maize_desease,6,6,northern_corn_leaf_blight,northern_corn_leaf_blight,0.8387290239334106,6,6,6
clean/lethal_necrosis/real/lethal_necrosis_maize_africa_real_98495696.jpg,maize_africa,4,4,lethal_necrosis,lethal_necrosis,0.8422281742095947,4,4,4
clean/healthy/real/healthy_corn_leaf_roboflow_real_85077326.jpg,corn_leaf_roboflow,3,1,healthy,fall_armyworm,0.4859668612480163,3,1,7
clean/healthy/real/healthy_maize_desease_v1.1_real_3036.jpg,maize_desease_v1.1,3,3,healthy,healthy,0.8123557567596436,3,3,3
clean/healthy/real/healthy_maize_desease_v1.1_real_1285.jpg,maize_desease_v1.1,3,3,healthy,healthy,0.8137524724006653,3,3,3
clean/healthy/real/healthy_maize_desease_v1.1_real_3932.jpg,maize_desease_v1.1,3,3,healthy,healthy,0.8279715776443481,3,3,3
clean/northern_corn_leaf_blight/real/northern_corn_leaf_blight_maize_africa_real_48815689.jpg,maize_africa,6,6,northern_corn_leaf_blight,northern_corn_leaf_blight,0.8306400775909424,6,6,6
clean/fall_armyworm/real/fall_armyworm_corn_leaf_roboflow_real_48607079.jpg,corn_leaf_roboflow,1,1,fall_armyworm,fall_armyworm,0.85066819190979,1,1,1
clean/healthy/real/healthy_maize_africa_v1_real_381.jpg,maize_africa_v1,3,3,healthy,healthy,0.8136965036392212,3,3,3
clean/lethal_necrosis/real/lethal_necrosis_multi_desease_real_93111946.jpeg,multi_desease,4,4,lethal_necrosis,lethal_necrosis,0.7190178632736206,4,4,4
clean/healthy/real/healthy_maize_africa_v1.2_real_1234.jpg,maize_africa_v1.2,3,3,healthy,healthy,0.8133853077888489,3,3,3
clean/phosphorus_deficiency/real/phosphorus_deficiency_maize_2_roboflow_real_3cddd86b.jpg,maize_2_roboflow,7,7,phosphorus_deficiency,phosphorus_deficiency,0.9027271270751952,7,7,7
clean/fall_armyworm/real/fall_armyworm_corn_leaf_roboflow_real_54002467.jpg,corn_leaf_roboflow,1,1,fall_armyworm,fall_armyworm,0.832709550857544,1,1,1
clean/phosphorus_deficiency/real/phosphorus_deficiency_maize_2_roboflow_real_29097ee8.jpg,maize_2_roboflow,7,7,phosphorus_deficiency,phosphorus_deficiency,0.9397945404052734,7,7,7
clean/northern_corn_leaf_blight/lab/northern_corn_leaf_blight_cropdg_lab_693.jpg,cropdg,6,6,northern_corn_leaf_blight,northern_corn_leaf_blight,0.8433919548988342,6,6,6
clean/lethal_necrosis/real/lethal_necrosis_multi_desease_real_26380715.jpeg,multi_desease,4,4,lethal_necrosis,lethal_necrosis,0.8439059853553772,4,4,4
clean/healthy/real/healthy_maize_africa_v1.2_real_1125.jpg,maize_africa_v1.2,3,3,healthy,healthy,0.8131685853004456,3,3,3
clean/healthy/real/healthy_cropdg_real_1025.jpg,cropdg,3,3,healthy,healthy,0.8275676965713501,3,3,3
clean/lethal_necrosis/real/lethal_necrosis_maize_africa_real_97314622.jpg,maize_africa,4,4,lethal_necrosis,lethal_necrosis,0.8453630805015564,4,4,4
clean/gray_leaf_spot/real/gray_leaf_spot_maize_field_real_52102699.jpg,maize_field,2,2,gray_leaf_spot,gray_leaf_spot,0.9156506061553956,2,2,2
clean/gray_leaf_spot/real/gray_leaf_spot_maize_field_real_84301928.jpg,maize_field,2,2,gray_leaf_spot,gray_leaf_spot,0.9222047328948976,2,2,2
clean/northern_corn_leaf_blight/real/northern_corn_leaf_blight_maize_desease_real_28407970.jpg,maize_desease,6,6,northern_corn_leaf_blight,northern_corn_leaf_blight,0.8374825119972229,6,6,6
clean/lethal_necrosis/real/lethal_necrosis_multi_desease_real_53832180.jpeg,multi_desease,4,4,lethal_necrosis,lethal_necrosis,0.8356623649597168,4,4,4
clean/healthy/real/healthy_maize_desease_v1.1_real_2346.jpg,maize_desease_v1.1,3,3,healthy,healthy,0.8224790096282959,3,3,3
clean/common_rust/lab/common_rust_multi_desease_lab_93988621.jpg,multi_desease,0,0,common_rust,common_rust,0.9039364457130432,0,0,0
clean/fall_armyworm/real/fall_armyworm_maize_africa_real_28762595.jpg,maize_africa,1,1,fall_armyworm,fall_armyworm,0.83973628282547,1,1,1
clean/healthy/real/healthy_maize_africa_v1.2_real_158.jpg,maize_africa_v1.2,3,3,healthy,healthy,0.82557213306427,3,3,3
clean/healthy/real/healthy_maize_desease_v1.1_real_3120.jpg,maize_desease_v1.1,3,3,healthy,healthy,0.8249770998954773,3,3,3
clean/nitrogen_deficiency/real/nitrogen_deficiency_corn_leaf_roboflow_real_95534025.jpg,corn_leaf_roboflow,5,5,nitrogen_deficiency,nitrogen_deficiency,0.9511761665344238,5,5,5
clean/healthy/real/healthy_cropdg_real_1160.jpg,cropdg,3,3,healthy,healthy,0.8236908912658691,3,3,3
clean/healthy/real/healthy_maize_desease_v1.1_real_3053.jpg,maize_desease_v1.1,3,3,healthy,healthy,0.8223960399627686,3,3,3
clean/phosphorus_deficiency/real/phosphorus_deficiency_maize_2_roboflow_real_3e51c346.jpg,maize_2_roboflow,7,7,phosphorus_deficiency,phosphorus_deficiency,0.9525370597839355,7,7,7
clean/northern_corn_leaf_blight/real/northern_corn_leaf_blight_maize_africa_real_58556899.jpg,maize_africa,6,6,northern_corn_leaf_blight,northern_corn_leaf_blight,0.8269055485725403,6,6,6
clean/northern_corn_leaf_blight/real/northern_corn_leaf_blight_maize_africa_real_29072941.jpg,maize_africa,6,6,northern_corn_leaf_blight,northern_corn_leaf_blight,0.8274520635604858,6,6,6
clean/northern_corn_leaf_blight/real/northern_corn_leaf_blight_maize_africa_real_51993480.jpg,maize_africa,6,6,northern_corn_leaf_blight,northern_corn_leaf_blight,0.8160642385482788,6,6,6
clean/phosphorus_deficiency/real/phosphorus_deficiency_corn_leaf_roboflow_real_47168229.jpg,corn_leaf_roboflow,7,7,phosphorus_deficiency,phosphorus_deficiency,0.924760639667511,7,7,7
clean/northern_corn_leaf_blight/real/northern_corn_leaf_blight_maize_africa_real_38367652.jpg,maize_africa,6,6,northern_corn_leaf_blight,northern_corn_leaf_blight,0.8412722945213318,6,6,6
clean/northern_corn_leaf_blight/real/northern_corn_leaf_blight_corn_leaf_roboflow_real_37959360.jpg,corn_leaf_roboflow,6,6,northern_corn_leaf_blight,northern_corn_leaf_blight,0.6413213610649109,6,6,6
clean/healthy/real/healthy_maize_desease_v1.1_real_464.jpg,maize_desease_v1.1,3,3,healthy,healthy,0.8190804719924927,3,3,3
clean/northern_corn_leaf_blight/real/northern_corn_leaf_blight_maize_africa_real_86520317.jpg,maize_africa,6,6,northern_corn_leaf_blight,northern_corn_leaf_blight,0.8315906524658203,6,6,6
clean/gray_leaf_spot/lab/gray_leaf_spot_cropdg_lab_80120632.jpg,cropdg,2,6,gray_leaf_spot,northern_corn_leaf_blight,0.8151530623435974,6,6,6
clean/fall_armyworm/real/fall_armyworm_corn_leaf_roboflow_real_58708531.jpg,corn_leaf_roboflow,1,1,fall_armyworm,fall_armyworm,0.8603358864784241,1,1,1
clean/fall_armyworm/real/fall_armyworm_multi_desease_real_51484625.jpg,multi_desease,1,1,fall_armyworm,fall_armyworm,0.8607369661331177,1,1,1
clean/fall_armyworm/real/fall_armyworm_corn_leaf_roboflow_real_40750910.jpg,corn_leaf_roboflow,1,1,fall_armyworm,fall_armyworm,0.81993168592453,1,1,1
clean/gray_leaf_spot/lab/gray_leaf_spot_cropdg_lab_68684767.jpg,cropdg,2,2,gray_leaf_spot,gray_leaf_spot,0.8979361057281494,2,2,2
clean/healthy/real/healthy_corn_leaf_roboflow_real_35976775.jpg,corn_leaf_roboflow,3,3,healthy,healthy,0.8126091361045837,3,3,3
clean/lethal_necrosis/real/lethal_necrosis_maize_africa_real_40995478.jpg,maize_africa,4,4,lethal_necrosis,lethal_necrosis,0.8438050150871277,4,4,4
clean/northern_corn_leaf_blight/real/northern_corn_leaf_blight_maize_africa_real_93924586.jpg,maize_africa,6,6,northern_corn_leaf_blight,northern_corn_leaf_blight,0.8163283467292786,6,6,6
clean/healthy/real/healthy_maize_africa_v1.2_real_1221.jpg,maize_africa_v1.2,3,3,healthy,healthy,0.8176435232162476,3,3,3
clean/fall_armyworm/real/fall_armyworm_maize_africa_real_48324100.jpg,maize_africa,1,1,fall_armyworm,fall_armyworm,0.8589112758636475,1,1,1
clean/common_rust/lab/common_rust_multi_desease_lab_65824072.jpg,multi_desease,0,0,common_rust,common_rust,0.9020878076553344,0,0,0
clean/gray_leaf_spot/lab/gray_leaf_spot_cropdg_lab_53170720.jpg,cropdg,2,2,gray_leaf_spot,gray_leaf_spot,0.5012354850769043,2,6,2
clean/healthy/real/healthy_maize_desease_v1.1_real_3827.jpg,maize_desease_v1.1,3,3,healthy,healthy,0.8145772218704224,3,3,3
clean/fall_armyworm/real/fall_armyworm_multi_desease_real_37004515.jpg,multi_desease,1,1,fall_armyworm,fall_armyworm,0.8637458086013794,1,1,1
clean/fall_armyworm/real/fall_armyworm_maize_africa_real_18942420.jpg,maize_africa,1,1,fall_armyworm,fall_armyworm,0.8622390031814575,1,1,1
clean/healthy/real/healthy_cropdg_real_404.jpg,cropdg,3,3,healthy,healthy,0.826086163520813,3,3,3
clean/lethal_necrosis/real/lethal_necrosis_multi_desease_real_10122003.jpeg,multi_desease,4,4,lethal_necrosis,lethal_necrosis,0.8453850746154785,4,4,4
clean/fall_armyworm/real/fall_armyworm_maize_africa_real_42510869.jpg,maize_africa,1,1,fall_armyworm,fall_armyworm,0.8526329398155212,1,1,1
clean/common_rust/lab/common_rust_multi_desease_lab_27298755.jpg,multi_desease,0,0,common_rust,common_rust,0.9062286019325256,0,0,0
clean/common_rust/lab/common_rust_maize_desease_lab_97135147.jpg,maize_desease,0,0,common_rust,common_rust,0.8957651257514954,0,0,0
clean/gray_leaf_spot/real/gray_leaf_spot_corn_leaf_diseases_classification_roboflow_real_c3282cee.jpg,corn_leaf_diseases_classification_roboflow,2,2,gray_leaf_spot,gray_leaf_spot,0.927499771118164,2,2,2
clean/fall_armyworm/real/fall_armyworm_multi_desease_real_31702960.jpg,multi_desease,1,1,fall_armyworm,fall_armyworm,0.8539745807647705,1,1,1
clean/northern_corn_leaf_blight/real/northern_corn_leaf_blight_maize_africa_real_22251080.jpg,maize_africa,6,6,northern_corn_leaf_blight,northern_corn_leaf_blight,0.8466576337814331,6,6,6
clean/lethal_necrosis/real/lethal_necrosis_maize_africa_real_10081714.jpg,maize_africa,4,4,lethal_necrosis,lethal_necrosis,0.8471385836601257,4,4,4
clean/fall_armyworm/real/fall_armyworm_maize_africa_real_94533014.jpg,maize_africa,1,1,fall_armyworm,fall_armyworm,0.8647995591163635,1,1,1
clean/northern_corn_leaf_blight/real/northern_corn_leaf_blight_maize_africa_real_33979227.jpg,maize_africa,6,6,northern_corn_leaf_blight,northern_corn_leaf_blight,0.769282341003418,6,6,6
clean/fall_armyworm/real/fall_armyworm_maize_africa_real_43060556.jpg,maize_africa,1,1,fall_armyworm,fall_armyworm,0.8614782691001892,1,1,1
clean/northern_corn_leaf_blight/real/northern_corn_leaf_blight_maize_africa_real_48408831.jpg,maize_africa,6,6,northern_corn_leaf_blight,northern_corn_leaf_blight,0.82993483543396,6,6,6
clean/phosphorus_deficiency/real/phosphorus_deficiency_maize_nutrient_real_11115096.jpeg,maize_nutrient,7,7,phosphorus_deficiency,phosphorus_deficiency,0.9553645253181458,7,7,7
clean/lethal_necrosis/real/lethal_necrosis_maize_africa_real_65402295.jpg,maize_africa,4,4,lethal_necrosis,lethal_necrosis,0.8419910073280334,4,4,4
clean/northern_corn_leaf_blight/real/northern_corn_leaf_blight_maize_africa_real_71272303.jpg,maize_africa,6,6,northern_corn_leaf_blight,northern_corn_leaf_blight,0.8403390645980835,6,6,6
clean/healthy/real/healthy_maize_desease_v1.1_real_2822.jpg,maize_desease_v1.1,3,3,healthy,healthy,0.8149910569190979,3,3,3
clean/lethal_necrosis/real/lethal_necrosis_multi_desease_real_11784854.jpeg,multi_desease,4,4,lethal_necrosis,lethal_necrosis,0.845393180847168,4,4,4
clean/healthy/real/healthy_maize_desease_v1.1_real_430.jpg,maize_desease_v1.1,3,3,healthy,healthy,0.8164459466934204,3,3,3
clean/fall_armyworm/real/fall_armyworm_maize_africa_real_14284857.jpg,maize_africa,1,1,fall_armyworm,fall_armyworm,0.8641666769981384,1,1,1
clean/northern_corn_leaf_blight/real/northern_corn_leaf_blight_maize_africa_real_83755595.jpg,maize_africa,6,6,northern_corn_leaf_blight,northern_corn_leaf_blight,0.8284777402877808,6,6,6
clean/lethal_necrosis/real/lethal_necrosis_multi_desease_real_71190024.jpeg,multi_desease,4,4,lethal_necrosis,lethal_necrosis,0.8478615283966064,4,4,4
clean/healthy/real/healthy_maize_desease_v1.1_real_190.jpg,maize_desease_v1.1,3,3,healthy,healthy,0.8121092319488525,3,3,3
clean/healthy/real/healthy_maize_africa_v1.2_real_814.jpg,maize_africa_v1.2,3,3,healthy,healthy,0.8215723633766174,3,3,3
clean/phosphorus_deficiency/real/phosphorus_deficiency_maize_nutrient_real_58727580.jpeg,maize_nutrient,7,7,phosphorus_deficiency,phosphorus_deficiency,0.8522984981536865,7,7,7
clean/fall_armyworm/real/fall_armyworm_maize_africa_real_78461841.jpg,maize_africa,1,1,fall_armyworm,fall_armyworm,0.8569240570068359,1,1,1
clean/healthy/real/healthy_cropdg_real_987.jpg,cropdg,3,3,healthy,healthy,0.8114252090454102,3,3,3
clean/healthy/real/healthy_maize_africa_v1.2_real_1766.jpg,maize_africa_v1.2,3,3,healthy,healthy,0.8181050419807434,3,3,3
clean/healthy/real/healthy_maize_desease_v1.1_real_1025.jpg,maize_desease_v1.1,3,3,healthy,healthy,0.8128811120986938,3,3,3
clean/northern_corn_leaf_blight/real/northern_corn_leaf_blight_maize_africa_real_53661327.jpg,maize_africa,6,6,northern_corn_leaf_blight,northern_corn_leaf_blight,0.8353671431541443,6,6,6
clean/healthy/real/healthy_maize_desease_v1.1_real_1910.jpg,maize_desease_v1.1,3,3,healthy,healthy,0.8209657669067383,3,3,3
clean/nitrogen_deficiency/real/nitrogen_deficiency_corn_leaf_roboflow_real_42966478.jpg,corn_leaf_roboflow,5,5,nitrogen_deficiency,nitrogen_deficiency,0.9584656357765198,5,5,5
clean/healthy/real/healthy_maize_africa_v1.2_real_1497.jpg,maize_africa_v1.2,3,3,healthy,healthy,0.8144389986991882,3,3,3
clean/fall_armyworm/real/fall_armyworm_maize_africa_real_64645419.jpg,maize_africa,1,1,fall_armyworm,fall_armyworm,0.8550835847854614,1,1,1
clean/northern_corn_leaf_blight/real/northern_corn_leaf_blight_maize_africa_real_77800935.jpg,maize_africa,6,6,northern_corn_leaf_blight,northern_corn_leaf_blight,0.8226613998413086,6,6,6
clean/phosphorus_deficiency/real/phosphorus_deficiency_maize_nutrient_real_74506744.jpeg,maize_nutrient,7,7,phosphorus_deficiency,phosphorus_deficiency,0.8985655307769775,7,7,7
clean/potassium_deficiency/real/potassium_deficiency_maize_deficiency_scanner_roboflow_real_3a9c8485.jpg,maize_deficiency_scanner_roboflow,8,8,potassium_deficiency,potassium_deficiency,0.9571691751480104,8,8,8
clean/healthy/real/healthy_maize_desease_v1.1_real_3419.jpg,maize_desease_v1.1,3,3,healthy,healthy,0.8278385400772095,3,3,3
clean/northern_corn_leaf_blight/real/northern_corn_leaf_blight_maize_africa_real_68439987.jpg,maize_africa,6,6,northern_corn_leaf_blight,northern_corn_leaf_blight,0.8474106192588806,6,6,6
clean/northern_corn_leaf_blight/real/northern_corn_leaf_blight_maize_africa_real_95690662.jpg,maize_africa,6,6,northern_corn_leaf_blight,northern_corn_leaf_blight,0.8311022520065308,6,6,6
clean/lethal_necrosis/real/lethal_necrosis_multi_desease_real_97257581.jpeg,multi_desease,4,4,lethal_necrosis,lethal_necrosis,0.8328831791877747,4,4,4
clean/fall_armyworm/real/fall_armyworm_multi_desease_real_48701064.jpg,multi_desease,1,1,fall_armyworm,fall_armyworm,0.8631020188331604,1,1,1
clean/lethal_necrosis/real/lethal_necrosis_multi_desease_real_94938694.jpeg,multi_desease,4,4,lethal_necrosis,lethal_necrosis,0.8430094122886658,4,4,4
clean/northern_corn_leaf_blight/real/northern_corn_leaf_blight_maize_desease_real_50040957.jpg,maize_desease,6,6,northern_corn_leaf_blight,northern_corn_leaf_blight,0.8353772163391113,6,6,6
clean/healthy/real/healthy_maize_desease_v1.1_real_2682.jpg,maize_desease_v1.1,3,3,healthy,healthy,0.8101533651351929,3,3,3
clean/healthy/real/healthy_maize_desease_v1.1_real_3809.jpg,maize_desease_v1.1,3,3,healthy,healthy,0.8177040815353394,3,3,3
clean/healthy/real/healthy_maize_desease_v1.1_real_2633.jpg,maize_desease_v1.1,3,3,healthy,healthy,0.8202347755432129,3,3,3
clean/healthy/real/healthy_maize_africa_v1.2_real_80.jpg,maize_africa_v1.2,3,3,healthy,healthy,0.8011640906333923,3,3,3
clean/northern_corn_leaf_blight/real/northern_corn_leaf_blight_maize_africa_real_53352152.jpg,maize_africa,6,6,northern_corn_leaf_blight,northern_corn_leaf_blight,0.8416622877120972,6,6,6
clean/lethal_necrosis/real/lethal_necrosis_maize_africa_real_53771586.jpg,maize_africa,4,4,lethal_necrosis,lethal_necrosis,0.8418781757354736,4,4,4
clean/common_rust/lab/common_rust_maize_desease_lab_96416086.jpg,maize_desease,0,0,common_rust,common_rust,0.9107520580291748,0,0,0
clean/common_rust/lab/common_rust_maize_desease_lab_52101423.jpg,maize_desease,0,0,common_rust,common_rust,0.911866009235382,0,0,0
clean/lethal_necrosis/real/lethal_necrosis_maize_africa_real_70890394.jpg,maize_africa,4,4,lethal_necrosis,lethal_necrosis,0.839823842048645,4,4,4
clean/fall_armyworm/real/fall_armyworm_maize_africa_real_54233033.jpg,maize_africa,1,1,fall_armyworm,fall_armyworm,0.8578259944915771,1,1,1
clean/northern_corn_leaf_blight/real/northern_corn_leaf_blight_maize_africa_real_40980731.jpg,maize_africa,6,6,northern_corn_leaf_blight,northern_corn_leaf_blight,0.8291438221931458,6,6,6
clean/lethal_necrosis/real/lethal_necrosis_maize_africa_real_97619569.jpg,maize_africa,4,4,lethal_necrosis,lethal_necrosis,0.8432967662811279,4,4,4
clean/common_rust/lab/common_rust_maize_desease_lab_26147266.jpg,maize_desease,0,0,common_rust,common_rust,0.9079713821411132,0,0,0
clean/healthy/real/healthy_maize_desease_v1.1_real_4949.jpg,maize_desease_v1.1,3,3,healthy,healthy,0.7909078001976013,3,3,3
clean/healthy/real/healthy_cropdg_real_208.jpg,cropdg,3,3,healthy,healthy,0.8372192978858948,3,3,3
clean/fall_armyworm/real/fall_armyworm_corn_leaf_roboflow_real_38665450.jpg,corn_leaf_roboflow,1,1,fall_armyworm,fall_armyworm,0.8257891535758972,1,1,1
clean/northern_corn_leaf_blight/real/northern_corn_leaf_blight_maize_africa_real_50712051.jpg,maize_africa,6,6,northern_corn_leaf_blight,northern_corn_leaf_blight,0.8060265183448792,6,6,6
clean/healthy/real/healthy_maize_desease_v1.1_real_179.jpg,maize_desease_v1.1,3,3,healthy,healthy,0.82398921251297,3,3,3
clean/lethal_necrosis/real/lethal_necrosis_maize_africa_real_58337228.jpg,maize_africa,4,4,lethal_necrosis,lethal_necrosis,0.8450589776039124,4,4,4
clean/northern_corn_leaf_blight/real/northern_corn_leaf_blight_maize_africa_real_35588286.jpg,maize_africa,6,6,northern_corn_leaf_blight,northern_corn_leaf_blight,0.8420760631561279,6,6,6
clean/fall_armyworm/real/fall_armyworm_maize_africa_real_10821981.jpg,maize_africa,1,1,fall_armyworm,fall_armyworm,0.8624995350837708,1,1,1
clean/lethal_necrosis/real/lethal_necrosis_multi_desease_real_88674165.jpeg,multi_desease,4,4,lethal_necrosis,lethal_necrosis,0.831453800201416,4,4,4
clean/lethal_necrosis/real/lethal_necrosis_maize_africa_real_88855952.jpg,maize_africa,4,4,lethal_necrosis,lethal_necrosis,0.8399463295936584,4,4,4
clean/healthy/real/healthy_cropdg_real_1128.jpg,cropdg,3,3,healthy,healthy,0.8335356712341309,3,3,3
clean/common_rust/lab/common_rust_multi_desease_lab_56074487.jpg,multi_desease,0,0,common_rust,common_rust,0.905109703540802,0,0,0
clean/lethal_necrosis/real/lethal_necrosis_multi_desease_real_79360711.jpeg,multi_desease,4,4,lethal_necrosis,lethal_necrosis,0.8417435884475708,4,4,4
clean/healthy/real/healthy_maize_desease_v1.1_real_2855.jpg,maize_desease_v1.1,3,3,healthy,healthy,0.8048213720321655,3,3,3
clean/fall_armyworm/real/fall_armyworm_multi_desease_real_32130548.jpg,multi_desease,1,1,fall_armyworm,fall_armyworm,0.8586001396179199,1,1,1
clean/healthy/real/healthy_maize_desease_v1.1_real_493.jpg,maize_desease_v1.1,3,3,healthy,healthy,0.8158652782440186,3,3,3
clean/northern_corn_leaf_blight/real/northern_corn_leaf_blight_maize_africa_real_14637100.jpg,maize_africa,6,6,northern_corn_leaf_blight,northern_corn_leaf_blight,0.8228217363357544,6,6,6
clean/nitrogen_deficiency/real/nitrogen_deficiency_maize_2_roboflow_real_401e547e.jpg,maize_2_roboflow,5,5,nitrogen_deficiency,nitrogen_deficiency,0.9488457441329956,5,5,5
clean/common_rust/lab/common_rust_multi_desease_lab_55991421.jpg,multi_desease,0,0,common_rust,common_rust,0.8989337086677551,0,0,0
clean/northern_corn_leaf_blight/real/northern_corn_leaf_blight_maize_africa_real_69149187.jpg,maize_africa,6,6,northern_corn_leaf_blight,northern_corn_leaf_blight,0.8428520560264587,6,6,6
clean/northern_corn_leaf_blight/real/northern_corn_leaf_blight_maize_africa_real_16717082.jpg,maize_africa,6,6,northern_corn_leaf_blight,northern_corn_leaf_blight,0.8268328905105591,6,6,6
clean/healthy/real/healthy_maize_desease_v1.1_real_734.jpg,maize_desease_v1.1,3,3,healthy,healthy,0.7989832162857056,3,3,3
clean/northern_corn_leaf_blight/real/northern_corn_leaf_blight_maize_desease_real_77014390.jpg,maize_desease,6,6,northern_corn_leaf_blight,northern_corn_leaf_blight,0.837293267250061,6,6,6
clean/healthy/real/healthy_maize_desease_v1.1_real_4887.jpg,maize_desease_v1.1,3,3,healthy,healthy,0.8201451301574707,3,3,3
clean/gray_leaf_spot/real/gray_leaf_spot_corn_leaf_diseases_classification_roboflow_real_133ff1bd.jpg,corn_leaf_diseases_classification_roboflow,2,2,gray_leaf_spot,gray_leaf_spot,0.922418475151062,2,2,2
clean/common_rust/lab/common_rust_maize_desease_lab_96873181.jpg,maize_desease,0,0,common_rust,common_rust,0.9098313450813292,0,0,0
clean/common_rust/lab/common_rust_maize_desease_lab_41367727.jpg,maize_desease,0,0,common_rust,common_rust,0.904899835586548,0,0,0
clean/northern_corn_leaf_blight/real/northern_corn_leaf_blight_maize_africa_real_70688834.jpg,maize_africa,6,6,northern_corn_leaf_blight,northern_corn_leaf_blight,0.8312279582023621,6,6,6
clean/northern_corn_leaf_blight/real/northern_corn_leaf_blight_maize_africa_real_55736747.jpg,maize_africa,6,6,northern_corn_leaf_blight,northern_corn_leaf_blight,0.8269985914230347,6,6,6
clean/lethal_necrosis/real/lethal_necrosis_multi_desease_real_43464087.jpeg,multi_desease,4,4,lethal_necrosis,lethal_necrosis,0.850047767162323,4,4,4
clean/healthy/real/healthy_cropdg_real_663.jpg,cropdg,3,3,healthy,healthy,0.8295643329620361,3,3,3
clean/northern_corn_leaf_blight/real/northern_corn_leaf_blight_maize_desease_real_74102503.jpg,maize_desease,6,6,northern_corn_leaf_blight,northern_corn_leaf_blight,0.8290201425552368,6,6,6
clean/common_rust/lab/common_rust_maize_desease_lab_42075963.jpg,maize_desease,0,0,common_rust,common_rust,0.9031697511672974,0,0,0
clean/healthy/real/healthy_maize_desease_v1.1_real_195.jpg,maize_desease_v1.1,3,3,healthy,healthy,0.8122861981391907,3,3,3
clean/healthy/real/healthy_cropdg_real_235.jpg,cropdg,3,3,healthy,healthy,0.8184207677841187,3,3,3
clean/fall_armyworm/real/fall_armyworm_multi_desease_real_29461970.jpg,multi_desease,1,3,fall_armyworm,healthy,0.762683093547821,3,3,3
clean/northern_corn_leaf_blight/real/northern_corn_leaf_blight_maize_africa_real_55233391.jpg,maize_africa,6,6,northern_corn_leaf_blight,northern_corn_leaf_blight,0.8174306750297546,6,6,6
clean/northern_corn_leaf_blight/real/northern_corn_leaf_blight_corn_leaf_roboflow_real_29581577.jpg,corn_leaf_roboflow,6,6,northern_corn_leaf_blight,northern_corn_leaf_blight,0.7979285717010498,6,6,6
clean/lethal_necrosis/real/lethal_necrosis_multi_desease_real_96514149.jpeg,multi_desease,4,4,lethal_necrosis,lethal_necrosis,0.839527428150177,4,4,4
clean/healthy/real/healthy_maize_africa_v1.2_real_152.jpg,maize_africa_v1.2,3,3,healthy,healthy,0.7702971696853638,3,3,3
clean/healthy/real/healthy_cropdg_real_388.jpg,cropdg,3,3,healthy,healthy,0.8153672814369202,3,3,3
clean/nitrogen_deficiency/real/nitrogen_deficiency_maize_2_roboflow_real_af2c0aa2.jpg,maize_2_roboflow,5,5,nitrogen_deficiency,nitrogen_deficiency,0.9071093797683716,5,5,5
clean/lethal_necrosis/real/lethal_necrosis_multi_desease_real_46867547.jpeg,multi_desease,4,4,lethal_necrosis,lethal_necrosis,0.8372818827629089,4,4,4
clean/lethal_necrosis/real/lethal_necrosis_multi_desease_real_38384087.jpeg,multi_desease,4,4,lethal_necrosis,lethal_necrosis,0.8459815382957458,4,4,4
clean/lethal_necrosis/real/lethal_necrosis_multi_desease_real_80732309.jpeg,multi_desease,4,4,lethal_necrosis,lethal_necrosis,0.8376430869102478,4,4,4
clean/healthy/real/healthy_maize_desease_v1.1_real_4698.jpg,maize_desease_v1.1,3,3,healthy,healthy,0.8129066228866577,3,3,3
clean/nitrogen_deficiency/real/nitrogen_deficiency_corn_leaf_roboflow_real_66717866.jpg,corn_leaf_roboflow,5,5,nitrogen_deficiency,nitrogen_deficiency,0.9153624176979064,5,5,5
clean/northern_corn_leaf_blight/lab/northern_corn_leaf_blight_cropdg_lab_916.jpg,cropdg,6,6,northern_corn_leaf_blight,northern_corn_leaf_blight,0.8193387985229492,6,6,6
clean/northern_corn_leaf_blight/real/northern_corn_leaf_blight_maize_africa_real_91141049.jpg,maize_africa,6,6,northern_corn_leaf_blight,northern_corn_leaf_blight,0.8365583419799805,6,6,6
clean/gray_leaf_spot/real/gray_leaf_spot_maize_leaf_roboflow_real_9385bcfb.jpg,maize_leaf_roboflow,2,2,gray_leaf_spot,gray_leaf_spot,0.9225953221321106,2,2,2
clean/lethal_necrosis/real/lethal_necrosis_maize_africa_real_79112105.jpg,maize_africa,4,4,lethal_necrosis,lethal_necrosis,0.8435187935829163,4,4,4
clean/common_rust/lab/common_rust_multi_desease_lab_39634711.jpg,multi_desease,0,0,common_rust,common_rust,0.905703902244568,0,0,0
clean/fall_armyworm/real/fall_armyworm_maize_africa_real_46518343.jpg,maize_africa,1,1,fall_armyworm,fall_armyworm,0.8586515188217163,1,1,1
clean/phosphorus_deficiency/real/phosphorus_deficiency_corn_leaf_roboflow_real_70326290.jpg,corn_leaf_roboflow,7,7,phosphorus_deficiency,phosphorus_deficiency,0.9237371683120728,7,7,7
clean/northern_corn_leaf_blight/real/northern_corn_leaf_blight_maize_africa_real_24691827.jpg,maize_africa,6,6,northern_corn_leaf_blight,northern_corn_leaf_blight,0.8359888195991516,6,6,6
clean/northern_corn_leaf_blight/real/northern_corn_leaf_blight_maize_africa_real_51217164.jpg,maize_africa,6,6,northern_corn_leaf_blight,northern_corn_leaf_blight,0.8401510715484619,6,6,6
clean/nitrogen_deficiency/real/nitrogen_deficiency_maize_nutrient_real_81784808.jpeg,maize_nutrient,5,5,nitrogen_deficiency,nitrogen_deficiency,0.7997407913208008,5,5,5
clean/fall_armyworm/real/fall_armyworm_maize_africa_real_96540638.jpg,maize_africa,1,1,fall_armyworm,fall_armyworm,0.858333945274353,1,1,1
clean/fall_armyworm/real/fall_armyworm_corn_leaf_roboflow_real_82500901.jpg,corn_leaf_roboflow,1,1,fall_armyworm,fall_armyworm,0.8461809158325195,1,1,1
clean/fall_armyworm/real/fall_armyworm_corn_leaf_roboflow_real_31593225.jpg,corn_leaf_roboflow,1,1,fall_armyworm,fall_armyworm,0.8659480810165405,1,1,1
clean/lethal_necrosis/real/lethal_necrosis_maize_africa_real_81783833.jpg,maize_africa,4,4,lethal_necrosis,lethal_necrosis,0.8491946458816528,4,4,4
clean/potassium_deficiency/real/potassium_deficiency_maize_2_roboflow_real_faa2a65f.jpg,maize_2_roboflow,8,8,potassium_deficiency,potassium_deficiency,0.9512949585914612,8,8,8
clean/northern_corn_leaf_blight/real/northern_corn_leaf_blight_maize_africa_real_42444811.jpg,maize_africa,6,6,northern_corn_leaf_blight,northern_corn_leaf_blight,0.8459740877151489,6,6,6
clean/lethal_necrosis/real/lethal_necrosis_multi_desease_real_47220408.jpeg,multi_desease,4,4,lethal_necrosis,lethal_necrosis,0.5156081914901733,1,4,4
clean/healthy/real/healthy_corn_leaf_roboflow_real_88933885.jpg,corn_leaf_roboflow,3,1,healthy,fall_armyworm,0.52315354347229,3,1,1
clean/northern_corn_leaf_blight/real/northern_corn_leaf_blight_maize_africa_real_59835792.jpg,maize_africa,6,6,northern_corn_leaf_blight,northern_corn_leaf_blight,0.8293142914772034,6,6,6
clean/healthy/real/healthy_maize_desease_v1.1_real_2976.jpg,maize_desease_v1.1,3,3,healthy,healthy,0.8164764642715454,3,3,3
clean/lethal_necrosis/real/lethal_necrosis_maize_africa_real_91365850.jpg,maize_africa,4,4,lethal_necrosis,lethal_necrosis,0.8223309516906738,4,4,4
clean/healthy/real/healthy_corn_leaf_roboflow_real_72043949.jpg,corn_leaf_roboflow,3,3,healthy,healthy,0.8115168213844299,3,3,3
clean/lethal_necrosis/real/lethal_necrosis_multi_desease_real_96488243.jpeg,multi_desease,4,4,lethal_necrosis,lethal_necrosis,0.843094527721405,4,4,4
clean/lethal_necrosis/real/lethal_necrosis_multi_desease_real_14647087.jpeg,multi_desease,4,4,lethal_necrosis,lethal_necrosis,0.8308584094047546,4,4,4
clean/fall_armyworm/real/fall_armyworm_corn_leaf_roboflow_real_82730353.jpg,corn_leaf_roboflow,1,1,fall_armyworm,fall_armyworm,0.8462808132171631,1,1,1
clean/gray_leaf_spot/real/gray_leaf_spot_corn_leaf_diseases_classification_roboflow_real_eebdf8e9.jpg,corn_leaf_diseases_classification_roboflow,2,2,gray_leaf_spot,gray_leaf_spot,0.911868929862976,2,2,2
clean/fall_armyworm/real/fall_armyworm_multi_desease_real_75202581.jpg,multi_desease,1,1,fall_armyworm,fall_armyworm,0.8777745962142944,1,1,1
clean/fall_armyworm/real/fall_armyworm_multi_desease_real_71961432.jpg,multi_desease,1,1,fall_armyworm,fall_armyworm,0.8765451908111572,1,1,1
clean/northern_corn_leaf_blight/real/northern_corn_leaf_blight_maize_africa_real_58978089.jpg,maize_africa,6,6,northern_corn_leaf_blight,northern_corn_leaf_blight,0.8245694041252136,6,6,6
clean/healthy/real/healthy_cropdg_real_1078.jpg,cropdg,3,3,healthy,healthy,0.8184210062026978,3,3,3
clean/fall_armyworm/real/fall_armyworm_maize_africa_real_46768229.jpg,maize_africa,1,1,fall_armyworm,fall_armyworm,0.8704643249511719,1,1,1
clean/healthy/real/healthy_maize_desease_v1.1_real_4191.jpg,maize_desease_v1.1,3,3,healthy,healthy,0.811638355255127,3,3,3
clean/northern_corn_leaf_blight/real/northern_corn_leaf_blight_maize_africa_real_35697953.jpg,maize_africa,6,6,northern_corn_leaf_blight,northern_corn_leaf_blight,0.8336675763130188,6,6,6
clean/healthy/real/healthy_maize_desease_v1.1_real_4309.jpg,maize_desease_v1.1,3,3,healthy,healthy,0.8268064260482788,3,3,3
clean/northern_corn_leaf_blight/lab/northern_corn_leaf_blight_cropdg_lab_127.jpg,cropdg,6,2,northern_corn_leaf_blight,gray_leaf_spot,0.6339210271835327,6,2,2
clean/lethal_necrosis/real/lethal_necrosis_maize_africa_real_27599917.jpg,maize_africa,4,4,lethal_necrosis,lethal_necrosis,0.8373175263404846,4,4,4
clean/healthy/real/healthy_maize_desease_v1.1_real_3532.jpg,maize_desease_v1.1,3,3,healthy,healthy,0.8205527663230896,3,3,3
clean/healthy/real/healthy_maize_africa_v1.2_real_1520.jpg,maize_africa_v1.2,3,3,healthy,healthy,0.8179169297218323,3,3,3
clean/lethal_necrosis/real/lethal_necrosis_multi_desease_real_18699367.jpeg,multi_desease,4,4,lethal_necrosis,lethal_necrosis,0.8350710868835449,4,4,4
clean/lethal_necrosis/real/lethal_necrosis_multi_desease_real_91531410.jpeg,multi_desease,4,4,lethal_necrosis,lethal_necrosis,0.8390494585037231,4,4,4
clean/lethal_necrosis/real/lethal_necrosis_maize_africa_real_86741997.jpg,maize_africa,4,4,lethal_necrosis,lethal_necrosis,0.8332631587982178,4,4,4
clean/northern_corn_leaf_blight/real/northern_corn_leaf_blight_corn_leaf_roboflow_real_89895868.jpg,corn_leaf_roboflow,6,6,northern_corn_leaf_blight,northern_corn_leaf_blight,0.679304838180542,6,6,6
clean/fall_armyworm/real/fall_armyworm_corn_leaf_roboflow_real_47841068.jpg,corn_leaf_roboflow,1,1,fall_armyworm,fall_armyworm,0.8448835015296936,1,1,1
clean/fall_armyworm/real/fall_armyworm_multi_desease_real_13156911.jpg,multi_desease,1,1,fall_armyworm,fall_armyworm,0.853076696395874,1,1,1
clean/potassium_deficiency/real/potassium_deficiency_corn_leaf_roboflow_real_96950080.jpg,corn_leaf_roboflow,8,8,potassium_deficiency,potassium_deficiency,0.3780029118061065,8,6,2
clean/northern_corn_leaf_blight/real/northern_corn_leaf_blight_maize_africa_real_25025734.jpg,maize_africa,6,6,northern_corn_leaf_blight,northern_corn_leaf_blight,0.8201090693473816,6,6,6
clean/lethal_necrosis/real/lethal_necrosis_maize_africa_real_60686369.jpg,maize_africa,4,4,lethal_necrosis,lethal_necrosis,0.8511334657669067,4,4,4
clean/lethal_necrosis/real/lethal_necrosis_maize_africa_real_79383148.jpg,maize_africa,4,4,lethal_necrosis,lethal_necrosis,0.8364439010620117,4,4,4
clean/nitrogen_deficiency/real/nitrogen_deficiency_corn_leaf_roboflow_real_26064199.jpg,corn_leaf_roboflow,5,5,nitrogen_deficiency,nitrogen_deficiency,0.9318583011627196,5,5,5
clean/fall_armyworm/real/fall_armyworm_corn_leaf_roboflow_real_29247360.jpg,corn_leaf_roboflow,1,1,fall_armyworm,fall_armyworm,0.7758105397224426,1,1,1
clean/healthy/real/healthy_maize_desease_v1.1_real_2008.jpg,maize_desease_v1.1,3,3,healthy,healthy,0.8197236061096191,3,3,3
clean/healthy/real/healthy_maize_africa_v1_real_162.jpg,maize_africa_v1,3,3,healthy,healthy,0.8117555379867554,3,3,3
clean/fall_armyworm/real/fall_armyworm_corn_leaf_roboflow_real_98571697.jpg,corn_leaf_roboflow,1,1,fall_armyworm,fall_armyworm,0.8002413511276245,1,1,1
clean/fall_armyworm/real/fall_armyworm_corn_leaf_roboflow_real_65697884.jpg,corn_leaf_roboflow,1,1,fall_armyworm,fall_armyworm,0.8568143844604492,1,1,1
clean/lethal_necrosis/real/lethal_necrosis_multi_desease_real_30907696.jpeg,multi_desease,4,4,lethal_necrosis,lethal_necrosis,0.817270040512085,4,4,4
clean/healthy/real/healthy_cropdg_real_184.jpg,cropdg,3,3,healthy,healthy,0.8113877773284912,3,3,3
clean/northern_corn_leaf_blight/real/northern_corn_leaf_blight_maize_africa_real_72159597.jpg,maize_africa,6,6,northern_corn_leaf_blight,northern_corn_leaf_blight,0.8251121640205383,6,6,6
clean/gray_leaf_spot/real/gray_leaf_spot_corn_leaf_diseases_classification_roboflow_real_f11c21d7.jpg,corn_leaf_diseases_classification_roboflow,2,2,gray_leaf_spot,gray_leaf_spot,0.9124014377593994,2,2,2
clean/lethal_necrosis/real/lethal_necrosis_maize_africa_real_88323095.jpg,maize_africa,4,4,lethal_necrosis,lethal_necrosis,0.8172569274902344,4,4,4
clean/northern_corn_leaf_blight/real/northern_corn_leaf_blight_maize_africa_real_47064356.jpg,maize_africa,6,6,northern_corn_leaf_blight,northern_corn_leaf_blight,0.8273950815200806,6,6,6
clean/fall_armyworm/real/fall_armyworm_maize_africa_real_67187055.jpg,maize_africa,1,1,fall_armyworm,fall_armyworm,0.8565587997436523,1,1,1
clean/healthy/real/healthy_maize_desease_v1.1_real_5034.jpg,maize_desease_v1.1,3,3,healthy,healthy,0.8229861259460449,3,3,3
clean/nitrogen_deficiency/real/nitrogen_deficiency_corn_leaf_roboflow_real_88942963.jpg,corn_leaf_roboflow,5,5,nitrogen_deficiency,nitrogen_deficiency,0.7017898559570312,8,5,5
clean/northern_corn_leaf_blight/real/northern_corn_leaf_blight_maize_africa_real_14615724.jpg,maize_africa,6,6,northern_corn_leaf_blight,northern_corn_leaf_blight,0.8254895210266113,6,6,6
clean/healthy/real/healthy_maize_desease_v1.1_real_2524.jpg,maize_desease_v1.1,3,3,healthy,healthy,0.8263665437698364,3,3,3
clean/healthy/real/healthy_maize_desease_v1.1_real_3644.jpg,maize_desease_v1.1,3,3,healthy,healthy,0.8223298788070679,3,3,3
clean/common_rust/lab/common_rust_multi_desease_lab_28368746.jpg,multi_desease,0,0,common_rust,common_rust,0.9062984585762024,0,0,0
clean/lethal_necrosis/real/lethal_necrosis_maize_africa_real_42215740.jpg,maize_africa,4,4,lethal_necrosis,lethal_necrosis,0.8463212251663208,4,4,4
clean/northern_corn_leaf_blight/real/northern_corn_leaf_blight_maize_africa_real_30797291.jpg,maize_africa,6,6,northern_corn_leaf_blight,northern_corn_leaf_blight,0.8302145004272461,6,6,6
clean/lethal_necrosis/real/lethal_necrosis_multi_desease_real_73920747.jpeg,multi_desease,4,4,lethal_necrosis,lethal_necrosis,0.8403881788253784,4,4,4
clean/healthy/real/healthy_maize_desease_v1.1_real_2419.jpg,maize_desease_v1.1,3,3,healthy,healthy,0.8238248229026794,3,3,3
clean/healthy/real/healthy_cropdg_real_310.jpg,cropdg,3,3,healthy,healthy,0.8189051151275635,3,3,3
clean/gray_leaf_spot/real/gray_leaf_spot_corn_leaf_diseases_classification_roboflow_real_9c799bf6.jpg,corn_leaf_diseases_classification_roboflow,2,2,gray_leaf_spot,gray_leaf_spot,0.9242499470710754,2,2,2
clean/lethal_necrosis/real/lethal_necrosis_multi_desease_real_65640983.jpeg,multi_desease,4,4,lethal_necrosis,lethal_necrosis,0.8153510093688965,4,4,4
clean/healthy/real/healthy_cropdg_real_244.jpg,cropdg,3,3,healthy,healthy,0.8242076635360718,3,3,3
clean/lethal_necrosis/real/lethal_necrosis_multi_desease_real_30484752.jpeg,multi_desease,4,4,lethal_necrosis,lethal_necrosis,0.8411059975624084,4,4,4
clean/fall_armyworm/real/fall_armyworm_maize_africa_real_38176359.jpg,maize_africa,1,1,fall_armyworm,fall_armyworm,0.8467198610305786,1,1,1
clean/fall_armyworm/real/fall_armyworm_maize_africa_real_33185433.jpg,maize_africa,1,1,fall_armyworm,fall_armyworm,0.6739852428436279,1,1,1
clean/lethal_necrosis/real/lethal_necrosis_maize_africa_real_77895564.jpg,maize_africa,4,4,lethal_necrosis,lethal_necrosis,0.8512294292449951,4,4,4
clean/northern_corn_leaf_blight/real/northern_corn_leaf_blight_maize_desease_real_51708008.jpg,maize_desease,6,6,northern_corn_leaf_blight,northern_corn_leaf_blight,0.8381713628768921,6,6,6
clean/healthy/real/healthy_cropdg_real_510.jpg,cropdg,3,3,healthy,healthy,0.8180138468742371,3,3,3
clean/fall_armyworm/real/fall_armyworm_maize_africa_real_36860757.jpg,maize_africa,1,1,fall_armyworm,fall_armyworm,0.8576804399490356,1,1,1
clean/gray_leaf_spot/real/gray_leaf_spot_corn_leaf_diseases_classification_roboflow_real_0eb5f1b2.jpg,corn_leaf_diseases_classification_roboflow,2,2,gray_leaf_spot,gray_leaf_spot,0.8838104605674744,2,2,2
clean/healthy/real/healthy_maize_desease_v1.1_real_2489.jpg,maize_desease_v1.1,3,3,healthy,healthy,0.8164671659469604,3,3,3
clean/fall_armyworm/real/fall_armyworm_corn_leaf_roboflow_real_43529945.jpg,corn_leaf_roboflow,1,1,fall_armyworm,fall_armyworm,0.854053258895874,1,1,1
clean/healthy/real/healthy_cropdg_real_112.jpg,cropdg,3,3,healthy,healthy,0.7691184282302856,3,3,3
clean/fall_armyworm/real/fall_armyworm_maize_africa_real_33666197.jpg,maize_africa,1,1,fall_armyworm,fall_armyworm,0.8605428338050842,1,1,1
clean/potassium_deficiency/real/potassium_deficiency_maize_2_roboflow_real_75b8f432.jpg,maize_2_roboflow,8,8,potassium_deficiency,potassium_deficiency,0.5110034942626953,8,5,8
clean/lethal_necrosis/real/lethal_necrosis_maize_africa_real_18435901.jpg,maize_africa,4,4,lethal_necrosis,lethal_necrosis,0.8457750678062439,4,4,4
clean/healthy/real/healthy_maize_africa_v1_real_116.jpg,maize_africa_v1,3,3,healthy,healthy,0.8088045120239258,3,3,3
clean/lethal_necrosis/real/lethal_necrosis_multi_desease_real_55767174.jpeg,multi_desease,4,4,lethal_necrosis,lethal_necrosis,0.8562757968902588,4,4,4
clean/phosphorus_deficiency/real/phosphorus_deficiency_maize_2_roboflow_real_17d9ebbd.jpg,maize_2_roboflow,7,7,phosphorus_deficiency,phosphorus_deficiency,0.9428976774215698,7,7,7
clean/lethal_necrosis/real/lethal_necrosis_multi_desease_real_71938154.jpeg,multi_desease,4,4,lethal_necrosis,lethal_necrosis,0.8453512191772461,4,4,4
clean/lethal_necrosis/real/lethal_necrosis_maize_africa_real_88434724.jpg,maize_africa,4,4,lethal_necrosis,lethal_necrosis,0.8347572088241577,4,4,4
clean/healthy/real/healthy_cropdg_real_1149.jpg,cropdg,3,3,healthy,healthy,0.8215439319610596,3,3,3
clean/northern_corn_leaf_blight/real/northern_corn_leaf_blight_maize_desease_real_97541657.jpg,maize_desease,6,6,northern_corn_leaf_blight,northern_corn_leaf_blight,0.8327251672744751,6,6,6
clean/northern_corn_leaf_blight/real/northern_corn_leaf_blight_maize_desease_real_87340748.jpg,maize_desease,6,6,northern_corn_leaf_blight,northern_corn_leaf_blight,0.5919350385665894,6,6,6
clean/lethal_necrosis/real/lethal_necrosis_maize_africa_real_58637383.jpg,maize_africa,4,4,lethal_necrosis,lethal_necrosis,0.8491346836090088,4,4,4
clean/lethal_necrosis/real/lethal_necrosis_maize_africa_real_94943969.jpg,maize_africa,4,4,lethal_necrosis,lethal_necrosis,0.8331133127212524,4,4,4
clean/gray_leaf_spot/real/gray_leaf_spot_corn_leaf_diseases_classification_roboflow_real_76e195ca.jpg,corn_leaf_diseases_classification_roboflow,2,2,gray_leaf_spot,gray_leaf_spot,0.9266703724861144,2,2,2
clean/healthy/real/healthy_cropdg_real_509.jpg,cropdg,3,3,healthy,healthy,0.8265690803527832,3,3,3
clean/fall_armyworm/real/fall_armyworm_multi_desease_real_44702864.jpg,multi_desease,1,1,fall_armyworm,fall_armyworm,0.8493443727493286,1,1,1
clean/northern_corn_leaf_blight/real/northern_corn_leaf_blight_maize_africa_real_16967321.jpg,maize_africa,6,6,northern_corn_leaf_blight,northern_corn_leaf_blight,0.8330081701278687,6,6,6
clean/northern_corn_leaf_blight/real/northern_corn_leaf_blight_maize_africa_real_71134441.jpg,maize_africa,6,6,northern_corn_leaf_blight,northern_corn_leaf_blight,0.8301487565040588,6,6,6
clean/fall_armyworm/real/fall_armyworm_multi_desease_real_77079712.jpg,multi_desease,1,1,fall_armyworm,fall_armyworm,0.8645827770233154,1,1,1
clean/northern_corn_leaf_blight/real/northern_corn_leaf_blight_maize_africa_real_35959301.jpg,maize_africa,6,6,northern_corn_leaf_blight,northern_corn_leaf_blight,0.8235771059989929,6,6,6
clean/healthy/real/healthy_maize_desease_v1.1_real_3579.jpg,maize_desease_v1.1,3,3,healthy,healthy,0.814237117767334,3,3,3
clean/lethal_necrosis/real/lethal_necrosis_maize_africa_real_70059116.jpg,maize_africa,4,4,lethal_necrosis,lethal_necrosis,0.8463572859764099,4,4,4
clean/lethal_necrosis/real/lethal_necrosis_multi_desease_real_77107442.jpeg,multi_desease,4,4,lethal_necrosis,lethal_necrosis,0.8342518210411072,4,4,4
clean/lethal_necrosis/real/lethal_necrosis_multi_desease_real_77436567.jpeg,multi_desease,4,4,lethal_necrosis,lethal_necrosis,0.8496309518814087,4,4,4
clean/healthy/real/healthy_maize_africa_v1.2_real_169.jpg,maize_africa_v1.2,3,3,healthy,healthy,0.8179818391799927,3,3,3
clean/lethal_necrosis/real/lethal_necrosis_multi_desease_real_80520429.jpeg,multi_desease,4,4,lethal_necrosis,lethal_necrosis,0.8376968502998352,4,4,4
clean/healthy/real/healthy_maize_desease_v1.1_real_508.jpg,maize_desease_v1.1,3,3,healthy,healthy,0.8185584545135498,3,3,3
clean/fall_armyworm/real/fall_armyworm_multi_desease_real_70519778.jpg,multi_desease,1,1,fall_armyworm,fall_armyworm,0.85837721824646,1,1,1
clean/gray_leaf_spot/real/gray_leaf_spot_maize_field_real_84267747.jpg,maize_field,2,2,gray_leaf_spot,gray_leaf_spot,0.9252947568893432,2,2,2
clean/common_rust/lab/common_rust_multi_desease_lab_19171854.jpg,multi_desease,0,0,common_rust,common_rust,0.908218502998352,0,0,0
clean/healthy/real/healthy_maize_desease_v1.1_real_55.jpg,maize_desease_v1.1,3,3,healthy,healthy,0.8262109756469727,3,3,3
clean/healthy/real/healthy_maize_desease_v1.1_real_1325.jpg,maize_desease_v1.1,3,3,healthy,healthy,0.8184381127357483,3,3,3
clean/lethal_necrosis/real/lethal_necrosis_maize_africa_real_21618328.jpg,maize_africa,4,4,lethal_necrosis,lethal_necrosis,0.8379151821136475,4,4,4
clean/lethal_necrosis/real/lethal_necrosis_multi_desease_real_37618183.jpeg,multi_desease,4,4,lethal_necrosis,lethal_necrosis,0.8482203483581543,4,4,4
clean/fall_armyworm/real/fall_armyworm_corn_leaf_roboflow_real_83870559.jpg,corn_leaf_roboflow,1,1,fall_armyworm,fall_armyworm,0.4764595627784729,3,1,1
clean/fall_armyworm/real/fall_armyworm_maize_africa_real_72568741.jpg,maize_africa,1,1,fall_armyworm,fall_armyworm,0.8679125308990479,1,1,1
clean/northern_corn_leaf_blight/real/northern_corn_leaf_blight_maize_africa_real_47018390.jpg,maize_africa,6,6,northern_corn_leaf_blight,northern_corn_leaf_blight,0.8293851613998413,6,6,6
clean/lethal_necrosis/real/lethal_necrosis_multi_desease_real_86457469.jpeg,multi_desease,4,4,lethal_necrosis,lethal_necrosis,0.8417670726776123,4,4,4
clean/fall_armyworm/real/fall_armyworm_multi_desease_real_39145519.jpg,multi_desease,1,1,fall_armyworm,fall_armyworm,0.8727067708969116,1,1,1
clean/healthy/real/healthy_maize_africa_v1.2_real_1366.jpg,maize_africa_v1.2,3,3,healthy,healthy,0.8217188715934753,3,3,3
clean/northern_corn_leaf_blight/real/northern_corn_leaf_blight_maize_africa_real_22836251.jpg,maize_africa,6,6,northern_corn_leaf_blight,northern_corn_leaf_blight,0.7721065282821655,6,6,6
clean/fall_armyworm/real/fall_armyworm_multi_desease_real_44900734.jpg,multi_desease,1,1,fall_armyworm,fall_armyworm,0.8609081506729126,1,1,1
clean/common_rust/lab/common_rust_multi_desease_lab_84602663.jpg,multi_desease,0,0,common_rust,common_rust,0.908453106880188,0,0,0
clean/northern_corn_leaf_blight/real/northern_corn_leaf_blight_maize_desease_real_46829346.jpg,maize_desease,6,6,northern_corn_leaf_blight,northern_corn_leaf_blight,0.8306704759597778,6,6,6
clean/healthy/real/healthy_maize_africa_v1.2_real_1465.jpg,maize_africa_v1.2,3,3,healthy,healthy,0.8150783181190491,3,3,3
clean/healthy/real/healthy_maize_africa_v1_real_38.jpg,maize_africa_v1,3,3,healthy,healthy,0.8158043622970581,3,3,3
clean/common_rust/lab/common_rust_multi_desease_lab_84696348.jpg,multi_desease,0,0,common_rust,common_rust,0.905098021030426,0,0,0
clean/lethal_necrosis/real/lethal_necrosis_maize_africa_real_84708015.jpg,maize_africa,4,4,lethal_necrosis,lethal_necrosis,0.7663435935974121,4,4,4
clean/fall_armyworm/real/fall_armyworm_corn_leaf_roboflow_real_47294369.jpg,corn_leaf_roboflow,1,1,fall_armyworm,fall_armyworm,0.7663452625274658,1,1,1
clean/lethal_necrosis/real/lethal_necrosis_multi_desease_real_92480522.jpeg,multi_desease,4,4,lethal_necrosis,lethal_necrosis,0.8449565172195435,4,4,4
clean/fall_armyworm/real/fall_armyworm_maize_africa_real_37349323.jpg,maize_africa,1,1,fall_armyworm,fall_armyworm,0.8618675470352173,1,1,1
clean/gray_leaf_spot/lab/gray_leaf_spot_cropdg_lab_81540912.jpg,cropdg,2,2,gray_leaf_spot,gray_leaf_spot,0.9279795289039612,2,2,2
clean/healthy/real/healthy_maize_desease_v1.1_real_858.jpg,maize_desease_v1.1,3,3,healthy,healthy,0.8267847299575806,3,3,3
clean/northern_corn_leaf_blight/real/northern_corn_leaf_blight_maize_africa_real_66605429.jpg,maize_africa,6,6,northern_corn_leaf_blight,northern_corn_leaf_blight,0.8338067531585693,6,6,6
clean/northern_corn_leaf_blight/real/northern_corn_leaf_blight_maize_africa_real_25402539.jpg,maize_africa,6,6,northern_corn_leaf_blight,northern_corn_leaf_blight,0.8310595154762268,6,6,6
clean/northern_corn_leaf_blight/real/northern_corn_leaf_blight_maize_africa_real_53786788.jpg,maize_africa,6,6,northern_corn_leaf_blight,northern_corn_leaf_blight,0.8332713842391968,6,6,6
clean/common_rust/lab/common_rust_maize_desease_lab_44587279.jpg,maize_desease,0,0,common_rust,common_rust,0.9100782871246338,0,0,0
clean/healthy/real/healthy_maize_desease_v1.1_real_1555.jpg,maize_desease_v1.1,3,3,healthy,healthy,0.8132374882698059,3,3,3
clean/lethal_necrosis/real/lethal_necrosis_multi_desease_real_23689644.jpeg,multi_desease,4,4,lethal_necrosis,lethal_necrosis,0.8393390774726868,4,4,4
clean/lethal_necrosis/real/lethal_necrosis_maize_africa_real_64379224.jpg,maize_africa,4,4,lethal_necrosis,lethal_necrosis,0.8133978843688965,4,4,4
clean/healthy/real/healthy_maize_desease_v1.1_real_4125.jpg,maize_desease_v1.1,3,3,healthy,healthy,0.8168758749961853,3,3,3
clean/gray_leaf_spot/real/gray_leaf_spot_maize_field_real_61792789.jpg,maize_field,2,2,gray_leaf_spot,gray_leaf_spot,0.9179653525352478,2,2,2
clean/lethal_necrosis/real/lethal_necrosis_maize_africa_real_88946377.jpg,maize_africa,4,4,lethal_necrosis,lethal_necrosis,0.8468853235244751,4,4,4
clean/lethal_necrosis/real/lethal_necrosis_multi_desease_real_81038114.jpeg,multi_desease,4,4,lethal_necrosis,lethal_necrosis,0.8428655862808228,4,4,4
clean/healthy/real/healthy_cropdg_real_299.jpg,cropdg,3,3,healthy,healthy,0.8185655474662781,3,3,3
clean/healthy/real/healthy_maize_desease_v1.1_real_1554.jpg,maize_desease_v1.1,3,3,healthy,healthy,0.8230249881744385,3,3,3
clean/healthy/real/healthy_maize_africa_v1.2_real_643.jpg,maize_africa_v1.2,3,3,healthy,healthy,0.8053770065307617,3,3,3
clean/northern_corn_leaf_blight/real/northern_corn_leaf_blight_maize_africa_real_81919063.jpg,maize_africa,6,6,northern_corn_leaf_blight,northern_corn_leaf_blight,0.8308073282241821,6,6,6
clean/lethal_necrosis/real/lethal_necrosis_multi_desease_real_93923742.jpeg,multi_desease,4,4,lethal_necrosis,lethal_necrosis,0.8377896547317505,4,4,4
clean/healthy/real/healthy_cropdg_real_951.jpg,cropdg,3,3,healthy,healthy,0.8199798464775085,3,3,3
clean/northern_corn_leaf_blight/real/northern_corn_leaf_blight_maize_africa_real_53898073.jpg,maize_africa,6,6,northern_corn_leaf_blight,northern_corn_leaf_blight,0.8189478516578674,6,6,6
clean/northern_corn_leaf_blight/real/northern_corn_leaf_blight_maize_africa_real_51881865.jpg,maize_africa,6,6,northern_corn_leaf_blight,northern_corn_leaf_blight,0.8200843334197998,6,6,6
clean/lethal_necrosis/real/lethal_necrosis_multi_desease_real_28401061.jpeg,multi_desease,4,4,lethal_necrosis,lethal_necrosis,0.8355458378791809,4,4,4
clean/lethal_necrosis/real/lethal_necrosis_multi_desease_real_42020961.jpeg,multi_desease,4,4,lethal_necrosis,lethal_necrosis,0.8408585786819458,4,4,4
clean/healthy/real/healthy_maize_africa_v1.2_real_757.jpg,maize_africa_v1.2,3,3,healthy,healthy,0.8041428923606873,3,3,3
clean/lethal_necrosis/real/lethal_necrosis_multi_desease_real_28518243.jpeg,multi_desease,4,4,lethal_necrosis,lethal_necrosis,0.8363751173019409,4,4,4
clean/fall_armyworm/real/fall_armyworm_multi_desease_real_94839092.jpg,multi_desease,1,1,fall_armyworm,fall_armyworm,0.8622387647628784,1,1,1
clean/fall_armyworm/real/fall_armyworm_maize_africa_real_55931206.jpg,maize_africa,1,1,fall_armyworm,fall_armyworm,0.855873703956604,1,1,1
clean/gray_leaf_spot/real/gray_leaf_spot_corn_leaf_diseases_classification_roboflow_real_8dfe4833.jpg,corn_leaf_diseases_classification_roboflow,2,2,gray_leaf_spot,gray_leaf_spot,0.9245630502700806,2,2,2
clean/fall_armyworm/real/fall_armyworm_corn_leaf_roboflow_real_85646388.jpg,corn_leaf_roboflow,1,1,fall_armyworm,fall_armyworm,0.7697958946228027,1,1,1
clean/healthy/real/healthy_maize_desease_v1.1_real_3795.jpg,maize_desease_v1.1,3,3,healthy,healthy,0.8121064901351929,3,3,3
clean/lethal_necrosis/real/lethal_necrosis_maize_africa_real_30526635.jpg,maize_africa,4,4,lethal_necrosis,lethal_necrosis,0.8414195775985718,4,4,4
clean/lethal_necrosis/real/lethal_necrosis_multi_desease_real_79832020.jpeg,multi_desease,4,4,lethal_necrosis,lethal_necrosis,0.834123969078064,4,4,4
clean/healthy/real/healthy_maize_desease_v1.1_real_2222.jpg,maize_desease_v1.1,3,3,healthy,healthy,0.8230865001678467,3,3,3
clean/northern_corn_leaf_blight/lab/northern_corn_leaf_blight_cropdg_lab_156.jpg,cropdg,6,6,northern_corn_leaf_blight,northern_corn_leaf_blight,0.8341220617294312,6,6,6
clean/healthy/real/healthy_maize_nutrient_real_18.jpeg,maize_nutrient,3,3,healthy,healthy,0.8200448751449585,3,3,3
clean/healthy/real/healthy_maize_desease_v1.1_real_2410.jpg,maize_desease_v1.1,3,3,healthy,healthy,0.8210835456848145,3,3,3
clean/common_rust/lab/common_rust_maize_desease_lab_48683990.jpg,maize_desease,0,0,common_rust,common_rust,0.9067505598068236,0,0,0
clean/lethal_necrosis/real/lethal_necrosis_maize_africa_real_14216097.jpg,maize_africa,4,4,lethal_necrosis,lethal_necrosis,0.8293136954307556,4,4,4
clean/lethal_necrosis/real/lethal_necrosis_multi_desease_real_37530831.jpeg,multi_desease,4,4,lethal_necrosis,lethal_necrosis,0.8342123031616211,4,4,4
clean/lethal_necrosis/real/lethal_necrosis_multi_desease_real_76710513.jpeg,multi_desease,4,4,lethal_necrosis,lethal_necrosis,0.8322125673294067,4,4,4
clean/northern_corn_leaf_blight/real/northern_corn_leaf_blight_maize_africa_real_73125642.jpg,maize_africa,6,6,northern_corn_leaf_blight,northern_corn_leaf_blight,0.8252129554748535,6,6,6
clean/northern_corn_leaf_blight/real/northern_corn_leaf_blight_maize_africa_real_30840587.jpg,maize_africa,6,3,northern_corn_leaf_blight,healthy,0.3887410163879394,3,6,3
clean/fall_armyworm/real/fall_armyworm_multi_desease_real_68610584.jpg,multi_desease,1,1,fall_armyworm,fall_armyworm,0.8544458746910095,1,1,1
clean/fall_armyworm/real/fall_armyworm_maize_africa_real_43963278.jpg,maize_africa,1,1,fall_armyworm,fall_armyworm,0.854002833366394,1,1,1
clean/healthy/real/healthy_maize_desease_v1.1_real_1954.jpg,maize_desease_v1.1,3,3,healthy,healthy,0.8157296776771545,3,3,3
clean/lethal_necrosis/real/lethal_necrosis_multi_desease_real_98732907.jpeg,multi_desease,4,4,lethal_necrosis,lethal_necrosis,0.8380342721939087,4,4,4
clean/northern_corn_leaf_blight/real/northern_corn_leaf_blight_maize_africa_real_12214912.jpg,maize_africa,6,6,northern_corn_leaf_blight,northern_corn_leaf_blight,0.8322908878326416,6,6,6
clean/nitrogen_deficiency/real/nitrogen_deficiency_corn_leaf_roboflow_real_93327600.jpg,corn_leaf_roboflow,5,5,nitrogen_deficiency,nitrogen_deficiency,0.9474691152572632,5,5,5
clean/gray_leaf_spot/real/gray_leaf_spot_corn_leaf_diseases_classification_roboflow_real_e7d3b766.jpg,corn_leaf_diseases_classification_roboflow,2,2,gray_leaf_spot,gray_leaf_spot,0.9267195463180542,2,2,2
clean/northern_corn_leaf_blight/real/northern_corn_leaf_blight_maize_field_real_61633672.jpg,maize_field,6,6,northern_corn_leaf_blight,northern_corn_leaf_blight,0.4254483580589294,0,6,6
clean/northern_corn_leaf_blight/real/northern_corn_leaf_blight_corn_leaf_roboflow_real_24097399.jpg,corn_leaf_roboflow,6,6,northern_corn_leaf_blight,northern_corn_leaf_blight,0.8510684967041016,6,6,6
clean/lethal_necrosis/real/lethal_necrosis_maize_africa_real_81798943.jpg,maize_africa,4,4,lethal_necrosis,lethal_necrosis,0.8392795920372009,4,4,4
clean/fall_armyworm/real/fall_armyworm_maize_africa_real_21609602.jpg,maize_africa,1,1,fall_armyworm,fall_armyworm,0.8197510838508606,1,1,1
clean/fall_armyworm/real/fall_armyworm_maize_africa_real_24303768.jpg,maize_africa,1,1,fall_armyworm,fall_armyworm,0.857353925704956,1,1,1
clean/northern_corn_leaf_blight/lab/northern_corn_leaf_blight_cropdg_lab_263.jpg,cropdg,6,6,northern_corn_leaf_blight,northern_corn_leaf_blight,0.8225879669189453,6,6,6
clean/lethal_necrosis/real/lethal_necrosis_maize_africa_real_37500232.jpg,maize_africa,4,4,lethal_necrosis,lethal_necrosis,0.8436479568481445,4,4,4
clean/fall_armyworm/real/fall_armyworm_multi_desease_real_46533036.jpg,multi_desease,1,1,fall_armyworm,fall_armyworm,0.8579907417297363,1,1,1
clean/phosphorus_deficiency/real/phosphorus_deficiency_maize_deficiency_scanner_roboflow_real_42cac88c.jpg,maize_deficiency_scanner_roboflow,7,7,phosphorus_deficiency,phosphorus_deficiency,0.8951165676116943,7,7,7
clean/gray_leaf_spot/real/gray_leaf_spot_maize_leaf_roboflow_real_b6437bc9.jpg,maize_leaf_roboflow,2,2,gray_leaf_spot,gray_leaf_spot,0.908829152584076,2,2,2
clean/healthy/real/healthy_maize_africa_v1_real_336.jpg,maize_africa_v1,3,3,healthy,healthy,0.8235877752304077,3,3,3
clean/common_rust/lab/common_rust_multi_desease_lab_55915599.jpg,multi_desease,0,0,common_rust,common_rust,0.9122308492660522,0,0,0
clean/gray_leaf_spot/real/gray_leaf_spot_maize_leaf_roboflow_real_60abd083.jpg,maize_leaf_roboflow,2,2,gray_leaf_spot,gray_leaf_spot,0.9092936515808104,2,2,2
clean/lethal_necrosis/real/lethal_necrosis_maize_africa_real_48040520.jpg,maize_africa,4,4,lethal_necrosis,lethal_necrosis,0.8457788825035095,4,4,4
clean/lethal_necrosis/real/lethal_necrosis_multi_desease_real_22444326.jpeg,multi_desease,4,4,lethal_necrosis,lethal_necrosis,0.8353735208511353,4,4,4
clean/lethal_necrosis/real/lethal_necrosis_maize_africa_real_32600135.jpg,maize_africa,4,4,lethal_necrosis,lethal_necrosis,0.8369261026382446,4,4,4
clean/lethal_necrosis/real/lethal_necrosis_multi_desease_real_25069818.jpeg,multi_desease,4,4,lethal_necrosis,lethal_necrosis,0.8297216892242432,4,4,4
clean/northern_corn_leaf_blight/real/northern_corn_leaf_blight_maize_africa_real_14034195.jpg,maize_africa,6,6,northern_corn_leaf_blight,northern_corn_leaf_blight,0.809337854385376,6,6,6
clean/fall_armyworm/real/fall_armyworm_multi_desease_real_81464386.jpg,multi_desease,1,1,fall_armyworm,fall_armyworm,0.8553646802902222,1,1,1
clean/fall_armyworm/real/fall_armyworm_corn_leaf_roboflow_real_31979104.jpg,corn_leaf_roboflow,1,1,fall_armyworm,fall_armyworm,0.6073727607727051,1,3,1
clean/fall_armyworm/real/fall_armyworm_corn_leaf_roboflow_real_83216923.jpg,corn_leaf_roboflow,1,1,fall_armyworm,fall_armyworm,0.8572523593902588,1,1,1
clean/fall_armyworm/real/fall_armyworm_corn_leaf_roboflow_real_55289286.jpg,corn_leaf_roboflow,1,1,fall_armyworm,fall_armyworm,0.8685746192932129,1,1,1
clean/healthy/real/healthy_maize_desease_v1.1_real_4823.jpg,maize_desease_v1.1,3,3,healthy,healthy,0.8098138570785522,3,3,3
clean/healthy/real/healthy_corn_leaf_roboflow_real_89381115.jpg,corn_leaf_roboflow,3,3,healthy,healthy,0.760129451751709,3,3,3
clean/lethal_necrosis/real/lethal_necrosis_multi_desease_real_69728619.jpeg,multi_desease,4,4,lethal_necrosis,lethal_necrosis,0.8319421410560608,4,4,4
clean/lethal_necrosis/real/lethal_necrosis_maize_africa_real_99101648.jpg,maize_africa,4,4,lethal_necrosis,lethal_necrosis,0.8511480093002319,4,4,4
clean/fall_armyworm/real/fall_armyworm_maize_africa_real_67760162.jpg,maize_africa,1,1,fall_armyworm,fall_armyworm,0.8696766495704651,1,1,1
clean/northern_corn_leaf_blight/real/northern_corn_leaf_blight_maize_desease_real_67120614.jpg,maize_desease,6,6,northern_corn_leaf_blight,northern_corn_leaf_blight,0.8258420825004578,6,6,6
clean/healthy/real/healthy_maize_desease_v1.1_real_3591.jpg,maize_desease_v1.1,3,3,healthy,healthy,0.8190985918045044,3,3,3
clean/healthy/real/healthy_cropdg_real_586.jpg,cropdg,3,3,healthy,healthy,0.8319975733757019,3,3,3
clean/fall_armyworm/real/fall_armyworm_maize_africa_real_59819275.jpg,maize_africa,1,1,fall_armyworm,fall_armyworm,0.8590964078903198,1,1,1
clean/lethal_necrosis/real/lethal_necrosis_multi_desease_real_24673996.jpeg,multi_desease,4,4,lethal_necrosis,lethal_necrosis,0.8349225521087646,4,4,4
clean/gray_leaf_spot/lab/gray_leaf_spot_cropdg_lab_61260467.jpg,cropdg,2,2,gray_leaf_spot,gray_leaf_spot,0.4397453665733337,2,6,2
clean/northern_corn_leaf_blight/real/northern_corn_leaf_blight_maize_africa_real_16878871.jpg,maize_africa,6,6,northern_corn_leaf_blight,northern_corn_leaf_blight,0.8221425414085388,6,6,6
clean/gray_leaf_spot/lab/gray_leaf_spot_cropdg_lab_18034584.jpg,cropdg,2,2,gray_leaf_spot,gray_leaf_spot,0.9086917638778688,2,2,2
clean/lethal_necrosis/real/lethal_necrosis_multi_desease_real_43216883.jpeg,multi_desease,4,4,lethal_necrosis,lethal_necrosis,0.8031795024871826,4,4,4
clean/fall_armyworm/real/fall_armyworm_maize_africa_real_90077119.jpg,maize_africa,1,1,fall_armyworm,fall_armyworm,0.8677862882614136,1,1,1
clean/gray_leaf_spot/lab/gray_leaf_spot_cropdg_lab_75995373.jpg,cropdg,2,2,gray_leaf_spot,gray_leaf_spot,0.8157340288162231,2,2,2
clean/healthy/real/healthy_maize_africa_v1.2_real_782.jpg,maize_africa_v1.2,3,3,healthy,healthy,0.8073194026947021,3,3,3
clean/lethal_necrosis/real/lethal_necrosis_maize_africa_real_84479847.jpg,maize_africa,4,4,lethal_necrosis,lethal_necrosis,0.8289310932159424,4,4,4
clean/lethal_necrosis/real/lethal_necrosis_maize_africa_real_30587305.jpg,maize_africa,4,4,lethal_necrosis,lethal_necrosis,0.8420705199241638,4,4,4
clean/northern_corn_leaf_blight/real/northern_corn_leaf_blight_maize_field_real_33230832.jpg,maize_field,6,6,northern_corn_leaf_blight,northern_corn_leaf_blight,0.8224096894264221,6,6,6
clean/healthy/real/healthy_maize_desease_v1.1_real_265.jpg,maize_desease_v1.1,3,3,healthy,healthy,0.8223986625671387,3,3,3
clean/northern_corn_leaf_blight/real/northern_corn_leaf_blight_maize_africa_real_82976559.jpg,maize_africa,6,6,northern_corn_leaf_blight,northern_corn_leaf_blight,0.839276134967804,6,6,6
clean/healthy/real/healthy_maize_desease_v1.1_real_4075.jpg,maize_desease_v1.1,3,3,healthy,healthy,0.8259261846542358,3,3,3
clean/healthy/real/healthy_maize_desease_v1.1_real_3109.jpg,maize_desease_v1.1,3,3,healthy,healthy,0.8130229711532593,3,3,3
clean/fall_armyworm/real/fall_armyworm_corn_leaf_roboflow_real_96509434.jpg,corn_leaf_roboflow,1,1,fall_armyworm,fall_armyworm,0.851371169090271,1,1,1
clean/healthy/real/healthy_maize_desease_v1.1_real_4357.jpg,maize_desease_v1.1,3,3,healthy,healthy,0.8086475133895874,3,3,3
clean/gray_leaf_spot/real/gray_leaf_spot_corn_leaf_diseases_classification_roboflow_real_953c8170.jpg,corn_leaf_diseases_classification_roboflow,2,2,gray_leaf_spot,gray_leaf_spot,0.916916012763977,2,2,2
clean/healthy/real/healthy_maize_desease_v1.1_real_797.jpg,maize_desease_v1.1,3,3,healthy,healthy,0.826216459274292,3,3,3
clean/gray_leaf_spot/real/gray_leaf_spot_corn_leaf_diseases_classification_roboflow_real_68134544.jpg,corn_leaf_diseases_classification_roboflow,2,2,gray_leaf_spot,gray_leaf_spot,0.8938536643981934,2,2,2
clean/healthy/real/healthy_maize_africa_v1.2_real_1782.jpg,maize_africa_v1.2,3,3,healthy,healthy,0.8208653926849365,3,3,3
clean/northern_corn_leaf_blight/real/northern_corn_leaf_blight_maize_desease_real_44131135.jpg,maize_desease,6,6,northern_corn_leaf_blight,northern_corn_leaf_blight,0.8274250030517578,6,6,6
clean/lethal_necrosis/real/lethal_necrosis_maize_africa_real_53553909.jpg,maize_africa,4,4,lethal_necrosis,lethal_necrosis,0.8472157716751099,4,4,4
clean/lethal_necrosis/real/lethal_necrosis_multi_desease_real_43717897.jpeg,multi_desease,4,4,lethal_necrosis,lethal_necrosis,0.8286436796188354,4,4,4
clean/common_rust/lab/common_rust_multi_desease_lab_16748689.jpg,multi_desease,0,0,common_rust,common_rust,0.9055294990539552,0,0,0
clean/lethal_necrosis/real/lethal_necrosis_multi_desease_real_25544239.jpeg,multi_desease,4,4,lethal_necrosis,lethal_necrosis,0.8411062955856323,4,4,4
clean/common_rust/lab/common_rust_maize_desease_lab_60199849.jpg,maize_desease,0,0,common_rust,common_rust,0.9075284600257874,0,0,0
clean/lethal_necrosis/real/lethal_necrosis_maize_africa_real_31917420.jpg,maize_africa,4,4,lethal_necrosis,lethal_necrosis,0.8409217596054077,4,4,4
clean/lethal_necrosis/real/lethal_necrosis_maize_africa_real_21641150.jpg,maize_africa,4,4,lethal_necrosis,lethal_necrosis,0.8420350551605225,4,4,4
clean/northern_corn_leaf_blight/lab/northern_corn_leaf_blight_cropdg_lab_666.jpg,cropdg,6,6,northern_corn_leaf_blight,northern_corn_leaf_blight,0.8228757381439209,6,6,6
clean/fall_armyworm/real/fall_armyworm_maize_africa_real_20647790.jpg,maize_africa,1,1,fall_armyworm,fall_armyworm,0.8576641082763672,1,1,1
clean/northern_corn_leaf_blight/lab/northern_corn_leaf_blight_cropdg_lab_861.jpg,cropdg,6,6,northern_corn_leaf_blight,northern_corn_leaf_blight,0.8167785406112671,6,6,6
clean/northern_corn_leaf_blight/real/northern_corn_leaf_blight_maize_africa_real_89738014.jpg,maize_africa,6,6,northern_corn_leaf_blight,northern_corn_leaf_blight,0.8244075775146484,6,6,6
clean/nitrogen_deficiency/real/nitrogen_deficiency_corn_leaf_roboflow_real_29133200.jpg,corn_leaf_roboflow,5,5,nitrogen_deficiency,nitrogen_deficiency,0.8206033110618591,5,5,5
clean/healthy/real/healthy_maize_desease_v1.1_real_2702.jpg,maize_desease_v1.1,3,3,healthy,healthy,0.8183581829071045,3,3,3
clean/lethal_necrosis/real/lethal_necrosis_multi_desease_real_43669854.jpeg,multi_desease,4,4,lethal_necrosis,lethal_necrosis,0.8447471857070923,4,4,4
clean/gray_leaf_spot/lab/gray_leaf_spot_cropdg_lab_39978786.jpg,cropdg,2,2,gray_leaf_spot,gray_leaf_spot,0.8088896870613098,2,2,2
clean/healthy/real/healthy_maize_desease_v1.1_real_3190.jpg,maize_desease_v1.1,3,3,healthy,healthy,0.8255418539047241,3,3,3
clean/northern_corn_leaf_blight/real/northern_corn_leaf_blight_maize_africa_real_57249606.jpg,maize_africa,6,6,northern_corn_leaf_blight,northern_corn_leaf_blight,0.8335157632827759,6,6,6
clean/northern_corn_leaf_blight/real/northern_corn_leaf_blight_maize_africa_real_18629374.jpg,maize_africa,6,6,northern_corn_leaf_blight,northern_corn_leaf_blight,0.8264956474304199,6,6,6
clean/northern_corn_leaf_blight/real/northern_corn_leaf_blight_maize_desease_real_48649398.jpg,maize_desease,6,6,northern_corn_leaf_blight,northern_corn_leaf_blight,0.8272563219070435,6,6,6
clean/lethal_necrosis/real/lethal_necrosis_multi_desease_real_68231990.jpeg,multi_desease,4,4,lethal_necrosis,lethal_necrosis,0.8492274284362793,4,4,4
clean/common_rust/lab/common_rust_multi_desease_lab_96303533.jpg,multi_desease,0,0,common_rust,common_rust,0.912122130393982,0,0,0
clean/gray_leaf_spot/real/gray_leaf_spot_maize_field_real_45878764.jpg,maize_field,2,2,gray_leaf_spot,gray_leaf_spot,0.8773809671401978,2,2,2
clean/northern_corn_leaf_blight/lab/northern_corn_leaf_blight_cropdg_lab_843.jpg,cropdg,6,6,northern_corn_leaf_blight,northern_corn_leaf_blight,0.8002018928527832,6,6,6
clean/fall_armyworm/real/fall_armyworm_maize_africa_real_63457662.jpg,maize_africa,1,1,fall_armyworm,fall_armyworm,0.8493832349777222,1,1,1
clean/fall_armyworm/real/fall_armyworm_maize_africa_real_15050526.jpg,maize_africa,1,1,fall_armyworm,fall_armyworm,0.8722292184829712,1,1,1
clean/phosphorus_deficiency/real/phosphorus_deficiency_maize_2_roboflow_real_a7f9b0b9.jpg,maize_2_roboflow,7,5,phosphorus_deficiency,nitrogen_deficiency,0.4599419236183166,5,7,5
clean/healthy/real/healthy_maize_desease_v1.1_real_1186.jpg,maize_desease_v1.1,3,3,healthy,healthy,0.8055056929588318,3,3,3
clean/gray_leaf_spot/real/gray_leaf_spot_maize_field_real_36484660.jpg,maize_field,2,2,gray_leaf_spot,gray_leaf_spot,0.92669278383255,2,2,2
clean/gray_leaf_spot/real/gray_leaf_spot_maize_leaf_roboflow_real_bc86fba8.jpg,maize_leaf_roboflow,2,2,gray_leaf_spot,gray_leaf_spot,0.9161765575408936,2,2,2
clean/northern_corn_leaf_blight/real/northern_corn_leaf_blight_maize_africa_real_46879503.jpg,maize_africa,6,6,northern_corn_leaf_blight,northern_corn_leaf_blight,0.8430830836296082,6,6,6
clean/northern_corn_leaf_blight/real/northern_corn_leaf_blight_maize_africa_real_21872861.jpg,maize_africa,6,6,northern_corn_leaf_blight,northern_corn_leaf_blight,0.8253840208053589,6,6,6
clean/common_rust/lab/common_rust_maize_desease_lab_56526588.jpg,maize_desease,0,0,common_rust,common_rust,0.9026713371276855,0,0,0
clean/fall_armyworm/real/fall_armyworm_maize_africa_real_58991064.jpg,maize_africa,1,1,fall_armyworm,fall_armyworm,0.8620176911354065,1,1,1
clean/northern_corn_leaf_blight/real/northern_corn_leaf_blight_maize_africa_real_89258285.jpg,maize_africa,6,6,northern_corn_leaf_blight,northern_corn_leaf_blight,0.8405866622924805,6,6,6
clean/common_rust/lab/common_rust_multi_desease_lab_58715469.jpg,multi_desease,0,0,common_rust,common_rust,0.9017071723937988,0,0,0
clean/healthy/real/healthy_maize_desease_v1.1_real_3794.jpg,maize_desease_v1.1,3,3,healthy,healthy,0.8225265741348267,3,3,3
clean/lethal_necrosis/real/lethal_necrosis_multi_desease_real_89568727.jpeg,multi_desease,4,4,lethal_necrosis,lethal_necrosis,0.8379902839660645,4,4,4
clean/healthy/real/healthy_maize_desease_v1.1_real_153.jpg,maize_desease_v1.1,3,3,healthy,healthy,0.8261418342590332,3,3,3
clean/lethal_necrosis/real/lethal_necrosis_multi_desease_real_63824934.jpeg,multi_desease,4,4,lethal_necrosis,lethal_necrosis,0.8388916850090027,4,4,4
clean/northern_corn_leaf_blight/real/northern_corn_leaf_blight_maize_africa_real_86431616.jpg,maize_africa,6,6,northern_corn_leaf_blight,northern_corn_leaf_blight,0.8278734087944031,6,6,6
clean/northern_corn_leaf_blight/real/northern_corn_leaf_blight_maize_africa_real_96594604.jpg,maize_africa,6,6,northern_corn_leaf_blight,northern_corn_leaf_blight,0.8268902897834778,6,6,6
clean/fall_armyworm/real/fall_armyworm_multi_desease_real_73946553.jpg,multi_desease,1,1,fall_armyworm,fall_armyworm,0.862302839756012,1,1,1
clean/nitrogen_deficiency/real/nitrogen_deficiency_maize_2_roboflow_real_b2349b67.jpg,maize_2_roboflow,5,5,nitrogen_deficiency,nitrogen_deficiency,0.6643335819244385,6,5,5
clean/lethal_necrosis/real/lethal_necrosis_maize_africa_real_25551777.jpg,maize_africa,4,4,lethal_necrosis,lethal_necrosis,0.8512969613075256,4,4,4
clean/common_rust/real/common_rust_maize_field_real_21429159.jpg,maize_field,0,0,common_rust,common_rust,0.603122353553772,0,0,2
clean/healthy/real/healthy_cropdg_real_895.jpg,cropdg,3,3,healthy,healthy,0.8188115954399109,3,3,3
clean/phosphorus_deficiency/real/phosphorus_deficiency_maize_nutrient_real_45638161.jpeg,maize_nutrient,7,7,phosphorus_deficiency,phosphorus_deficiency,0.8630695343017578,7,7,7
clean/northern_corn_leaf_blight/real/northern_corn_leaf_blight_maize_desease_real_33302864.jpg,maize_desease,6,6,northern_corn_leaf_blight,northern_corn_leaf_blight,0.8296637535095215,6,6,6
clean/northern_corn_leaf_blight/real/northern_corn_leaf_blight_maize_field_real_65257176.jpg,maize_field,6,6,northern_corn_leaf_blight,northern_corn_leaf_blight,0.7545348405838013,6,6,6
clean/northern_corn_leaf_blight/lab/northern_corn_leaf_blight_cropdg_lab_928.jpg,cropdg,6,6,northern_corn_leaf_blight,northern_corn_leaf_blight,0.8229261636734009,6,6,6
clean/potassium_deficiency/real/potassium_deficiency_maize_deficiency_scanner_roboflow_real_3999e8ad.jpg,maize_deficiency_scanner_roboflow,8,8,potassium_deficiency,potassium_deficiency,0.96071195602417,8,8,8
clean/gray_leaf_spot/real/gray_leaf_spot_maize_field_real_12293101.jpg,maize_field,2,2,gray_leaf_spot,gray_leaf_spot,0.6722191572189331,2,3,2
clean/healthy/real/healthy_maize_africa_v1.2_real_245.jpg,maize_africa_v1.2,3,3,healthy,healthy,0.8164913654327393,3,3,3
clean/fall_armyworm/real/fall_armyworm_corn_leaf_roboflow_real_49953084.jpg,corn_leaf_roboflow,1,1,fall_armyworm,fall_armyworm,0.8428206443786621,1,1,1
clean/healthy/real/healthy_maize_desease_v1.1_real_927.jpg,maize_desease_v1.1,3,3,healthy,healthy,0.8183674812316895,3,3,3
clean/lethal_necrosis/real/lethal_necrosis_multi_desease_real_16129371.jpeg,multi_desease,4,4,lethal_necrosis,lethal_necrosis,0.8502719402313232,4,4,4
clean/lethal_necrosis/real/lethal_necrosis_multi_desease_real_90366540.jpeg,multi_desease,4,4,lethal_necrosis,lethal_necrosis,0.8351232409477234,4,4,4
clean/northern_corn_leaf_blight/real/northern_corn_leaf_blight_corn_leaf_roboflow_real_95837548.jpg,corn_leaf_roboflow,6,6,northern_corn_leaf_blight,northern_corn_leaf_blight,0.8452391624450684,6,6,6
clean/healthy/real/healthy_maize_africa_v1.2_real_927.jpg,maize_africa_v1.2,3,3,healthy,healthy,0.81967693567276,3,3,3
clean/fall_armyworm/real/fall_armyworm_maize_africa_real_39953907.jpg,maize_africa,1,1,fall_armyworm,fall_armyworm,0.8516876101493835,1,1,1
clean/northern_corn_leaf_blight/real/northern_corn_leaf_blight_maize_desease_real_80862331.jpg,maize_desease,6,6,northern_corn_leaf_blight,northern_corn_leaf_blight,0.8379440307617188,6,6,6
clean/fall_armyworm/real/fall_armyworm_corn_leaf_roboflow_real_77282090.jpg,corn_leaf_roboflow,1,1,fall_armyworm,fall_armyworm,0.8540391325950623,1,1,1
clean/northern_corn_leaf_blight/real/northern_corn_leaf_blight_maize_africa_real_29580978.jpg,maize_africa,6,6,northern_corn_leaf_blight,northern_corn_leaf_blight,0.84598708152771,6,6,6
clean/lethal_necrosis/real/lethal_necrosis_multi_desease_real_19474738.jpeg,multi_desease,4,4,lethal_necrosis,lethal_necrosis,0.8446909785270691,4,4,4
clean/lethal_necrosis/real/lethal_necrosis_multi_desease_real_98791645.jpeg,multi_desease,4,4,lethal_necrosis,lethal_necrosis,0.8350145816802979,4,4,4
clean/lethal_necrosis/real/lethal_necrosis_multi_desease_real_36772899.jpeg,multi_desease,4,4,lethal_necrosis,lethal_necrosis,0.8473113775253296,4,4,4
clean/lethal_necrosis/real/lethal_necrosis_multi_desease_real_49810173.jpeg,multi_desease,4,4,lethal_necrosis,lethal_necrosis,0.8318270444869995,4,4,4
clean/northern_corn_leaf_blight/real/northern_corn_leaf_blight_maize_desease_real_77647740.jpg,maize_desease,6,6,northern_corn_leaf_blight,northern_corn_leaf_blight,0.8335394859313965,6,6,6
clean/lethal_necrosis/real/lethal_necrosis_multi_desease_real_16643962.jpeg,multi_desease,4,4,lethal_necrosis,lethal_necrosis,0.6966664791107178,4,4,4
clean/phosphorus_deficiency/real/phosphorus_deficiency_corn_leaf_roboflow_real_19979416.jpg,corn_leaf_roboflow,7,7,phosphorus_deficiency,phosphorus_deficiency,0.9370052814483644,7,7,7
clean/healthy/real/healthy_maize_desease_v1.1_real_2230.jpg,maize_desease_v1.1,3,3,healthy,healthy,0.822320818901062,3,3,3
clean/northern_corn_leaf_blight/real/northern_corn_leaf_blight_maize_africa_real_39867905.jpg,maize_africa,6,6,northern_corn_leaf_blight,northern_corn_leaf_blight,0.8309743404388428,6,6,6
clean/fall_armyworm/real/fall_armyworm_multi_desease_real_53204422.jpg,multi_desease,1,1,fall_armyworm,fall_armyworm,0.8614875674247742,1,1,1
clean/gray_leaf_spot/real/gray_leaf_spot_maize_field_real_68287015.jpg,maize_field,2,2,gray_leaf_spot,gray_leaf_spot,0.8947315812110901,2,2,2
clean/fall_armyworm/real/fall_armyworm_corn_leaf_roboflow_real_74019784.jpg,corn_leaf_roboflow,1,1,fall_armyworm,fall_armyworm,0.6318200826644897,3,1,1
clean/healthy/real/healthy_maize_desease_v1.1_real_5210.jpg,maize_desease_v1.1,3,3,healthy,healthy,0.8169978857040405,3,3,3
clean/gray_leaf_spot/real/gray_leaf_spot_corn_leaf_diseases_classification_roboflow_real_634fe9b0.jpg,corn_leaf_diseases_classification_roboflow,2,2,gray_leaf_spot,gray_leaf_spot,0.9191988110542296,2,2,2
clean/healthy/real/healthy_maize_desease_v1.1_real_687.jpg,maize_desease_v1.1,3,3,healthy,healthy,0.8224213123321533,3,3,3
clean/northern_corn_leaf_blight/lab/northern_corn_leaf_blight_cropdg_lab_521.jpg,cropdg,6,6,northern_corn_leaf_blight,northern_corn_leaf_blight,0.7685122489929199,6,6,6
clean/northern_corn_leaf_blight/real/northern_corn_leaf_blight_corn_leaf_roboflow_real_98027336.jpg,corn_leaf_roboflow,6,6,northern_corn_leaf_blight,northern_corn_leaf_blight,0.8552224040031433,6,6,6
clean/healthy/real/healthy_maize_africa_v1.2_real_1344.jpg,maize_africa_v1.2,3,3,healthy,healthy,0.8231098055839539,3,3,3
clean/healthy/real/healthy_maize_desease_v1.1_real_5162.jpg,maize_desease_v1.1,3,3,healthy,healthy,0.8115251064300537,3,3,3
clean/healthy/real/healthy_maize_desease_v1.1_real_4089.jpg,maize_desease_v1.1,3,3,healthy,healthy,0.8078699707984924,3,3,3
clean/healthy/real/healthy_maize_africa_v1.2_real_1049.jpg,maize_africa_v1.2,3,3,healthy,healthy,0.820913553237915,3,3,3
clean/healthy/real/healthy_maize_africa_v1_real_168.jpg,maize_africa_v1,3,3,healthy,healthy,0.8098657131195068,3,3,3
clean/healthy/real/healthy_maize_desease_v1.1_real_4059.jpg,maize_desease_v1.1,3,3,healthy,healthy,0.8197484016418457,3,3,3
clean/healthy/real/healthy_corn_leaf_roboflow_real_21704598.jpg,corn_leaf_roboflow,3,3,healthy,healthy,0.8106048107147217,3,3,3
clean/northern_corn_leaf_blight/real/northern_corn_leaf_blight_maize_africa_real_27138840.jpg,maize_africa,6,6,northern_corn_leaf_blight,northern_corn_leaf_blight,0.8259780406951904,6,6,6
clean/common_rust/lab/common_rust_maize_desease_lab_70529713.jpg,maize_desease,0,0,common_rust,common_rust,0.9061497449874878,0,0,0
clean/fall_armyworm/real/fall_armyworm_maize_africa_real_84430940.jpg,maize_africa,1,1,fall_armyworm,fall_armyworm,0.3997229337692261,1,1,6
clean/nitrogen_deficiency/real/nitrogen_deficiency_corn_leaf_roboflow_real_24925885.jpg,corn_leaf_roboflow,5,5,nitrogen_deficiency,nitrogen_deficiency,0.9414744973182678,5,5,5
clean/healthy/real/healthy_maize_desease_v1.1_real_2660.jpg,maize_desease_v1.1,3,3,healthy,healthy,0.8063933849334717,3,3,3
clean/northern_corn_leaf_blight/real/northern_corn_leaf_blight_maize_africa_real_98293130.jpg,maize_africa,6,6,northern_corn_leaf_blight,northern_corn_leaf_blight,0.837273895740509,6,6,6
clean/lethal_necrosis/real/lethal_necrosis_maize_africa_real_24790594.jpg,maize_africa,4,4,lethal_necrosis,lethal_necrosis,0.8568225502967834,4,4,4
clean/northern_corn_leaf_blight/lab/northern_corn_leaf_blight_cropdg_lab_638.jpg,cropdg,6,2,northern_corn_leaf_blight,gray_leaf_spot,0.4410454332828522,2,6,6
clean/healthy/real/healthy_maize_desease_v1.1_real_4091.jpg,maize_desease_v1.1,3,3,healthy,healthy,0.8150455951690674,3,3,3
clean/lethal_necrosis/real/lethal_necrosis_maize_africa_real_65081471.jpg,maize_africa,4,4,lethal_necrosis,lethal_necrosis,0.8433070778846741,4,4,4
clean/lethal_necrosis/real/lethal_necrosis_maize_africa_real_48407487.jpg,maize_africa,4,4,lethal_necrosis,lethal_necrosis,0.8434032201766968,4,4,4
clean/lethal_necrosis/real/lethal_necrosis_maize_africa_real_85060523.jpg,maize_africa,4,4,lethal_necrosis,lethal_necrosis,0.8492723703384399,4,4,4
clean/potassium_deficiency/real/potassium_deficiency_maize_2_roboflow_real_73339842.jpg,maize_2_roboflow,8,8,potassium_deficiency,potassium_deficiency,0.962457537651062,8,8,8
clean/northern_corn_leaf_blight/lab/northern_corn_leaf_blight_cropdg_lab_985.jpg,cropdg,6,6,northern_corn_leaf_blight,northern_corn_leaf_blight,0.8298265337944031,6,6,6
clean/healthy/real/healthy_maize_desease_v1.1_real_2194.jpg,maize_desease_v1.1,3,3,healthy,healthy,0.8213812708854675,3,3,3
clean/fall_armyworm/real/fall_armyworm_multi_desease_real_16319732.jpg,multi_desease,1,1,fall_armyworm,fall_armyworm,0.8716440796852112,1,1,1
clean/lethal_necrosis/real/lethal_necrosis_multi_desease_real_79754683.jpeg,multi_desease,4,4,lethal_necrosis,lethal_necrosis,0.8276682496070862,4,4,4
clean/fall_armyworm/real/fall_armyworm_multi_desease_real_93317964.jpg,multi_desease,1,1,fall_armyworm,fall_armyworm,0.8628566265106201,1,1,1
clean/lethal_necrosis/real/lethal_necrosis_maize_africa_real_85705529.jpg,maize_africa,4,4,lethal_necrosis,lethal_necrosis,0.8434658050537109,4,4,4
clean/fall_armyworm/real/fall_armyworm_maize_africa_real_71455509.jpg,maize_africa,1,1,fall_armyworm,fall_armyworm,0.8696015477180481,1,1,1
clean/gray_leaf_spot/lab/gray_leaf_spot_cropdg_lab_29393460.jpg,cropdg,2,2,gray_leaf_spot,gray_leaf_spot,0.8951653242111206,2,2,2
clean/nitrogen_deficiency/real/nitrogen_deficiency_corn_leaf_roboflow_real_45029418.jpg,corn_leaf_roboflow,5,5,nitrogen_deficiency,nitrogen_deficiency,0.587867021560669,5,5,5
clean/northern_corn_leaf_blight/real/northern_corn_leaf_blight_maize_desease_real_29652099.jpg,maize_desease,6,6,northern_corn_leaf_blight,northern_corn_leaf_blight,0.8299492597579956,6,6,6
clean/potassium_deficiency/real/potassium_deficiency_corn_leaf_roboflow_real_41604518.jpg,corn_leaf_roboflow,8,5,potassium_deficiency,nitrogen_deficiency,0.9471233487129213,5,5,5
clean/common_rust/lab/common_rust_multi_desease_lab_94267153.jpg,multi_desease,0,0,common_rust,common_rust,0.9022347331047058,0,0,0
clean/fall_armyworm/real/fall_armyworm_maize_africa_real_57835081.jpg,maize_africa,1,1,fall_armyworm,fall_armyworm,0.8576695919036865,1,1,1
clean/northern_corn_leaf_blight/lab/northern_corn_leaf_blight_cropdg_lab_763.jpg,cropdg,6,6,northern_corn_leaf_blight,northern_corn_leaf_blight,0.6864983439445496,6,6,6
clean/lethal_necrosis/real/lethal_necrosis_maize_africa_real_23658908.jpg,maize_africa,4,4,lethal_necrosis,lethal_necrosis,0.8402551412582397,4,4,4
clean/northern_corn_leaf_blight/real/northern_corn_leaf_blight_maize_africa_real_78837031.jpg,maize_africa,6,6,northern_corn_leaf_blight,northern_corn_leaf_blight,0.8287478685379028,6,6,6
clean/common_rust/lab/common_rust_maize_desease_lab_95836383.jpg,maize_desease,0,0,common_rust,common_rust,0.9099352955818176,0,0,0
clean/lethal_necrosis/real/lethal_necrosis_maize_africa_real_72079074.jpg,maize_africa,4,4,lethal_necrosis,lethal_necrosis,0.8448042869567871,4,4,4
clean/fall_armyworm/real/fall_armyworm_corn_leaf_roboflow_real_90637295.jpg,corn_leaf_roboflow,1,1,fall_armyworm,fall_armyworm,0.859925389289856,1,1,1
clean/healthy/real/healthy_maize_africa_v1.2_real_1027.jpg,maize_africa_v1.2,3,3,healthy,healthy,0.817096471786499,3,3,3
clean/common_rust/lab/common_rust_multi_desease_lab_12505562.jpg,multi_desease,0,0,common_rust,common_rust,0.909140408039093,0,0,0
clean/healthy/real/healthy_maize_desease_v1.1_real_3019.jpg,maize_desease_v1.1,3,3,healthy,healthy,0.8142911195755005,3,3,3
clean/lethal_necrosis/real/lethal_necrosis_maize_africa_real_55140542.jpg,maize_africa,4,4,lethal_necrosis,lethal_necrosis,0.8529894351959229,4,4,4
clean/northern_corn_leaf_blight/real/northern_corn_leaf_blight_maize_africa_real_47901556.jpg,maize_africa,6,6,northern_corn_leaf_blight,northern_corn_leaf_blight,0.8323380351066589,6,6,6
clean/healthy/real/healthy_maize_africa_v1.2_real_1090.jpg,maize_africa_v1.2,3,3,healthy,healthy,0.8208820223808289,3,3,3
clean/fall_armyworm/real/fall_armyworm_maize_africa_real_15462756.jpg,maize_africa,1,1,fall_armyworm,fall_armyworm,0.836525022983551,1,1,1
clean/healthy/real/healthy_maize_africa_v1.2_real_1554.jpg,maize_africa_v1.2,3,3,healthy,healthy,0.801018476486206,3,3,3
clean/fall_armyworm/real/fall_armyworm_multi_desease_real_49070958.jpg,multi_desease,1,1,fall_armyworm,fall_armyworm,0.7874845266342163,1,1,1
clean/northern_corn_leaf_blight/lab/northern_corn_leaf_blight_cropdg_lab_857.jpg,cropdg,6,6,northern_corn_leaf_blight,northern_corn_leaf_blight,0.7865575551986694,6,6,6
clean/healthy/real/healthy_maize_africa_v1_real_187.jpg,maize_africa_v1,3,3,healthy,healthy,0.8199006915092468,3,3,3
clean/lethal_necrosis/real/lethal_necrosis_maize_africa_real_99318858.jpg,maize_africa,4,4,lethal_necrosis,lethal_necrosis,0.8506966829299927,4,4,4
clean/gray_leaf_spot/real/gray_leaf_spot_corn_leaf_diseases_classification_roboflow_real_6d7d472a.jpg,corn_leaf_diseases_classification_roboflow,2,2,gray_leaf_spot,gray_leaf_spot,0.586089015007019,2,2,2
clean/northern_corn_leaf_blight/real/northern_corn_leaf_blight_corn_leaf_roboflow_real_79527293.jpg,corn_leaf_roboflow,6,6,northern_corn_leaf_blight,northern_corn_leaf_blight,0.8418773412704468,6,6,6
clean/healthy/real/healthy_maize_africa_v1.2_real_1718.jpg,maize_africa_v1.2,3,3,healthy,healthy,0.810859739780426,3,3,3
clean/healthy/real/healthy_maize_desease_v1.1_real_3219.jpg,maize_desease_v1.1,3,3,healthy,healthy,0.8196045160293579,3,3,3
clean/lethal_necrosis/real/lethal_necrosis_multi_desease_real_59752822.jpeg,multi_desease,4,4,lethal_necrosis,lethal_necrosis,0.8456317186355591,4,4,4
clean/healthy/real/healthy_cropdg_real_856.jpg,cropdg,3,3,healthy,healthy,0.8204365968704224,3,3,3
clean/common_rust/lab/common_rust_maize_desease_lab_99946159.jpg,maize_desease,0,0,common_rust,common_rust,0.904926061630249,0,0,0
clean/lethal_necrosis/real/lethal_necrosis_multi_desease_real_14668164.jpeg,multi_desease,4,4,lethal_necrosis,lethal_necrosis,0.827666163444519,4,4,4
clean/gray_leaf_spot/lab/gray_leaf_spot_cropdg_lab_72839897.jpg,cropdg,2,2,gray_leaf_spot,gray_leaf_spot,0.8553564548492432,2,2,2
clean/fall_armyworm/real/fall_armyworm_corn_leaf_roboflow_real_61500570.jpg,corn_leaf_roboflow,1,1,fall_armyworm,fall_armyworm,0.8551182746887207,1,1,1
clean/healthy/real/healthy_maize_africa_v1.2_real_1582.jpg,maize_africa_v1.2,3,3,healthy,healthy,0.7718590497970581,3,3,3
clean/northern_corn_leaf_blight/real/northern_corn_leaf_blight_maize_africa_real_62679240.jpg,maize_africa,6,6,northern_corn_leaf_blight,northern_corn_leaf_blight,0.8287439942359924,6,6,6
clean/fall_armyworm/real/fall_armyworm_maize_africa_real_44990946.jpg,maize_africa,1,1,fall_armyworm,fall_armyworm,0.8572591543197632,1,1,1
clean/healthy/real/healthy_cropdg_real_616.jpg,cropdg,3,3,healthy,healthy,0.8263196349143982,3,3,3
clean/healthy/real/healthy_maize_africa_v1_real_459.jpg,maize_africa_v1,3,3,healthy,healthy,0.8056303262710571,3,3,3
clean/healthy/real/healthy_maize_desease_v1.1_real_722.jpg,maize_desease_v1.1,3,3,healthy,healthy,0.8225185871124268,3,3,3
clean/common_rust/lab/common_rust_maize_desease_lab_45315995.jpg,maize_desease,0,0,common_rust,common_rust,0.9080355167388916,0,0,0
clean/healthy/real/healthy_maize_africa_v1.2_real_350.jpg,maize_africa_v1.2,3,3,healthy,healthy,0.8198029398918152,3,3,3
clean/common_rust/lab/common_rust_multi_desease_lab_60092033.jpg,multi_desease,0,0,common_rust,common_rust,0.9041812419891356,0,0,0
clean/common_rust/lab/common_rust_maize_desease_lab_87721495.jpg,maize_desease,0,0,common_rust,common_rust,0.910258412361145,0,0,0
clean/healthy/real/healthy_maize_desease_v1.1_real_4854.jpg,maize_desease_v1.1,3,3,healthy,healthy,0.8260206580162048,3,3,3
clean/lethal_necrosis/real/lethal_necrosis_multi_desease_real_49734447.jpeg,multi_desease,4,4,lethal_necrosis,lethal_necrosis,0.8343681693077087,4,4,4
clean/fall_armyworm/real/fall_armyworm_multi_desease_real_50928719.jpg,multi_desease,1,1,fall_armyworm,fall_armyworm,0.8614057898521423,1,1,1
clean/lethal_necrosis/real/lethal_necrosis_maize_africa_real_84993212.jpg,maize_africa,4,4,lethal_necrosis,lethal_necrosis,0.8418305516242981,4,4,4
clean/healthy/real/healthy_corn_leaf_roboflow_real_66872989.jpg,corn_leaf_roboflow,3,3,healthy,healthy,0.8001117706298828,3,3,3
clean/lethal_necrosis/real/lethal_necrosis_maize_africa_real_67681677.jpg,maize_africa,4,4,lethal_necrosis,lethal_necrosis,0.8388976454734802,4,4,4
clean/lethal_necrosis/real/lethal_necrosis_multi_desease_real_27224706.jpeg,multi_desease,4,4,lethal_necrosis,lethal_necrosis,0.843561053276062,4,4,4
clean/nitrogen_deficiency/real/nitrogen_deficiency_corn_leaf_roboflow_real_12425680.jpg,corn_leaf_roboflow,5,5,nitrogen_deficiency,nitrogen_deficiency,0.9241102933883668,5,5,5
clean/lethal_necrosis/real/lethal_necrosis_multi_desease_real_62832532.jpeg,multi_desease,4,4,lethal_necrosis,lethal_necrosis,0.8307081460952759,4,4,4
clean/common_rust/real/common_rust_maize_field_real_33224713.jpg,maize_field,0,0,common_rust,common_rust,0.6701921224594116,6,0,0
clean/lethal_necrosis/real/lethal_necrosis_maize_africa_real_15730659.jpg,maize_africa,4,4,lethal_necrosis,lethal_necrosis,0.843518853187561,4,4,4
clean/healthy/real/healthy_maize_desease_v1.1_real_4831.jpg,maize_desease_v1.1,3,3,healthy,healthy,0.8188127279281616,3,3,3
clean/lethal_necrosis/real/lethal_necrosis_maize_africa_real_53255438.jpg,maize_africa,4,4,lethal_necrosis,lethal_necrosis,0.8347818851470947,4,4,4
clean/healthy/real/healthy_maize_africa_v1.2_real_1436.jpg,maize_africa_v1.2,3,3,healthy,healthy,0.80378258228302,3,3,3
clean/healthy/real/healthy_maize_desease_v1.1_real_4777.jpg,maize_desease_v1.1,3,3,healthy,healthy,0.8138517141342163,3,3,3
clean/common_rust/lab/common_rust_maize_desease_lab_17637903.jpg,maize_desease,0,0,common_rust,common_rust,0.906602144241333,0,0,0
clean/common_rust/lab/common_rust_maize_desease_lab_87084478.jpg,maize_desease,0,0,common_rust,common_rust,0.9061431884765624,0,0,0
clean/common_rust/lab/common_rust_maize_desease_lab_97650073.jpg,maize_desease,0,0,common_rust,common_rust,0.9037859439849854,0,0,0
clean/lethal_necrosis/real/lethal_necrosis_maize_africa_real_70310319.jpg,maize_africa,4,4,lethal_necrosis,lethal_necrosis,0.7852658033370972,4,4,4
clean/gray_leaf_spot/real/gray_leaf_spot_corn_leaf_diseases_classification_roboflow_real_3f2fa049.jpg,corn_leaf_diseases_classification_roboflow,2,2,gray_leaf_spot,gray_leaf_spot,0.8998028039932251,2,2,2
clean/fall_armyworm/real/fall_armyworm_corn_leaf_roboflow_real_10586345.jpg,corn_leaf_roboflow,1,1,fall_armyworm,fall_armyworm,0.8507327437400818,1,1,1
clean/northern_corn_leaf_blight/real/northern_corn_leaf_blight_maize_africa_real_34232519.jpg,maize_africa,6,6,northern_corn_leaf_blight,northern_corn_leaf_blight,0.8335555791854858,6,6,6
clean/healthy/real/healthy_maize_desease_v1.1_real_2644.jpg,maize_desease_v1.1,3,3,healthy,healthy,0.8136513233184814,3,3,3
clean/fall_armyworm/real/fall_armyworm_multi_desease_real_74968504.jpg,multi_desease,1,1,fall_armyworm,fall_armyworm,0.8549977540969849,1,1,1
clean/healthy/real/healthy_cropdg_real_676.jpg,cropdg,3,3,healthy,healthy,0.8257385492324829,3,3,3
clean/healthy/real/healthy_maize_desease_v1.1_real_99.jpg,maize_desease_v1.1,3,3,healthy,healthy,0.8103410005569458,3,3,3
clean/phosphorus_deficiency/real/phosphorus_deficiency_maize_deficiency_scanner_roboflow_real_32d08cd9.jpg,maize_deficiency_scanner_roboflow,7,7,phosphorus_deficiency,phosphorus_deficiency,0.9325248599052428,7,7,7
clean/lethal_necrosis/real/lethal_necrosis_multi_desease_real_68724590.jpeg,multi_desease,4,4,lethal_necrosis,lethal_necrosis,0.8590705990791321,4,4,4
clean/healthy/real/healthy_maize_desease_v1.1_real_758.jpg,maize_desease_v1.1,3,3,healthy,healthy,0.8220875859260559,3,3,3
clean/northern_corn_leaf_blight/real/northern_corn_leaf_blight_maize_africa_real_41472611.jpg,maize_africa,6,6,northern_corn_leaf_blight,northern_corn_leaf_blight,0.8333882093429565,6,6,6
clean/healthy/real/healthy_maize_desease_v1.1_real_4966.jpg,maize_desease_v1.1,3,3,healthy,healthy,0.8227847814559937,3,3,3
clean/northern_corn_leaf_blight/real/northern_corn_leaf_blight_maize_africa_real_11189393.jpg,maize_africa,6,6,northern_corn_leaf_blight,northern_corn_leaf_blight,0.8482155799865723,6,6,6
clean/lethal_necrosis/real/lethal_necrosis_maize_africa_real_45720704.jpg,maize_africa,4,4,lethal_necrosis,lethal_necrosis,0.8446182608604431,4,4,4
clean/lethal_necrosis/real/lethal_necrosis_multi_desease_real_70215172.jpeg,multi_desease,4,4,lethal_necrosis,lethal_necrosis,0.847074031829834,4,4,4
clean/fall_armyworm/real/fall_armyworm_corn_leaf_roboflow_real_81677265.jpg,corn_leaf_roboflow,1,1,fall_armyworm,fall_armyworm,0.8623272180557251,1,1,1
clean/lethal_necrosis/real/lethal_necrosis_maize_africa_real_53658169.jpg,maize_africa,4,4,lethal_necrosis,lethal_necrosis,0.8450591564178467,4,4,4
clean/lethal_necrosis/real/lethal_necrosis_maize_africa_real_47281567.jpg,maize_africa,4,4,lethal_necrosis,lethal_necrosis,0.8462123870849609,4,4,4
clean/northern_corn_leaf_blight/real/northern_corn_leaf_blight_maize_africa_real_81372414.jpg,maize_africa,6,6,northern_corn_leaf_blight,northern_corn_leaf_blight,0.8065110445022583,6,6,6
clean/healthy/real/healthy_maize_desease_v1.1_real_3725.jpg,maize_desease_v1.1,3,3,healthy,healthy,0.810090184211731,3,3,3
clean/fall_armyworm/real/fall_armyworm_multi_desease_real_15295620.jpg,multi_desease,1,1,fall_armyworm,fall_armyworm,0.8481225371360779,1,1,1
clean/northern_corn_leaf_blight/real/northern_corn_leaf_blight_maize_africa_real_83924743.jpg,maize_africa,6,6,northern_corn_leaf_blight,northern_corn_leaf_blight,0.8286545276641846,6,6,6
clean/healthy/real/healthy_cropdg_real_147.jpg,cropdg,3,3,healthy,healthy,0.8191459774971008,3,3,3
clean/nitrogen_deficiency/real/nitrogen_deficiency_maize_nutrient_real_68228209.jpeg,maize_nutrient,5,5,nitrogen_deficiency,nitrogen_deficiency,0.954626202583313,5,5,5
clean/northern_corn_leaf_blight/real/northern_corn_leaf_blight_maize_africa_real_65225173.jpg,maize_africa,6,6,northern_corn_leaf_blight,northern_corn_leaf_blight,0.7821921706199646,6,6,6
clean/potassium_deficiency/real/potassium_deficiency_corn_leaf_roboflow_real_33558827.jpg,corn_leaf_roboflow,8,8,potassium_deficiency,potassium_deficiency,0.7930235862731934,8,8,5
clean/northern_corn_leaf_blight/real/northern_corn_leaf_blight_corn_leaf_roboflow_real_52504098.jpg,corn_leaf_roboflow,6,6,northern_corn_leaf_blight,northern_corn_leaf_blight,0.6360840201377869,6,6,6
clean/northern_corn_leaf_blight/lab/northern_corn_leaf_blight_cropdg_lab_659.jpg,cropdg,6,6,northern_corn_leaf_blight,northern_corn_leaf_blight,0.5472527742385864,2,6,6
clean/fall_armyworm/real/fall_armyworm_multi_desease_real_49053755.jpg,multi_desease,1,1,fall_armyworm,fall_armyworm,0.8561349511146545,1,1,1
clean/healthy/real/healthy_maize_desease_v1.1_real_1224.jpg,maize_desease_v1.1,3,3,healthy,healthy,0.8163319230079651,3,3,3
clean/healthy/real/healthy_cropdg_real_342.jpg,cropdg,3,3,healthy,healthy,0.8255595564842224,3,3,3
clean/gray_leaf_spot/real/gray_leaf_spot_maize_field_real_73135066.jpg,maize_field,2,2,gray_leaf_spot,gray_leaf_spot,0.9234389066696168,2,2,2
clean/healthy/real/healthy_maize_desease_v1.1_real_2125.jpg,maize_desease_v1.1,3,3,healthy,healthy,0.820978045463562,3,3,3
clean/nitrogen_deficiency/real/nitrogen_deficiency_corn_leaf_roboflow_real_55435637.jpg,corn_leaf_roboflow,5,5,nitrogen_deficiency,nitrogen_deficiency,0.950405478477478,5,5,5
clean/northern_corn_leaf_blight/real/northern_corn_leaf_blight_maize_africa_real_88170122.jpg,maize_africa,6,6,northern_corn_leaf_blight,northern_corn_leaf_blight,0.8385553956031799,6,6,6
clean/healthy/real/healthy_maize_africa_v1.2_real_479.jpg,maize_africa_v1.2,3,3,healthy,healthy,0.8078592419624329,3,3,3
clean/fall_armyworm/real/fall_armyworm_corn_leaf_roboflow_real_70312314.jpg,corn_leaf_roboflow,1,1,fall_armyworm,fall_armyworm,0.8716259598731995,1,1,1
clean/northern_corn_leaf_blight/real/northern_corn_leaf_blight_maize_africa_real_89823751.jpg,maize_africa,6,6,northern_corn_leaf_blight,northern_corn_leaf_blight,0.82980877161026,6,6,6
clean/lethal_necrosis/real/lethal_necrosis_maize_africa_real_76489163.jpg,maize_africa,4,4,lethal_necrosis,lethal_necrosis,0.8352909684181213,4,4,4
clean/northern_corn_leaf_blight/lab/northern_corn_leaf_blight_cropdg_lab_194.jpg,cropdg,6,6,northern_corn_leaf_blight,northern_corn_leaf_blight,0.8266236186027527,6,6,6
clean/healthy/real/healthy_maize_desease_v1.1_real_4137.jpg,maize_desease_v1.1,3,3,healthy,healthy,0.8180616497993469,3,3,3
clean/fall_armyworm/real/fall_armyworm_maize_africa_real_41769405.jpg,maize_africa,1,1,fall_armyworm,fall_armyworm,0.869111180305481,1,1,1
clean/lethal_necrosis/real/lethal_necrosis_maize_africa_real_23806234.jpg,maize_africa,4,4,lethal_necrosis,lethal_necrosis,0.8416168689727783,4,4,4
clean/healthy/real/healthy_maize_africa_v1.2_real_873.jpg,maize_africa_v1.2,3,3,healthy,healthy,0.7993314266204834,3,3,3
clean/common_rust/lab/common_rust_maize_desease_lab_91714740.jpg,maize_desease,0,0,common_rust,common_rust,0.8950103521347046,0,0,0
clean/northern_corn_leaf_blight/real/northern_corn_leaf_blight_maize_africa_real_24608511.jpg,maize_africa,6,6,northern_corn_leaf_blight,northern_corn_leaf_blight,0.8353577852249146,6,6,6
clean/lethal_necrosis/real/lethal_necrosis_multi_desease_real_96936114.jpeg,multi_desease,4,4,lethal_necrosis,lethal_necrosis,0.8394793272018433,4,4,4
clean/healthy/real/healthy_maize_desease_v1.1_real_859.jpg,maize_desease_v1.1,3,3,healthy,healthy,0.8251789212226868,3,3,3
clean/common_rust/real/common_rust_maize_field_real_37344267.jpg,maize_field,0,0,common_rust,common_rust,0.7419881820678711,0,0,0
clean/healthy/real/healthy_maize_desease_v1.1_real_2333.jpg,maize_desease_v1.1,3,3,healthy,healthy,0.8289510011672974,3,3,3
clean/common_rust/lab/common_rust_maize_desease_lab_21563711.jpg,maize_desease,0,0,common_rust,common_rust,0.9046680927276612,0,0,0
clean/healthy/real/healthy_maize_africa_v1.2_real_943.jpg,maize_africa_v1.2,3,3,healthy,healthy,0.8222540616989136,3,3,3
clean/common_rust/lab/common_rust_maize_desease_lab_14143463.jpg,maize_desease,0,0,common_rust,common_rust,0.9055558443069458,0,0,0
clean/gray_leaf_spot/real/gray_leaf_spot_maize_leaf_roboflow_real_ea305c08.jpg,maize_leaf_roboflow,2,2,gray_leaf_spot,gray_leaf_spot,0.9290443658828736,2,2,2
clean/healthy/real/healthy_maize_africa_v1.2_real_961.jpg,maize_africa_v1.2,3,3,healthy,healthy,0.818839967250824,3,3,3
clean/northern_corn_leaf_blight/real/northern_corn_leaf_blight_maize_desease_real_16785934.jpg,maize_desease,6,6,northern_corn_leaf_blight,northern_corn_leaf_blight,0.8225749135017395,6,6,6
clean/northern_corn_leaf_blight/real/northern_corn_leaf_blight_maize_africa_real_30835335.jpg,maize_africa,6,6,northern_corn_leaf_blight,northern_corn_leaf_blight,0.8397864103317261,6,6,6
clean/fall_armyworm/real/fall_armyworm_corn_leaf_roboflow_real_72828341.jpg,corn_leaf_roboflow,1,1,fall_armyworm,fall_armyworm,0.8525246977806091,1,1,1
clean/common_rust/lab/common_rust_maize_desease_lab_14630656.jpg,maize_desease,0,0,common_rust,common_rust,0.9013109803199768,0,0,0
clean/fall_armyworm/real/fall_armyworm_multi_desease_real_23423869.jpg,multi_desease,1,1,fall_armyworm,fall_armyworm,0.8585336208343506,1,1,1
clean/nitrogen_deficiency/real/nitrogen_deficiency_corn_leaf_roboflow_real_57507624.jpg,corn_leaf_roboflow,5,5,nitrogen_deficiency,nitrogen_deficiency,0.927424132823944,5,5,5
clean/gray_leaf_spot/real/gray_leaf_spot_maize_field_real_75388192.jpg,maize_field,2,2,gray_leaf_spot,gray_leaf_spot,0.905896544456482,2,2,2
clean/phosphorus_deficiency/real/phosphorus_deficiency_maize_nutrient_real_22646761.jpeg,maize_nutrient,7,7,phosphorus_deficiency,phosphorus_deficiency,0.9046638011932372,7,7,7
clean/nitrogen_deficiency/real/nitrogen_deficiency_corn_leaf_roboflow_real_92460264.jpg,corn_leaf_roboflow,5,5,nitrogen_deficiency,nitrogen_deficiency,0.9145580530166626,5,5,5
clean/common_rust/lab/common_rust_maize_desease_lab_80523675.jpg,maize_desease,0,0,common_rust,common_rust,0.9140514731407166,0,0,0
clean/healthy/real/healthy_maize_desease_v1.1_real_4713.jpg,maize_desease_v1.1,3,3,healthy,healthy,0.8097542524337769,3,3,3
clean/lethal_necrosis/real/lethal_necrosis_multi_desease_real_12814669.jpeg,multi_desease,4,4,lethal_necrosis,lethal_necrosis,0.8484271168708801,4,4,4
clean/fall_armyworm/real/fall_armyworm_maize_africa_real_99990837.jpg,maize_africa,1,1,fall_armyworm,fall_armyworm,0.8592774271965027,1,1,1
clean/lethal_necrosis/real/lethal_necrosis_multi_desease_real_50285887.jpeg,multi_desease,4,4,lethal_necrosis,lethal_necrosis,0.8473498225212097,4,4,4
clean/northern_corn_leaf_blight/real/northern_corn_leaf_blight_maize_africa_real_85032784.jpg,maize_africa,6,6,northern_corn_leaf_blight,northern_corn_leaf_blight,0.8087490797042847,6,6,6
clean/northern_corn_leaf_blight/real/northern_corn_leaf_blight_maize_africa_real_20744518.jpg,maize_africa,6,6,northern_corn_leaf_blight,northern_corn_leaf_blight,0.8331335783004761,6,6,6
clean/healthy/real/healthy_maize_desease_v1.1_real_3071.jpg,maize_desease_v1.1,3,3,healthy,healthy,0.8273575901985168,3,3,3
clean/healthy/real/healthy_cropdg_real_353.jpg,cropdg,3,3,healthy,healthy,0.81266188621521,3,3,3
clean/northern_corn_leaf_blight/lab/northern_corn_leaf_blight_cropdg_lab_496.jpg,cropdg,6,6,northern_corn_leaf_blight,northern_corn_leaf_blight,0.8369289636611938,6,6,6
clean/healthy/real/healthy_maize_desease_v1.1_real_3708.jpg,maize_desease_v1.1,3,3,healthy,healthy,0.8203680515289307,3,3,3
clean/healthy/real/healthy_maize_desease_v1.1_real_48.jpg,maize_desease_v1.1,3,3,healthy,healthy,0.820488691329956,3,3,3
clean/healthy/real/healthy_maize_desease_v1.1_real_2505.jpg,maize_desease_v1.1,3,3,healthy,healthy,0.8185389637947083,3,3,3
clean/healthy/real/healthy_maize_desease_v1.1_real_279.jpg,maize_desease_v1.1,3,3,healthy,healthy,0.8183499574661255,3,3,3
clean/phosphorus_deficiency/real/phosphorus_deficiency_maize_deficiency_scanner_roboflow_real_bb5f8305.jpg,maize_deficiency_scanner_roboflow,7,7,phosphorus_deficiency,phosphorus_deficiency,0.8040992617607117,7,7,7
clean/northern_corn_leaf_blight/lab/northern_corn_leaf_blight_cropdg_lab_322.jpg,cropdg,6,6,northern_corn_leaf_blight,northern_corn_leaf_blight,0.8315030932426453,6,6,6
clean/lethal_necrosis/real/lethal_necrosis_maize_africa_real_84058962.jpg,maize_africa,4,4,lethal_necrosis,lethal_necrosis,0.8342219591140747,4,4,4
clean/common_rust/lab/common_rust_multi_desease_lab_70677816.jpg,multi_desease,0,0,common_rust,common_rust,0.8937094807624817,0,0,0
clean/northern_corn_leaf_blight/real/northern_corn_leaf_blight_maize_desease_real_46514593.jpg,maize_desease,6,6,northern_corn_leaf_blight,northern_corn_leaf_blight,0.8309422731399536,6,6,6
clean/healthy/real/healthy_maize_desease_v1.1_real_3711.jpg,maize_desease_v1.1,3,3,healthy,healthy,0.8251146674156189,3,3,3
clean/lethal_necrosis/real/lethal_necrosis_maize_africa_real_42732364.jpg,maize_africa,4,4,lethal_necrosis,lethal_necrosis,0.8422158360481262,4,4,4
clean/gray_leaf_spot/lab/gray_leaf_spot_cropdg_lab_22242732.jpg,cropdg,2,2,gray_leaf_spot,gray_leaf_spot,0.9215360879898072,2,2,2
clean/common_rust/lab/common_rust_multi_desease_lab_27184458.jpg,multi_desease,0,0,common_rust,common_rust,0.9098384976387024,0,0,0
clean/lethal_necrosis/real/lethal_necrosis_maize_africa_real_55776783.jpg,maize_africa,4,4,lethal_necrosis,lethal_necrosis,0.8462910056114197,4,4,4
clean/lethal_necrosis/real/lethal_necrosis_multi_desease_real_13729436.jpeg,multi_desease,4,4,lethal_necrosis,lethal_necrosis,0.8380788564682007,4,4,4
clean/healthy/real/healthy_maize_desease_v1.1_real_2532.jpg,maize_desease_v1.1,3,3,healthy,healthy,0.8228999376296997,3,3,3
clean/fall_armyworm/real/fall_armyworm_maize_africa_real_62056129.jpg,maize_africa,1,1,fall_armyworm,fall_armyworm,0.8583759069442749,1,1,1
clean/common_rust/lab/common_rust_multi_desease_lab_41704082.jpg,multi_desease,0,0,common_rust,common_rust,0.9061607122421264,0,0,0
clean/healthy/real/healthy_maize_desease_v1.1_real_2356.jpg,maize_desease_v1.1,3,3,healthy,healthy,0.8115344047546387,3,3,3
clean/phosphorus_deficiency/real/phosphorus_deficiency_maize_nutrient_real_62175899.jpeg,maize_nutrient,7,7,phosphorus_deficiency,phosphorus_deficiency,0.9015946984291076,7,7,7
clean/nitrogen_deficiency/real/nitrogen_deficiency_corn_leaf_roboflow_real_81146572.jpg,corn_leaf_roboflow,5,5,nitrogen_deficiency,nitrogen_deficiency,0.9474356174468994,5,5,5
clean/fall_armyworm/real/fall_armyworm_multi_desease_real_46114532.jpg,multi_desease,1,1,fall_armyworm,fall_armyworm,0.8610773086547852,1,1,1
clean/healthy/real/healthy_maize_desease_v1.1_real_2064.jpg,maize_desease_v1.1,3,3,healthy,healthy,0.8203438520431519,3,3,3
clean/common_rust/lab/common_rust_multi_desease_lab_36431095.jpg,multi_desease,0,0,common_rust,common_rust,0.9007834196090698,0,0,0
clean/gray_leaf_spot/real/gray_leaf_spot_maize_field_real_39881527.jpg,maize_field,2,2,gray_leaf_spot,gray_leaf_spot,0.9281516075134276,2,2,2
clean/fall_armyworm/real/fall_armyworm_maize_africa_real_70826964.jpg,maize_africa,1,1,fall_armyworm,fall_armyworm,0.8657867312431335,1,1,1
clean/lethal_necrosis/real/lethal_necrosis_maize_africa_real_50274443.jpg,maize_africa,4,4,lethal_necrosis,lethal_necrosis,0.8355228900909424,4,4,4
clean/fall_armyworm/real/fall_armyworm_maize_africa_real_95965068.jpg,maize_africa,1,1,fall_armyworm,fall_armyworm,0.8518497347831726,1,1,1
clean/fall_armyworm/real/fall_armyworm_maize_africa_real_39038450.jpg,maize_africa,1,1,fall_armyworm,fall_armyworm,0.8669254183769226,1,1,1
clean/lethal_necrosis/real/lethal_necrosis_maize_africa_real_32216504.jpg,maize_africa,4,4,lethal_necrosis,lethal_necrosis,0.8418220281600952,4,4,4
clean/fall_armyworm/real/fall_armyworm_maize_africa_real_68135536.jpg,maize_africa,1,1,fall_armyworm,fall_armyworm,0.859886646270752,1,1,1
clean/lethal_necrosis/real/lethal_necrosis_maize_africa_real_57795495.jpg,maize_africa,4,4,lethal_necrosis,lethal_necrosis,0.846111536026001,4,4,4
clean/lethal_necrosis/real/lethal_necrosis_maize_africa_real_48061890.jpg,maize_africa,4,4,lethal_necrosis,lethal_necrosis,0.8371556401252747,4,4,4
clean/common_rust/lab/common_rust_maize_desease_lab_60155152.jpg,maize_desease,0,0,common_rust,common_rust,0.9059685468673706,0,0,0
clean/healthy/real/healthy_maize_desease_v1.1_real_792.jpg,maize_desease_v1.1,3,3,healthy,healthy,0.8122619390487671,3,3,3
clean/northern_corn_leaf_blight/real/northern_corn_leaf_blight_maize_africa_real_39921618.jpg,maize_africa,6,6,northern_corn_leaf_blight,northern_corn_leaf_blight,0.830679178237915,6,6,6
clean/northern_corn_leaf_blight/real/northern_corn_leaf_blight_corn_leaf_roboflow_real_21000847.jpg,corn_leaf_roboflow,6,6,northern_corn_leaf_blight,northern_corn_leaf_blight,0.8505136966705322,6,6,6
clean/healthy/real/healthy_maize_africa_v1_real_234.jpg,maize_africa_v1,3,3,healthy,healthy,0.8072396516799927,3,3,3
clean/common_rust/lab/common_rust_multi_desease_lab_44662296.jpg,multi_desease,0,0,common_rust,common_rust,0.9053360819816588,0,0,0
clean/lethal_necrosis/real/lethal_necrosis_maize_africa_real_15134433.jpg,maize_africa,4,4,lethal_necrosis,lethal_necrosis,0.841366171836853,4,4,4
clean/northern_corn_leaf_blight/real/northern_corn_leaf_blight_maize_africa_real_10155508.jpg,maize_africa,6,6,northern_corn_leaf_blight,northern_corn_leaf_blight,0.8376062512397766,6,6,6
clean/lethal_necrosis/real/lethal_necrosis_multi_desease_real_38537379.jpeg,multi_desease,4,4,lethal_necrosis,lethal_necrosis,0.8473631739616394,4,4,4
clean/healthy/real/healthy_maize_desease_v1.1_real_1771.jpg,maize_desease_v1.1,3,3,healthy,healthy,0.8202311992645264,3,3,3
clean/healthy/real/healthy_maize_desease_v1.1_real_4107.jpg,maize_desease_v1.1,3,3,healthy,healthy,0.8244595527648926,3,3,3
clean/fall_armyworm/real/fall_armyworm_multi_desease_real_25924907.jpg,multi_desease,1,1,fall_armyworm,fall_armyworm,0.8577275276184082,1,1,1
clean/northern_corn_leaf_blight/real/northern_corn_leaf_blight_maize_africa_real_45230967.jpg,maize_africa,6,6,northern_corn_leaf_blight,northern_corn_leaf_blight,0.8306549787521362,6,6,6
clean/lethal_necrosis/real/lethal_necrosis_multi_desease_real_53273777.jpeg,multi_desease,4,4,lethal_necrosis,lethal_necrosis,0.8492429256439209,4,4,4
clean/northern_corn_leaf_blight/real/northern_corn_leaf_blight_maize_africa_real_34742189.jpg,maize_africa,6,6,northern_corn_leaf_blight,northern_corn_leaf_blight,0.8344781398773193,6,6,6
clean/potassium_deficiency/real/potassium_deficiency_corn_leaf_roboflow_real_31658412.jpg,corn_leaf_roboflow,8,8,potassium_deficiency,potassium_deficiency,0.94402414560318,8,8,8
clean/fall_armyworm/real/fall_armyworm_maize_africa_real_37550369.jpg,maize_africa,1,1,fall_armyworm,fall_armyworm,0.6615122556686401,1,1,3
clean/lethal_necrosis/real/lethal_necrosis_multi_desease_real_60548039.jpeg,multi_desease,4,4,lethal_necrosis,lethal_necrosis,0.8450171947479248,4,4,4
clean/lethal_necrosis/real/lethal_necrosis_multi_desease_real_30214668.jpeg,multi_desease,4,4,lethal_necrosis,lethal_necrosis,0.8424749970436096,4,4,4
clean/healthy/real/healthy_maize_desease_v1.1_real_4120.jpg,maize_desease_v1.1,3,3,healthy,healthy,0.8206769227981567,3,3,3
clean/healthy/real/healthy_maize_desease_v1.1_real_1395.jpg,maize_desease_v1.1,3,3,healthy,healthy,0.8181279897689819,3,3,3
clean/northern_corn_leaf_blight/real/northern_corn_leaf_blight_maize_africa_real_87686882.jpg,maize_africa,6,6,northern_corn_leaf_blight,northern_corn_leaf_blight,0.8297329545021057,6,6,6
clean/healthy/real/healthy_maize_desease_v1.1_real_3167.jpg,maize_desease_v1.1,3,3,healthy,healthy,0.8177417516708374,3,3,3
clean/common_rust/lab/common_rust_maize_desease_lab_86710468.jpg,maize_desease,0,0,common_rust,common_rust,0.8991624116897583,0,0,0
clean/healthy/real/healthy_corn_leaf_roboflow_real_58454349.jpg,corn_leaf_roboflow,3,3,healthy,healthy,0.8055172562599182,3,3,3
clean/potassium_deficiency/real/potassium_deficiency_maize_nutrient_real_27177516.jpeg,maize_nutrient,8,8,potassium_deficiency,potassium_deficiency,0.8931210041046143,8,8,8
clean/fall_armyworm/real/fall_armyworm_multi_desease_real_20956668.jpg,multi_desease,1,1,fall_armyworm,fall_armyworm,0.8632833957672119,1,1,1
clean/gray_leaf_spot/real/gray_leaf_spot_maize_field_real_38412879.jpg,maize_field,2,2,gray_leaf_spot,gray_leaf_spot,0.6820631623268127,2,2,2
clean/northern_corn_leaf_blight/real/northern_corn_leaf_blight_maize_africa_real_18606561.jpg,maize_africa,6,6,northern_corn_leaf_blight,northern_corn_leaf_blight,0.8218184113502502,6,6,6
clean/phosphorus_deficiency/real/phosphorus_deficiency_maize_2_roboflow_real_9928720a.jpg,maize_2_roboflow,7,7,phosphorus_deficiency,phosphorus_deficiency,0.7841795682907104,7,7,7
clean/healthy/real/healthy_maize_africa_v1_real_311.jpg,maize_africa_v1,3,3,healthy,healthy,0.8340002298355103,3,3,3
clean/lethal_necrosis/real/lethal_necrosis_maize_africa_real_33050039.jpg,maize_africa,4,4,lethal_necrosis,lethal_necrosis,0.8404321074485779,4,4,4
clean/lethal_necrosis/real/lethal_necrosis_maize_africa_real_47514408.jpg,maize_africa,4,4,lethal_necrosis,lethal_necrosis,0.8464005589485168,4,4,4
clean/northern_corn_leaf_blight/real/northern_corn_leaf_blight_maize_desease_real_98463760.jpg,maize_desease,6,6,northern_corn_leaf_blight,northern_corn_leaf_blight,0.8344168066978455,6,6,6
clean/northern_corn_leaf_blight/real/northern_corn_leaf_blight_corn_leaf_roboflow_real_54589287.jpg,corn_leaf_roboflow,6,6,northern_corn_leaf_blight,northern_corn_leaf_blight,0.8417202234268188,6,6,6
clean/healthy/real/healthy_maize_desease_v1.1_real_2662.jpg,maize_desease_v1.1,3,3,healthy,healthy,0.8191444873809814,3,3,3
clean/lethal_necrosis/real/lethal_necrosis_maize_africa_real_71444484.jpg,maize_africa,4,4,lethal_necrosis,lethal_necrosis,0.8333753347396851,4,4,4
clean/lethal_necrosis/real/lethal_necrosis_maize_africa_real_73034432.jpg,maize_africa,4,4,lethal_necrosis,lethal_necrosis,0.846998393535614,4,4,4
clean/lethal_necrosis/real/lethal_necrosis_maize_africa_real_82983282.jpg,maize_africa,4,4,lethal_necrosis,lethal_necrosis,0.8373898267745972,4,4,4
clean/fall_armyworm/real/fall_armyworm_multi_desease_real_89091005.jpg,multi_desease,1,1,fall_armyworm,fall_armyworm,0.8365912437438965,1,1,1
clean/northern_corn_leaf_blight/real/northern_corn_leaf_blight_maize_africa_real_95649240.jpg,maize_africa,6,6,northern_corn_leaf_blight,northern_corn_leaf_blight,0.8213774561882019,6,6,6
clean/northern_corn_leaf_blight/real/northern_corn_leaf_blight_corn_leaf_roboflow_real_50680276.jpg,corn_leaf_roboflow,6,6,northern_corn_leaf_blight,northern_corn_leaf_blight,0.8244541883468628,6,6,6
clean/fall_armyworm/real/fall_armyworm_multi_desease_real_68663027.jpg,multi_desease,1,1,fall_armyworm,fall_armyworm,0.8614180088043213,1,1,1
clean/healthy/real/healthy_maize_desease_v1.1_real_3470.jpg,maize_desease_v1.1,3,3,healthy,healthy,0.8223124146461487,3,3,3
clean/fall_armyworm/real/fall_armyworm_maize_africa_real_87946279.jpg,maize_africa,1,1,fall_armyworm,fall_armyworm,0.8625120520591736,1,1,1
clean/lethal_necrosis/real/lethal_necrosis_maize_africa_real_30045298.jpg,maize_africa,4,4,lethal_necrosis,lethal_necrosis,0.8449609279632568,4,4,4
clean/common_rust/lab/common_rust_maize_desease_lab_21109394.jpg,maize_desease,0,0,common_rust,common_rust,0.9135314226150512,0,0,0
clean/lethal_necrosis/real/lethal_necrosis_multi_desease_real_74465180.jpeg,multi_desease,4,4,lethal_necrosis,lethal_necrosis,0.8308250904083252,4,4,4
clean/potassium_deficiency/real/potassium_deficiency_maize_2_roboflow_real_98507b88.jpg,maize_2_roboflow,8,8,potassium_deficiency,potassium_deficiency,0.9624558687210084,8,8,8
clean/healthy/real/healthy_maize_desease_v1.1_real_3729.jpg,maize_desease_v1.1,3,3,healthy,healthy,0.8226941823959351,3,3,3
clean/healthy/real/healthy_maize_africa_v1.2_real_1064.jpg,maize_africa_v1.2,3,3,healthy,healthy,0.8064029812812805,3,3,3
clean/phosphorus_deficiency/real/phosphorus_deficiency_corn_leaf_roboflow_real_65860947.jpg,corn_leaf_roboflow,7,7,phosphorus_deficiency,phosphorus_deficiency,0.9162880182266236,7,7,7
clean/healthy/real/healthy_cropdg_real_28.jpg,cropdg,3,3,healthy,healthy,0.805694580078125,3,3,3
clean/nitrogen_deficiency/real/nitrogen_deficiency_corn_leaf_roboflow_real_42377538.jpg,corn_leaf_roboflow,5,5,nitrogen_deficiency,nitrogen_deficiency,0.9438804388046264,5,5,5
clean/gray_leaf_spot/real/gray_leaf_spot_maize_field_real_94549412.jpg,maize_field,2,2,gray_leaf_spot,gray_leaf_spot,0.8155120611190796,2,2,2
clean/lethal_necrosis/real/lethal_necrosis_multi_desease_real_42966679.jpeg,multi_desease,4,4,lethal_necrosis,lethal_necrosis,0.8448024988174438,4,4,4
clean/healthy/real/healthy_maize_africa_v1_real_135.jpg,maize_africa_v1,3,3,healthy,healthy,0.7814028859138489,3,3,3
clean/gray_leaf_spot/lab/gray_leaf_spot_cropdg_lab_20278609.jpg,cropdg,2,6,gray_leaf_spot,northern_corn_leaf_blight,0.5810362696647644,2,6,6
clean/fall_armyworm/real/fall_armyworm_multi_desease_real_38082849.jpg,multi_desease,1,1,fall_armyworm,fall_armyworm,0.8674600720405579,1,1,1
clean/nitrogen_deficiency/real/nitrogen_deficiency_corn_leaf_roboflow_real_57768555.jpg,corn_leaf_roboflow,5,5,nitrogen_deficiency,nitrogen_deficiency,0.946755588054657,5,5,5
clean/lethal_necrosis/real/lethal_necrosis_multi_desease_real_86196875.jpeg,multi_desease,4,4,lethal_necrosis,lethal_necrosis,0.8373334407806396,4,4,4
clean/healthy/real/healthy_cropdg_real_344.jpg,cropdg,3,3,healthy,healthy,0.8173611164093018,3,3,3
clean/northern_corn_leaf_blight/real/northern_corn_leaf_blight_maize_africa_real_52685013.jpg,maize_africa,6,6,northern_corn_leaf_blight,northern_corn_leaf_blight,0.8175870180130005,6,6,6
clean/common_rust/lab/common_rust_maize_desease_lab_58987818.jpg,maize_desease,0,0,common_rust,common_rust,0.9095561504364014,0,0,0
clean/lethal_necrosis/real/lethal_necrosis_maize_africa_real_58755785.jpg,maize_africa,4,4,lethal_necrosis,lethal_necrosis,0.6458590030670166,4,4,4
clean/lethal_necrosis/real/lethal_necrosis_multi_desease_real_26118073.jpeg,multi_desease,4,4,lethal_necrosis,lethal_necrosis,0.8331076502799988,4,4,4
clean/lethal_necrosis/real/lethal_necrosis_maize_africa_real_19377342.jpg,maize_africa,4,4,lethal_necrosis,lethal_necrosis,0.8423824310302734,4,4,4
clean/healthy/real/healthy_maize_desease_v1.1_real_3257.jpg,maize_desease_v1.1,3,3,healthy,healthy,0.8062921762466431,3,3,3
clean/fall_armyworm/real/fall_armyworm_maize_africa_real_79204575.jpg,maize_africa,1,1,fall_armyworm,fall_armyworm,0.8557629585266113,1,1,1
clean/healthy/real/healthy_maize_desease_v1.1_real_1372.jpg,maize_desease_v1.1,3,3,healthy,healthy,0.8220793008804321,3,3,3
clean/lethal_necrosis/real/lethal_necrosis_maize_africa_real_24602513.jpg,maize_africa,4,4,lethal_necrosis,lethal_necrosis,0.8352407217025757,4,4,4
clean/gray_leaf_spot/real/gray_leaf_spot_maize_field_real_12968960.jpg,maize_field,2,2,gray_leaf_spot,gray_leaf_spot,0.925344467163086,2,2,2
clean/healthy/real/healthy_maize_desease_v1.1_real_3101.jpg,maize_desease_v1.1,3,3,healthy,healthy,0.8253076076507568,3,3,3
clean/potassium_deficiency/real/potassium_deficiency_maize_2_roboflow_real_9b324df9.jpg,maize_2_roboflow,8,8,potassium_deficiency,potassium_deficiency,0.9721661806106568,8,8,8
clean/healthy/real/healthy_maize_africa_v1.2_real_1407.jpg,maize_africa_v1.2,3,3,healthy,healthy,0.8017383813858032,3,3,3
clean/fall_armyworm/real/fall_armyworm_maize_africa_real_90837463.jpg,maize_africa,1,1,fall_armyworm,fall_armyworm,0.6137945652008057,3,1,1
clean/healthy/real/healthy_cropdg_real_880.jpg,cropdg,3,3,healthy,healthy,0.8081791996955872,3,3,3
clean/gray_leaf_spot/real/gray_leaf_spot_maize_field_real_22058445.jpg,maize_field,2,1,gray_leaf_spot,fall_armyworm,0.8411726951599121,1,1,1
clean/northern_corn_leaf_blight/real/northern_corn_leaf_blight_maize_africa_real_96453280.jpg,maize_africa,6,6,northern_corn_leaf_blight,northern_corn_leaf_blight,0.8189173340797424,6,6,6
clean/northern_corn_leaf_blight/real/northern_corn_leaf_blight_maize_africa_real_91725097.jpg,maize_africa,6,6,northern_corn_leaf_blight,northern_corn_leaf_blight,0.8276872634887695,6,6,6
clean/northern_corn_leaf_blight/real/northern_corn_leaf_blight_maize_africa_real_44393989.jpg,maize_africa,6,6,northern_corn_leaf_blight,northern_corn_leaf_blight,0.8451581001281738,6,6,6
clean/healthy/real/healthy_maize_desease_v1.1_real_535.jpg,maize_desease_v1.1,3,3,healthy,healthy,0.8192450404167175,3,3,3
clean/lethal_necrosis/real/lethal_necrosis_maize_africa_real_61067667.jpg,maize_africa,4,4,lethal_necrosis,lethal_necrosis,0.8412985801696777,4,4,4
clean/northern_corn_leaf_blight/real/northern_corn_leaf_blight_maize_africa_real_29221971.jpg,maize_africa,6,6,northern_corn_leaf_blight,northern_corn_leaf_blight,0.8259984850883484,6,6,6
clean/northern_corn_leaf_blight/real/northern_corn_leaf_blight_maize_desease_real_83806713.jpg,maize_desease,6,6,northern_corn_leaf_blight,northern_corn_leaf_blight,0.8400847911834717,6,6,6
clean/lethal_necrosis/real/lethal_necrosis_maize_africa_real_44049772.jpg,maize_africa,4,4,lethal_necrosis,lethal_necrosis,0.8444991111755371,4,4,4
clean/gray_leaf_spot/real/gray_leaf_spot_maize_field_real_38499881.jpg,maize_field,2,2,gray_leaf_spot,gray_leaf_spot,0.384656012058258,2,3,6
clean/fall_armyworm/real/fall_armyworm_multi_desease_real_32764330.jpg,multi_desease,1,1,fall_armyworm,fall_armyworm,0.851770281791687,1,1,1
clean/phosphorus_deficiency/real/phosphorus_deficiency_corn_leaf_roboflow_real_16973038.jpg,corn_leaf_roboflow,7,7,phosphorus_deficiency,phosphorus_deficiency,0.9442906379699708,7,7,7
clean/fall_armyworm/real/fall_armyworm_corn_leaf_roboflow_real_49063701.jpg,corn_leaf_roboflow,1,1,fall_armyworm,fall_armyworm,0.5784412622451782,1,1,1
clean/lethal_necrosis/real/lethal_necrosis_multi_desease_real_74540343.jpeg,multi_desease,4,4,lethal_necrosis,lethal_necrosis,0.8497480750083923,4,4,4
clean/lethal_necrosis/real/lethal_necrosis_maize_africa_real_84909320.jpg,maize_africa,4,4,lethal_necrosis,lethal_necrosis,0.8374719619750977,4,4,4
clean/lethal_necrosis/real/lethal_necrosis_multi_desease_real_76500906.jpeg,multi_desease,4,4,lethal_necrosis,lethal_necrosis,0.7555925846099854,4,4,4
clean/fall_armyworm/real/fall_armyworm_maize_africa_real_97192316.jpg,maize_africa,1,1,fall_armyworm,fall_armyworm,0.8529601097106934,1,1,1
clean/fall_armyworm/real/fall_armyworm_corn_leaf_roboflow_real_26394419.jpg,corn_leaf_roboflow,1,1,fall_armyworm,fall_armyworm,0.8384690284729004,1,1,1
clean/northern_corn_leaf_blight/real/northern_corn_leaf_blight_maize_africa_real_46358369.jpg,maize_africa,6,6,northern_corn_leaf_blight,northern_corn_leaf_blight,0.8390029668807983,6,6,6
clean/lethal_necrosis/real/lethal_necrosis_maize_africa_real_93140989.jpg,maize_africa,4,4,lethal_necrosis,lethal_necrosis,0.8478772044181824,4,4,4
clean/healthy/real/healthy_maize_desease_v1.1_real_504.jpg,maize_desease_v1.1,3,3,healthy,healthy,0.820793092250824,3,3,3
clean/northern_corn_leaf_blight/real/northern_corn_leaf_blight_maize_africa_real_34058684.jpg,maize_africa,6,6,northern_corn_leaf_blight,northern_corn_leaf_blight,0.8141191601753235,6,6,6
clean/fall_armyworm/real/fall_armyworm_maize_africa_real_12138772.jpg,maize_africa,1,1,fall_armyworm,fall_armyworm,0.8756026029586792,1,1,1
clean/healthy/real/healthy_maize_desease_v1.1_real_2367.jpg,maize_desease_v1.1,3,3,healthy,healthy,0.8175114393234253,3,3,3
clean/northern_corn_leaf_blight/real/northern_corn_leaf_blight_maize_africa_real_69797494.jpg,maize_africa,6,6,northern_corn_leaf_blight,northern_corn_leaf_blight,0.8259980082511902,6,6,6
clean/fall_armyworm/real/fall_armyworm_maize_africa_real_62688707.jpg,maize_africa,1,1,fall_armyworm,fall_armyworm,0.8535455465316772,1,1,1
clean/lethal_necrosis/real/lethal_necrosis_maize_africa_real_56744940.jpg,maize_africa,4,4,lethal_necrosis,lethal_necrosis,0.8351611495018005,4,4,4
clean/healthy/real/healthy_maize_africa_v1.2_real_1325.jpg,maize_africa_v1.2,3,3,healthy,healthy,0.8040321469306946,3,3,3
clean/northern_corn_leaf_blight/real/northern_corn_leaf_blight_maize_africa_real_31116000.jpg,maize_africa,6,6,northern_corn_leaf_blight,northern_corn_leaf_blight,0.829418420791626,6,6,6
clean/lethal_necrosis/real/lethal_necrosis_maize_africa_real_65260758.jpg,maize_africa,4,4,lethal_necrosis,lethal_necrosis,0.8412624001502991,4,4,4
clean/northern_corn_leaf_blight/real/northern_corn_leaf_blight_maize_africa_real_20385901.jpg,maize_africa,6,6,northern_corn_leaf_blight,northern_corn_leaf_blight,0.8297019004821777,6,6,6
clean/gray_leaf_spot/lab/gray_leaf_spot_cropdg_lab_21248635.jpg,cropdg,2,2,gray_leaf_spot,gray_leaf_spot,0.4546228647232055,2,6,6
clean/phosphorus_deficiency/real/phosphorus_deficiency_maize_nutrient_real_63656599.jpeg,maize_nutrient,7,7,phosphorus_deficiency,phosphorus_deficiency,0.7318994998931885,7,7,7
clean/northern_corn_leaf_blight/real/northern_corn_leaf_blight_maize_africa_real_11440223.jpg,maize_africa,6,6,northern_corn_leaf_blight,northern_corn_leaf_blight,0.8300533890724182,6,6,6
clean/nitrogen_deficiency/real/nitrogen_deficiency_maize_2_roboflow_real_2f599ea8.jpg,maize_2_roboflow,5,8,nitrogen_deficiency,potassium_deficiency,0.5134225487709045,8,5,8
clean/fall_armyworm/real/fall_armyworm_multi_desease_real_25870645.jpg,multi_desease,1,1,fall_armyworm,fall_armyworm,0.634630024433136,2,1,1
clean/northern_corn_leaf_blight/lab/northern_corn_leaf_blight_cropdg_lab_166.jpg,cropdg,6,6,northern_corn_leaf_blight,northern_corn_leaf_blight,0.8325613737106323,6,6,6
clean/fall_armyworm/real/fall_armyworm_multi_desease_real_23361042.jpg,multi_desease,1,1,fall_armyworm,fall_armyworm,0.8603258728981018,1,1,1
clean/northern_corn_leaf_blight/real/northern_corn_leaf_blight_maize_desease_real_87346908.jpg,maize_desease,6,6,northern_corn_leaf_blight,northern_corn_leaf_blight,0.8293085098266602,6,6,6
clean/healthy/real/healthy_maize_desease_v1.1_real_4431.jpg,maize_desease_v1.1,3,3,healthy,healthy,0.8192933797836304,3,3,3
clean/lethal_necrosis/real/lethal_necrosis_maize_africa_real_90486182.jpg,maize_africa,4,4,lethal_necrosis,lethal_necrosis,0.85556960105896,4,4,4
clean/northern_corn_leaf_blight/real/northern_corn_leaf_blight_maize_africa_real_59712593.jpg,maize_africa,6,6,northern_corn_leaf_blight,northern_corn_leaf_blight,0.8396213054656982,6,6,6
clean/northern_corn_leaf_blight/real/northern_corn_leaf_blight_maize_africa_real_49721707.jpg,maize_africa,6,6,northern_corn_leaf_blight,northern_corn_leaf_blight,0.8287791013717651,6,6,6
clean/nitrogen_deficiency/real/nitrogen_deficiency_maize_2_roboflow_real_a69b68ef.jpg,maize_2_roboflow,5,5,nitrogen_deficiency,nitrogen_deficiency,0.9526106119155884,5,5,5
clean/healthy/real/healthy_maize_africa_v1.2_real_567.jpg,maize_africa_v1.2,3,3,healthy,healthy,0.8158116340637207,3,3,3
clean/healthy/real/healthy_maize_desease_v1.1_real_1609.jpg,maize_desease_v1.1,3,3,healthy,healthy,0.8101176023483276,3,3,3
clean/healthy/real/healthy_maize_desease_v1.1_real_639.jpg,maize_desease_v1.1,3,3,healthy,healthy,0.8233706951141357,3,3,3
clean/lethal_necrosis/real/lethal_necrosis_maize_africa_real_20738317.jpg,maize_africa,4,4,lethal_necrosis,lethal_necrosis,0.8419979810714722,4,4,4
clean/fall_armyworm/real/fall_armyworm_maize_africa_real_65014859.jpg,maize_africa,1,1,fall_armyworm,fall_armyworm,0.857740044593811,1,1,1
clean/gray_leaf_spot/lab/gray_leaf_spot_cropdg_lab_29275748.jpg,cropdg,2,2,gray_leaf_spot,gray_leaf_spot,0.908379077911377,2,2,2
clean/common_rust/lab/common_rust_maize_desease_lab_90754936.jpg,maize_desease,0,0,common_rust,common_rust,0.9014909267425536,0,0,0
clean/healthy/real/healthy_maize_desease_v1.1_real_3551.jpg,maize_desease_v1.1,3,3,healthy,healthy,0.8160858154296875,3,3,3
clean/healthy/real/healthy_maize_africa_v1.2_real_1088.jpg,maize_africa_v1.2,3,3,healthy,healthy,0.8181708455085754,3,3,3
clean/healthy/real/healthy_maize_desease_v1.1_real_60.jpg,maize_desease_v1.1,3,3,healthy,healthy,0.8256243467330933,3,3,3
clean/fall_armyworm/real/fall_armyworm_multi_desease_real_11817693.jpg,multi_desease,1,1,fall_armyworm,fall_armyworm,0.8456588387489319,1,1,1
clean/fall_armyworm/real/fall_armyworm_multi_desease_real_60984048.jpg,multi_desease,1,1,fall_armyworm,fall_armyworm,0.8575882315635681,1,1,1
clean/healthy/real/healthy_cropdg_real_530.jpg,cropdg,3,3,healthy,healthy,0.8056706786155701,3,3,3
clean/northern_corn_leaf_blight/real/northern_corn_leaf_blight_maize_africa_real_40723388.jpg,maize_africa,6,6,northern_corn_leaf_blight,northern_corn_leaf_blight,0.8356467485427856,6,6,6
clean/fall_armyworm/real/fall_armyworm_corn_leaf_roboflow_real_95476278.jpg,corn_leaf_roboflow,1,1,fall_armyworm,fall_armyworm,0.8579654097557068,1,1,1
clean/gray_leaf_spot/real/gray_leaf_spot_corn_leaf_diseases_classification_roboflow_real_6a7297e2.jpg,corn_leaf_diseases_classification_roboflow,2,2,gray_leaf_spot,gray_leaf_spot,0.7611208558082581,2,2,2
clean/fall_armyworm/real/fall_armyworm_multi_desease_real_87082462.jpg,multi_desease,1,1,fall_armyworm,fall_armyworm,0.8511232137680054,1,1,1
clean/healthy/real/healthy_maize_desease_v1.1_real_4175.jpg,maize_desease_v1.1,3,3,healthy,healthy,0.8176794052124023,3,3,3
clean/lethal_necrosis/real/lethal_necrosis_multi_desease_real_13843003.jpeg,multi_desease,4,4,lethal_necrosis,lethal_necrosis,0.8461605310440063,4,4,4
clean/northern_corn_leaf_blight/real/northern_corn_leaf_blight_maize_desease_real_31168831.jpg,maize_desease,6,6,northern_corn_leaf_blight,northern_corn_leaf_blight,0.8336938619613647,6,6,6
clean/northern_corn_leaf_blight/real/northern_corn_leaf_blight_maize_africa_real_73777832.jpg,maize_africa,6,6,northern_corn_leaf_blight,northern_corn_leaf_blight,0.8322753310203552,6,6,6
clean/northern_corn_leaf_blight/real/northern_corn_leaf_blight_maize_africa_real_14794254.jpg,maize_africa,6,6,northern_corn_leaf_blight,northern_corn_leaf_blight,0.8342403769493103,6,6,6
clean/nitrogen_deficiency/real/nitrogen_deficiency_corn_leaf_roboflow_real_41053592.jpg,corn_leaf_roboflow,5,5,nitrogen_deficiency,nitrogen_deficiency,0.6585472822189331,8,5,5
clean/lethal_necrosis/real/lethal_necrosis_multi_desease_real_49309594.jpeg,multi_desease,4,4,lethal_necrosis,lethal_necrosis,0.8400501012802124,4,4,4
clean/healthy/real/healthy_maize_desease_v1.1_real_4465.jpg,maize_desease_v1.1,3,3,healthy,healthy,0.8167099356651306,3,3,3
clean/lethal_necrosis/real/lethal_necrosis_maize_africa_real_67962534.jpg,maize_africa,4,4,lethal_necrosis,lethal_necrosis,0.856955349445343,4,4,4
clean/common_rust/lab/common_rust_maize_desease_lab_79654108.jpg,maize_desease,0,0,common_rust,common_rust,0.9108277559280396,0,0,0
clean/northern_corn_leaf_blight/real/northern_corn_leaf_blight_maize_desease_real_42021748.jpg,maize_desease,6,6,northern_corn_leaf_blight,northern_corn_leaf_blight,0.8376424312591553,6,6,6
clean/common_rust/lab/common_rust_multi_desease_lab_82171190.jpg,multi_desease,0,0,common_rust,common_rust,0.9115645885467528,0,0,0
clean/gray_leaf_spot/real/gray_leaf_spot_maize_leaf_roboflow_real_47ab36e8.jpg,maize_leaf_roboflow,2,2,gray_leaf_spot,gray_leaf_spot,0.9075114727020264,2,2,2
clean/northern_corn_leaf_blight/real/northern_corn_leaf_blight_maize_africa_real_27135671.jpg,maize_africa,6,6,northern_corn_leaf_blight,northern_corn_leaf_blight,0.8315515518188477,6,6,6
clean/healthy/real/healthy_maize_desease_v1.1_real_324.jpg,maize_desease_v1.1,3,3,healthy,healthy,0.8225071430206299,3,3,3
clean/healthy/real/healthy_maize_desease_v1.1_real_1350.jpg,maize_desease_v1.1,3,3,healthy,healthy,0.7971898317337036,3,3,3
clean/healthy/real/healthy_maize_africa_v1_real_211.jpg,maize_africa_v1,3,3,healthy,healthy,0.8165097832679749,3,3,3
clean/healthy/real/healthy_maize_desease_v1.1_real_954.jpg,maize_desease_v1.1,3,3,healthy,healthy,0.8117932081222534,3,3,3
clean/healthy/real/healthy_cropdg_real_964.jpg,cropdg,3,3,healthy,healthy,0.8237684369087219,3,3,3
clean/northern_corn_leaf_blight/real/northern_corn_leaf_blight_maize_desease_real_58205826.jpg,maize_desease,6,6,northern_corn_leaf_blight,northern_corn_leaf_blight,0.8286166787147522,6,6,6
clean/northern_corn_leaf_blight/real/northern_corn_leaf_blight_maize_africa_real_16359933.jpg,maize_africa,6,6,northern_corn_leaf_blight,northern_corn_leaf_blight,0.8232860565185547,6,6,6
clean/lethal_necrosis/real/lethal_necrosis_maize_africa_real_49328009.jpg,maize_africa,4,4,lethal_necrosis,lethal_necrosis,0.8472791910171509,4,4,4
clean/fall_armyworm/real/fall_armyworm_multi_desease_real_29063817.jpg,multi_desease,1,1,fall_armyworm,fall_armyworm,0.8479483723640442,1,1,1
clean/lethal_necrosis/real/lethal_necrosis_maize_africa_real_16467399.jpg,maize_africa,4,4,lethal_necrosis,lethal_necrosis,0.8395067453384399,4,4,4
clean/lethal_necrosis/real/lethal_necrosis_maize_africa_real_99709905.jpg,maize_africa,4,4,lethal_necrosis,lethal_necrosis,0.841160774230957,4,4,4
clean/healthy/real/healthy_maize_desease_v1.1_real_3431.jpg,maize_desease_v1.1,3,3,healthy,healthy,0.8241994380950928,3,3,3
clean/lethal_necrosis/real/lethal_necrosis_multi_desease_real_13175168.jpeg,multi_desease,4,4,lethal_necrosis,lethal_necrosis,0.8467631340026855,4,4,4
clean/common_rust/real/common_rust_maize_field_real_99131522.jpg,maize_field,0,0,common_rust,common_rust,0.8724536299705505,0,0,0
clean/lethal_necrosis/real/lethal_necrosis_multi_desease_real_83691626.jpeg,multi_desease,4,4,lethal_necrosis,lethal_necrosis,0.852225661277771,4,4,4
clean/fall_armyworm/real/fall_armyworm_multi_desease_real_83049171.jpg,multi_desease,1,1,fall_armyworm,fall_armyworm,0.865559995174408,1,1,1
clean/lethal_necrosis/real/lethal_necrosis_multi_desease_real_60942316.jpeg,multi_desease,4,4,lethal_necrosis,lethal_necrosis,0.848029613494873,4,4,4
clean/northern_corn_leaf_blight/real/northern_corn_leaf_blight_maize_africa_real_34874788.jpg,maize_africa,6,6,northern_corn_leaf_blight,northern_corn_leaf_blight,0.8269776105880737,6,6,6
clean/fall_armyworm/real/fall_armyworm_maize_africa_real_66073612.jpg,maize_africa,1,1,fall_armyworm,fall_armyworm,0.85564124584198,1,1,1
clean/healthy/real/healthy_maize_desease_v1.1_real_3882.jpg,maize_desease_v1.1,3,3,healthy,healthy,0.8146589398384094,3,3,3
clean/phosphorus_deficiency/real/phosphorus_deficiency_maize_nutrient_real_47854516.jpeg,maize_nutrient,7,7,phosphorus_deficiency,phosphorus_deficiency,0.8813008069992065,7,7,7
clean/fall_armyworm/real/fall_armyworm_corn_leaf_roboflow_real_75902994.jpg,corn_leaf_roboflow,1,1,fall_armyworm,fall_armyworm,0.8049466609954834,1,1,1
clean/lethal_necrosis/real/lethal_necrosis_maize_africa_real_79046973.jpg,maize_africa,4,4,lethal_necrosis,lethal_necrosis,0.8265813589096069,4,4,4
clean/lethal_necrosis/real/lethal_necrosis_maize_africa_real_80311327.jpg,maize_africa,4,4,lethal_necrosis,lethal_necrosis,0.8518377542495728,4,4,4
clean/healthy/real/healthy_maize_desease_v1.1_real_3872.jpg,maize_desease_v1.1,3,3,healthy,healthy,0.8200929760932922,3,3,3
clean/potassium_deficiency/real/potassium_deficiency_corn_leaf_roboflow_real_60018910.jpg,corn_leaf_roboflow,8,5,potassium_deficiency,nitrogen_deficiency,0.7160462737083435,8,5,5
clean/healthy/real/healthy_maize_desease_v1.1_real_2103.jpg,maize_desease_v1.1,3,3,healthy,healthy,0.8296636343002319,3,3,3
clean/northern_corn_leaf_blight/real/northern_corn_leaf_blight_maize_africa_real_14948633.jpg,maize_africa,6,6,northern_corn_leaf_blight,northern_corn_leaf_blight,0.8379403352737427,6,6,6
clean/fall_armyworm/real/fall_armyworm_multi_desease_real_25694653.jpg,multi_desease,1,1,fall_armyworm,fall_armyworm,0.8553093671798706,1,1,1
clean/common_rust/lab/common_rust_multi_desease_lab_41320299.jpg,multi_desease,0,0,common_rust,common_rust,0.9122424125671388,0,0,0
clean/gray_leaf_spot/real/gray_leaf_spot_corn_leaf_diseases_classification_roboflow_real_e538fcaf.jpg,corn_leaf_diseases_classification_roboflow,2,2,gray_leaf_spot,gray_leaf_spot,0.920735001564026,2,2,2
clean/lethal_necrosis/real/lethal_necrosis_maize_africa_real_11729896.jpg,maize_africa,4,4,lethal_necrosis,lethal_necrosis,0.8448436260223389,4,4,4
clean/healthy/real/healthy_maize_africa_v1_real_338.jpg,maize_africa_v1,3,3,healthy,healthy,0.8235619068145752,3,3,3
clean/northern_corn_leaf_blight/real/northern_corn_leaf_blight_corn_leaf_roboflow_real_78500529.jpg,corn_leaf_roboflow,6,6,northern_corn_leaf_blight,northern_corn_leaf_blight,0.6887620091438293,6,6,6
clean/healthy/real/healthy_maize_africa_v1.2_real_470.jpg,maize_africa_v1.2,3,3,healthy,healthy,0.8101346492767334,3,3,3
clean/fall_armyworm/real/fall_armyworm_multi_desease_real_66894046.jpg,multi_desease,1,1,fall_armyworm,fall_armyworm,0.8578120470046997,1,1,1
clean/healthy/real/healthy_maize_desease_v1.1_real_386.jpg,maize_desease_v1.1,3,3,healthy,healthy,0.8129112124443054,3,3,3
clean/lethal_necrosis/real/lethal_necrosis_maize_africa_real_88954867.jpg,maize_africa,4,4,lethal_necrosis,lethal_necrosis,0.8350570201873779,4,4,4
clean/lethal_necrosis/real/lethal_necrosis_multi_desease_real_60201446.jpeg,multi_desease,4,4,lethal_necrosis,lethal_necrosis,0.8442710638046265,4,4,4
clean/healthy/real/healthy_maize_africa_v1.2_real_1734.jpg,maize_africa_v1.2,3,3,healthy,healthy,0.8220559358596802,3,3,3
clean/lethal_necrosis/real/lethal_necrosis_multi_desease_real_69098179.jpeg,multi_desease,4,4,lethal_necrosis,lethal_necrosis,0.8390511274337769,4,4,4
clean/lethal_necrosis/real/lethal_necrosis_multi_desease_real_86656652.jpeg,multi_desease,4,4,lethal_necrosis,lethal_necrosis,0.8472098708152771,4,4,4
clean/healthy/real/healthy_maize_desease_v1.1_real_1487.jpg,maize_desease_v1.1,3,3,healthy,healthy,0.8103066682815552,3,3,3
clean/northern_corn_leaf_blight/real/northern_corn_leaf_blight_maize_africa_real_29431856.jpg,maize_africa,6,6,northern_corn_leaf_blight,northern_corn_leaf_blight,0.8369623422622681,6,6,6
clean/northern_corn_leaf_blight/real/northern_corn_leaf_blight_maize_africa_real_39732898.jpg,maize_africa,6,6,northern_corn_leaf_blight,northern_corn_leaf_blight,0.8217284679412842,6,6,6
clean/common_rust/lab/common_rust_maize_desease_lab_81560813.jpg,maize_desease,0,0,common_rust,common_rust,0.9045298099517822,0,0,0
clean/northern_corn_leaf_blight/real/northern_corn_leaf_blight_maize_africa_real_65851438.jpg,maize_africa,6,6,northern_corn_leaf_blight,northern_corn_leaf_blight,0.8354887366294861,6,6,6
clean/northern_corn_leaf_blight/real/northern_corn_leaf_blight_maize_africa_real_88459868.jpg,maize_africa,6,6,northern_corn_leaf_blight,northern_corn_leaf_blight,0.8277259469032288,6,6,6
clean/lethal_necrosis/real/lethal_necrosis_multi_desease_real_93485765.jpeg,multi_desease,4,4,lethal_necrosis,lethal_necrosis,0.8396303653717041,4,4,4
clean/lethal_necrosis/real/lethal_necrosis_multi_desease_real_30567378.jpeg,multi_desease,4,4,lethal_necrosis,lethal_necrosis,0.8516225814819336,4,4,4
clean/fall_armyworm/real/fall_armyworm_maize_africa_real_55979385.jpg,maize_africa,1,1,fall_armyworm,fall_armyworm,0.779384970664978,1,1,1
clean/lethal_necrosis/real/lethal_necrosis_maize_africa_real_13576370.jpg,maize_africa,4,4,lethal_necrosis,lethal_necrosis,0.8416340351104736,4,4,4
clean/lethal_necrosis/real/lethal_necrosis_multi_desease_real_47033148.jpeg,multi_desease,4,4,lethal_necrosis,lethal_necrosis,0.848684549331665,4,4,4
clean/northern_corn_leaf_blight/lab/northern_corn_leaf_blight_cropdg_lab_901.jpg,cropdg,6,6,northern_corn_leaf_blight,northern_corn_leaf_blight,0.8073745965957642,6,6,6
clean/lethal_necrosis/real/lethal_necrosis_maize_africa_real_24010146.jpg,maize_africa,4,4,lethal_necrosis,lethal_necrosis,0.8459730744361877,4,4,4
clean/fall_armyworm/real/fall_armyworm_maize_africa_real_13729792.jpg,maize_africa,1,1,fall_armyworm,fall_armyworm,0.8639470338821411,1,1,1
clean/lethal_necrosis/real/lethal_necrosis_maize_africa_real_85629943.jpg,maize_africa,4,4,lethal_necrosis,lethal_necrosis,0.8446847200393677,4,4,4
clean/lethal_necrosis/real/lethal_necrosis_maize_africa_real_37430513.jpg,maize_africa,4,4,lethal_necrosis,lethal_necrosis,0.8395434617996216,4,4,4
clean/lethal_necrosis/real/lethal_necrosis_maize_africa_real_53246628.jpg,maize_africa,4,4,lethal_necrosis,lethal_necrosis,0.8413565754890442,4,4,4
clean/phosphorus_deficiency/real/phosphorus_deficiency_corn_leaf_roboflow_real_89895423.jpg,corn_leaf_roboflow,7,7,phosphorus_deficiency,phosphorus_deficiency,0.9088916182518004,7,7,7
clean/lethal_necrosis/real/lethal_necrosis_maize_africa_real_45600192.jpg,maize_africa,4,4,lethal_necrosis,lethal_necrosis,0.838430643081665,4,4,4
clean/fall_armyworm/real/fall_armyworm_maize_africa_real_94240980.jpg,maize_africa,1,1,fall_armyworm,fall_armyworm,0.8567838072776794,1,1,1
clean/lethal_necrosis/real/lethal_necrosis_multi_desease_real_55361682.jpeg,multi_desease,4,4,lethal_necrosis,lethal_necrosis,0.8482352495193481,4,4,4
clean/northern_corn_leaf_blight/real/northern_corn_leaf_blight_maize_africa_real_81576237.jpg,maize_africa,6,6,northern_corn_leaf_blight,northern_corn_leaf_blight,0.8159269094467163,6,6,6
clean/northern_corn_leaf_blight/real/northern_corn_leaf_blight_maize_africa_real_51860760.jpg,maize_africa,6,6,northern_corn_leaf_blight,northern_corn_leaf_blight,0.8071280717849731,6,6,6
clean/northern_corn_leaf_blight/real/northern_corn_leaf_blight_maize_africa_real_28891187.jpg,maize_africa,6,6,northern_corn_leaf_blight,northern_corn_leaf_blight,0.8295782208442688,6,6,6
clean/phosphorus_deficiency/real/phosphorus_deficiency_corn_leaf_roboflow_real_62063404.jpg,corn_leaf_roboflow,7,7,phosphorus_deficiency,phosphorus_deficiency,0.9429797530174256,7,7,7
clean/common_rust/lab/common_rust_maize_desease_lab_25466997.jpg,maize_desease,0,0,common_rust,common_rust,0.8984881043434143,0,0,0
clean/fall_armyworm/real/fall_armyworm_multi_desease_real_68829836.jpg,multi_desease,1,1,fall_armyworm,fall_armyworm,0.8410172462463379,1,1,1
clean/lethal_necrosis/real/lethal_necrosis_maize_africa_real_38103510.jpg,maize_africa,4,4,lethal_necrosis,lethal_necrosis,0.8509141206741333,4,4,4
clean/lethal_necrosis/real/lethal_necrosis_maize_africa_real_74677849.jpg,maize_africa,4,4,lethal_necrosis,lethal_necrosis,0.8458350896835327,4,4,4
clean/healthy/real/healthy_maize_desease_v1.1_real_783.jpg,maize_desease_v1.1,3,3,healthy,healthy,0.8158831596374512,3,3,3
clean/lethal_necrosis/real/lethal_necrosis_multi_desease_real_73120458.jpeg,multi_desease,4,4,lethal_necrosis,lethal_necrosis,0.8422050476074219,4,4,4
clean/healthy/real/healthy_maize_africa_v1.2_real_1443.jpg,maize_africa_v1.2,3,3,healthy,healthy,0.8097097277641296,3,3,3
clean/northern_corn_leaf_blight/real/northern_corn_leaf_blight_maize_desease_real_54710910.jpg,maize_desease,6,6,northern_corn_leaf_blight,northern_corn_leaf_blight,0.8083374500274658,6,6,6
clean/fall_armyworm/real/fall_armyworm_corn_leaf_roboflow_real_25488955.jpg,corn_leaf_roboflow,1,1,fall_armyworm,fall_armyworm,0.8609992861747742,1,1,1
clean/lethal_necrosis/real/lethal_necrosis_maize_africa_real_22816435.jpg,maize_africa,4,4,lethal_necrosis,lethal_necrosis,0.8216347694396973,4,4,4
clean/fall_armyworm/real/fall_armyworm_multi_desease_real_56759258.jpg,multi_desease,1,1,fall_armyworm,fall_armyworm,0.8593577146530151,1,1,1
clean/fall_armyworm/real/fall_armyworm_multi_desease_real_18537108.jpg,multi_desease,1,1,fall_armyworm,fall_armyworm,0.8691364526748657,1,1,1
clean/lethal_necrosis/real/lethal_necrosis_maize_africa_real_79803488.jpg,maize_africa,4,4,lethal_necrosis,lethal_necrosis,0.8402947187423706,4,4,4
clean/fall_armyworm/real/fall_armyworm_maize_africa_real_12551443.jpg,maize_africa,1,1,fall_armyworm,fall_armyworm,0.8271535634994507,1,1,1
clean/healthy/real/healthy_maize_africa_v1_real_147.jpg,maize_africa_v1,3,3,healthy,healthy,0.8183622360229492,3,3,3
clean/lethal_necrosis/real/lethal_necrosis_multi_desease_real_49867731.jpeg,multi_desease,4,4,lethal_necrosis,lethal_necrosis,0.8493536710739136,4,4,4
clean/northern_corn_leaf_blight/real/northern_corn_leaf_blight_maize_africa_real_43396495.jpg,maize_africa,6,6,northern_corn_leaf_blight,northern_corn_leaf_blight,0.8138622045516968,6,6,6
clean/lethal_necrosis/real/lethal_necrosis_multi_desease_real_66275290.jpeg,multi_desease,4,4,lethal_necrosis,lethal_necrosis,0.838032603263855,4,4,4
clean/gray_leaf_spot/real/gray_leaf_spot_maize_field_real_47670561.jpg,maize_field,2,2,gray_leaf_spot,gray_leaf_spot,0.9363112449645996,2,2,2
clean/nitrogen_deficiency/real/nitrogen_deficiency_corn_leaf_roboflow_real_90237925.jpg,corn_leaf_roboflow,5,5,nitrogen_deficiency,nitrogen_deficiency,0.7778029441833496,5,5,5
clean/lethal_necrosis/real/lethal_necrosis_maize_africa_real_48327220.jpg,maize_africa,4,4,lethal_necrosis,lethal_necrosis,0.8390752077102661,4,4,4
clean/northern_corn_leaf_blight/real/northern_corn_leaf_blight_maize_africa_real_67783981.jpg,maize_africa,6,6,northern_corn_leaf_blight,northern_corn_leaf_blight,0.7835781574249268,6,6,6
clean/northern_corn_leaf_blight/real/northern_corn_leaf_blight_maize_africa_real_59244909.jpg,maize_africa,6,6,northern_corn_leaf_blight,northern_corn_leaf_blight,0.8306760191917419,6,6,6
clean/northern_corn_leaf_blight/real/northern_corn_leaf_blight_maize_africa_real_31404728.jpg,maize_africa,6,6,northern_corn_leaf_blight,northern_corn_leaf_blight,0.8290541172027588,6,6,6
clean/phosphorus_deficiency/real/phosphorus_deficiency_corn_leaf_roboflow_real_91933239.jpg,corn_leaf_roboflow,7,7,phosphorus_deficiency,phosphorus_deficiency,0.7019410133361816,7,7,7
clean/healthy/real/healthy_maize_desease_v1.1_real_597.jpg,maize_desease_v1.1,3,3,healthy,healthy,0.8120046257972717,3,3,3
clean/lethal_necrosis/real/lethal_necrosis_maize_africa_real_44680494.jpg,maize_africa,4,4,lethal_necrosis,lethal_necrosis,0.8417636156082153,4,4,4
clean/lethal_necrosis/real/lethal_necrosis_multi_desease_real_16994217.jpeg,multi_desease,4,4,lethal_necrosis,lethal_necrosis,0.8344353437423706,4,4,4
clean/northern_corn_leaf_blight/real/northern_corn_leaf_blight_maize_africa_real_88467850.jpg,maize_africa,6,6,northern_corn_leaf_blight,northern_corn_leaf_blight,0.7602899074554443,6,6,6
clean/northern_corn_leaf_blight/real/northern_corn_leaf_blight_maize_africa_real_38534729.jpg,maize_africa,6,6,northern_corn_leaf_blight,northern_corn_leaf_blight,0.8424818515777588,6,6,6
clean/lethal_necrosis/real/lethal_necrosis_maize_africa_real_94770834.jpg,maize_africa,4,4,lethal_necrosis,lethal_necrosis,0.8453400731086731,4,4,4
clean/healthy/real/healthy_maize_desease_v1.1_real_4394.jpg,maize_desease_v1.1,3,3,healthy,healthy,0.8133798241615295,3,3,3
clean/gray_leaf_spot/lab/gray_leaf_spot_cropdg_lab_55498698.jpg,cropdg,2,2,gray_leaf_spot,gray_leaf_spot,0.9112799167633056,2,2,2
clean/gray_leaf_spot/real/gray_leaf_spot_maize_leaf_roboflow_real_5d3f3788.jpg,maize_leaf_roboflow,2,2,gray_leaf_spot,gray_leaf_spot,0.9164804816246032,2,2,2
clean/fall_armyworm/real/fall_armyworm_maize_africa_real_16664412.jpg,maize_africa,1,1,fall_armyworm,fall_armyworm,0.8528296947479248,1,1,1
clean/fall_armyworm/real/fall_armyworm_maize_africa_real_45494257.jpg,maize_africa,1,1,fall_armyworm,fall_armyworm,0.8618241548538208,1,1,1
clean/northern_corn_leaf_blight/real/northern_corn_leaf_blight_corn_leaf_roboflow_real_23048487.jpg,corn_leaf_roboflow,6,6,northern_corn_leaf_blight,northern_corn_leaf_blight,0.8519370555877686,6,6,6
clean/healthy/real/healthy_cropdg_real_434.jpg,cropdg,3,3,healthy,healthy,0.8152650594711304,3,3,3
clean/healthy/real/healthy_maize_africa_v1.2_real_679.jpg,maize_africa_v1.2,3,3,healthy,healthy,0.79657381772995,3,3,3
clean/healthy/real/healthy_maize_desease_v1.1_real_2059.jpg,maize_desease_v1.1,3,3,healthy,healthy,0.8183478116989136,3,3,3
clean/healthy/real/healthy_corn_leaf_roboflow_real_26344021.jpg,corn_leaf_roboflow,3,3,healthy,healthy,0.8005030751228333,3,3,3
clean/fall_armyworm/real/fall_armyworm_maize_africa_real_99819281.jpg,maize_africa,1,1,fall_armyworm,fall_armyworm,0.8537238240242004,1,1,1
clean/northern_corn_leaf_blight/real/northern_corn_leaf_blight_maize_desease_real_82238665.jpg,maize_desease,6,6,northern_corn_leaf_blight,northern_corn_leaf_blight,0.8290506601333618,6,6,6
clean/healthy/real/healthy_maize_desease_v1.1_real_1295.jpg,maize_desease_v1.1,3,3,healthy,healthy,0.8307549953460693,3,3,3
clean/northern_corn_leaf_blight/real/northern_corn_leaf_blight_maize_desease_real_21531108.jpg,maize_desease,6,6,northern_corn_leaf_blight,northern_corn_leaf_blight,0.8260411620140076,6,6,6
clean/common_rust/lab/common_rust_maize_desease_lab_98384684.jpg,maize_desease,0,0,common_rust,common_rust,0.9130921363830566,0,0,0
clean/healthy/real/healthy_maize_desease_v1.1_real_1484.jpg,maize_desease_v1.1,3,3,healthy,healthy,0.8200751543045044,3,3,3
clean/northern_corn_leaf_blight/real/northern_corn_leaf_blight_maize_africa_real_58186502.jpg,maize_africa,6,6,northern_corn_leaf_blight,northern_corn_leaf_blight,0.8349477052688599,6,6,6
clean/northern_corn_leaf_blight/real/northern_corn_leaf_blight_maize_africa_real_74499433.jpg,maize_africa,6,6,northern_corn_leaf_blight,northern_corn_leaf_blight,0.8332957029342651,6,6,6
clean/nitrogen_deficiency/real/nitrogen_deficiency_maize_deficiency_scanner_roboflow_real_81be57d2.jpg,maize_deficiency_scanner_roboflow,5,5,nitrogen_deficiency,nitrogen_deficiency,0.9070459008216858,5,5,5
clean/lethal_necrosis/real/lethal_necrosis_multi_desease_real_47101036.jpeg,multi_desease,4,4,lethal_necrosis,lethal_necrosis,0.8508754968643188,4,4,4
clean/lethal_necrosis/real/lethal_necrosis_maize_africa_real_61433970.jpg,maize_africa,4,4,lethal_necrosis,lethal_necrosis,0.8374972343444824,4,4,4
clean/northern_corn_leaf_blight/real/northern_corn_leaf_blight_maize_desease_real_47420459.jpg,maize_desease,6,6,northern_corn_leaf_blight,northern_corn_leaf_blight,0.8383041620254517,6,6,6
clean/fall_armyworm/real/fall_armyworm_maize_africa_real_99611538.jpg,maize_africa,1,1,fall_armyworm,fall_armyworm,0.858222246170044,1,1,1
clean/northern_corn_leaf_blight/real/northern_corn_leaf_blight_maize_africa_real_23827786.jpg,maize_africa,6,6,northern_corn_leaf_blight,northern_corn_leaf_blight,0.8214545845985413,6,6,6
clean/healthy/real/healthy_maize_africa_v1.2_real_1206.jpg,maize_africa_v1.2,3,3,healthy,healthy,0.8170070648193359,3,3,3
clean/common_rust/lab/common_rust_maize_desease_lab_73901693.jpg,maize_desease,0,0,common_rust,common_rust,0.9048416614532472,0,0,0
clean/phosphorus_deficiency/real/phosphorus_deficiency_corn_leaf_roboflow_real_16987281.jpg,corn_leaf_roboflow,7,7,phosphorus_deficiency,phosphorus_deficiency,0.9432778358459472,7,7,7
clean/healthy/real/healthy_maize_desease_v1.1_real_1822.jpg,maize_desease_v1.1,3,3,healthy,healthy,0.567405641078949,3,3,1
clean/fall_armyworm/real/fall_armyworm_multi_desease_real_11166999.jpg,multi_desease,1,1,fall_armyworm,fall_armyworm,0.858914852142334,1,1,1
clean/healthy/real/healthy_maize_desease_v1.1_real_2376.jpg,maize_desease_v1.1,3,3,healthy,healthy,0.8050447702407837,3,3,3
clean/fall_armyworm/real/fall_armyworm_corn_leaf_roboflow_real_10016113.jpg,corn_leaf_roboflow,1,1,fall_armyworm,fall_armyworm,0.8607550859451294,1,1,1
clean/northern_corn_leaf_blight/real/northern_corn_leaf_blight_maize_desease_real_43889297.jpg,maize_desease,6,6,northern_corn_leaf_blight,northern_corn_leaf_blight,0.8269217014312744,6,6,6
clean/fall_armyworm/real/fall_armyworm_maize_africa_real_31056046.jpg,maize_africa,1,1,fall_armyworm,fall_armyworm,0.8581990003585815,1,1,1
clean/healthy/real/healthy_maize_desease_v1.1_real_4827.jpg,maize_desease_v1.1,3,3,healthy,healthy,0.8169005513191223,3,3,3
clean/healthy/real/healthy_maize_desease_v1.1_real_2165.jpg,maize_desease_v1.1,3,3,healthy,healthy,0.8278099298477173,3,3,3
clean/healthy/real/healthy_maize_africa_v1.2_real_1211.jpg,maize_africa_v1.2,3,3,healthy,healthy,0.820624053478241,3,3,3
clean/lethal_necrosis/real/lethal_necrosis_multi_desease_real_18076512.jpeg,multi_desease,4,4,lethal_necrosis,lethal_necrosis,0.8434192538261414,4,4,4
clean/gray_leaf_spot/real/gray_leaf_spot_maize_field_real_30018454.jpg,maize_field,2,2,gray_leaf_spot,gray_leaf_spot,0.9322425723075868,2,2,2
clean/healthy/real/healthy_maize_africa_v1.2_real_947.jpg,maize_africa_v1.2,3,3,healthy,healthy,0.8031632304191589,3,3,3
clean/gray_leaf_spot/real/gray_leaf_spot_corn_leaf_diseases_classification_roboflow_real_bbb2c04a.jpg,corn_leaf_diseases_classification_roboflow,2,2,gray_leaf_spot,gray_leaf_spot,0.9225708842277528,2,2,2
clean/lethal_necrosis/real/lethal_necrosis_multi_desease_real_12496999.jpeg,multi_desease,4,4,lethal_necrosis,lethal_necrosis,0.8227824568748474,4,4,4
clean/healthy/real/healthy_maize_desease_v1.1_real_3875.jpg,maize_desease_v1.1,3,3,healthy,healthy,0.8120469450950623,3,3,3
clean/healthy/real/healthy_maize_desease_v1.1_real_1980.jpg,maize_desease_v1.1,3,3,healthy,healthy,0.8112502694129944,3,3,3
clean/fall_armyworm/real/fall_armyworm_maize_africa_real_49752303.jpg,maize_africa,1,1,fall_armyworm,fall_armyworm,0.7977547645568848,1,1,1
clean/fall_armyworm/real/fall_armyworm_maize_africa_real_59855802.jpg,maize_africa,1,1,fall_armyworm,fall_armyworm,0.8579703569412231,1,1,1
clean/common_rust/lab/common_rust_multi_desease_lab_29526135.jpg,multi_desease,0,0,common_rust,common_rust,0.90309476852417,0,0,0
clean/northern_corn_leaf_blight/real/northern_corn_leaf_blight_maize_africa_real_47887824.jpg,maize_africa,6,6,northern_corn_leaf_blight,northern_corn_leaf_blight,0.8256227374076843,6,6,6
clean/northern_corn_leaf_blight/real/northern_corn_leaf_blight_corn_leaf_roboflow_real_21276495.jpg,corn_leaf_roboflow,6,6,northern_corn_leaf_blight,northern_corn_leaf_blight,0.7242316007614136,6,6,6
clean/northern_corn_leaf_blight/real/northern_corn_leaf_blight_corn_leaf_roboflow_real_44219688.jpg,corn_leaf_roboflow,6,6,northern_corn_leaf_blight,northern_corn_leaf_blight,0.598103404045105,6,6,8
clean/healthy/real/healthy_maize_desease_v1.1_real_176.jpg,maize_desease_v1.1,3,3,healthy,healthy,0.8170431852340698,3,3,3
clean/lethal_necrosis/real/lethal_necrosis_multi_desease_real_23054112.jpeg,multi_desease,4,4,lethal_necrosis,lethal_necrosis,0.8220916390419006,4,4,4
clean/common_rust/lab/common_rust_multi_desease_lab_97404171.jpg,multi_desease,0,0,common_rust,common_rust,0.9127305150032043,0,0,0
clean/healthy/real/healthy_cropdg_real_358.jpg,cropdg,3,3,healthy,healthy,0.8227291703224182,3,3,3
clean/fall_armyworm/real/fall_armyworm_multi_desease_real_37301355.jpg,multi_desease,1,1,fall_armyworm,fall_armyworm,0.871648907661438,1,1,1
clean/healthy/real/healthy_cropdg_real_189.jpg,cropdg,3,3,healthy,healthy,0.813042402267456,3,3,3
clean/healthy/real/healthy_maize_desease_v1.1_real_2134.jpg,maize_desease_v1.1,3,3,healthy,healthy,0.8108505606651306,3,3,3
clean/northern_corn_leaf_blight/real/northern_corn_leaf_blight_maize_desease_real_44679276.jpg,maize_desease,6,6,northern_corn_leaf_blight,northern_corn_leaf_blight,0.8193796277046204,6,6,6
clean/phosphorus_deficiency/real/phosphorus_deficiency_corn_leaf_roboflow_real_63023410.jpg,corn_leaf_roboflow,7,7,phosphorus_deficiency,phosphorus_deficiency,0.9428893327713012,7,7,7
clean/healthy/real/healthy_maize_desease_v1.1_real_3341.jpg,maize_desease_v1.1,3,3,healthy,healthy,0.815343976020813,3,3,3
clean/gray_leaf_spot/real/gray_leaf_spot_maize_leaf_roboflow_real_3a88b5aa.jpg,maize_leaf_roboflow,2,2,gray_leaf_spot,gray_leaf_spot,0.9170563817024232,2,2,2
clean/lethal_necrosis/real/lethal_necrosis_multi_desease_real_43857981.jpeg,multi_desease,4,4,lethal_necrosis,lethal_necrosis,0.8341406583786011,4,4,4
clean/northern_corn_leaf_blight/real/northern_corn_leaf_blight_maize_africa_real_74746043.jpg,maize_africa,6,6,northern_corn_leaf_blight,northern_corn_leaf_blight,0.8365708589553833,6,6,6
clean/northern_corn_leaf_blight/real/northern_corn_leaf_blight_maize_desease_real_32134152.jpg,maize_desease,6,6,northern_corn_leaf_blight,northern_corn_leaf_blight,0.8375091552734375,6,6,6
clean/gray_leaf_spot/real/gray_leaf_spot_maize_field_real_12542502.jpg,maize_field,2,2,gray_leaf_spot,gray_leaf_spot,0.9299027919769288,2,2,2
clean/lethal_necrosis/real/lethal_necrosis_maize_africa_real_75148806.jpg,maize_africa,4,4,lethal_necrosis,lethal_necrosis,0.845167875289917,4,4,4
clean/common_rust/lab/common_rust_maize_desease_lab_10415553.jpg,maize_desease,0,0,common_rust,common_rust,0.9013535976409912,0,0,0
clean/lethal_necrosis/real/lethal_necrosis_multi_desease_real_24635579.jpeg,multi_desease,4,4,lethal_necrosis,lethal_necrosis,0.8465730547904968,4,4,4
clean/lethal_necrosis/real/lethal_necrosis_maize_africa_real_50651978.jpg,maize_africa,4,4,lethal_necrosis,lethal_necrosis,0.843805193901062,4,4,4
clean/lethal_necrosis/real/lethal_necrosis_multi_desease_real_83413947.jpeg,multi_desease,4,4,lethal_necrosis,lethal_necrosis,0.8327375054359436,4,4,4
clean/healthy/real/healthy_maize_africa_v1_real_209.jpg,maize_africa_v1,3,3,healthy,healthy,0.819023609161377,3,3,3
clean/fall_armyworm/real/fall_armyworm_corn_leaf_roboflow_real_67090102.jpg,corn_leaf_roboflow,1,1,fall_armyworm,fall_armyworm,0.8099629878997803,1,1,1
clean/healthy/real/healthy_maize_africa_v1.2_real_1498.jpg,maize_africa_v1.2,3,3,healthy,healthy,0.8037029504776001,3,3,3
clean/northern_corn_leaf_blight/lab/northern_corn_leaf_blight_cropdg_lab_126.jpg,cropdg,6,6,northern_corn_leaf_blight,northern_corn_leaf_blight,0.8228888511657715,6,6,6
clean/potassium_deficiency/real/potassium_deficiency_corn_leaf_roboflow_real_30658187.jpg,corn_leaf_roboflow,8,8,potassium_deficiency,potassium_deficiency,0.95753276348114,8,8,8
clean/fall_armyworm/real/fall_armyworm_maize_africa_real_22770998.jpg,maize_africa,1,1,fall_armyworm,fall_armyworm,0.8583947420120239,1,1,1
clean/northern_corn_leaf_blight/real/northern_corn_leaf_blight_corn_leaf_roboflow_real_34857679.jpg,corn_leaf_roboflow,6,6,northern_corn_leaf_blight,northern_corn_leaf_blight,0.8317896723747253,6,6,6
clean/healthy/real/healthy_maize_africa_v1.2_real_768.jpg,maize_africa_v1.2,3,3,healthy,healthy,0.8137778043746948,3,3,3
clean/lethal_necrosis/real/lethal_necrosis_maize_africa_real_74188079.jpg,maize_africa,4,4,lethal_necrosis,lethal_necrosis,0.8325726985931396,4,4,4
clean/northern_corn_leaf_blight/real/northern_corn_leaf_blight_maize_africa_real_75381342.jpg,maize_africa,6,6,northern_corn_leaf_blight,northern_corn_leaf_blight,0.8067790269851685,6,6,6
clean/healthy/real/healthy_maize_desease_v1.1_real_250.jpg,maize_desease_v1.1,3,3,healthy,healthy,0.8275480270385742,3,3,3
clean/healthy/real/healthy_maize_africa_v1.2_real_1124.jpg,maize_africa_v1.2,3,3,healthy,healthy,0.8109270334243774,3,3,3
clean/healthy/real/healthy_maize_desease_v1.1_real_1496.jpg,maize_desease_v1.1,3,3,healthy,healthy,0.8153309226036072,3,3,3
clean/nitrogen_deficiency/real/nitrogen_deficiency_maize_2_roboflow_real_0e793a21.jpg,maize_2_roboflow,5,8,nitrogen_deficiency,potassium_deficiency,0.6174619793891907,8,8,7
clean/lethal_necrosis/real/lethal_necrosis_multi_desease_real_49873993.jpeg,multi_desease,4,4,lethal_necrosis,lethal_necrosis,0.8402340412139893,4,4,4
clean/healthy/real/healthy_maize_africa_v1_real_6.jpg,maize_africa_v1,3,3,healthy,healthy,0.8117595911026001,3,3,3
clean/northern_corn_leaf_blight/real/northern_corn_leaf_blight_maize_africa_real_84714197.jpg,maize_africa,6,6,northern_corn_leaf_blight,northern_corn_leaf_blight,0.8328454494476318,6,6,6
clean/fall_armyworm/real/fall_armyworm_corn_leaf_roboflow_real_40162480.jpg,corn_leaf_roboflow,1,1,fall_armyworm,fall_armyworm,0.8398042321205139,1,1,1
clean/healthy/real/healthy_maize_africa_v1_real_424.jpg,maize_africa_v1,3,3,healthy,healthy,0.8197214603424072,3,3,3
clean/common_rust/lab/common_rust_maize_desease_lab_84322978.jpg,maize_desease,0,0,common_rust,common_rust,0.9055230021476746,0,0,0
clean/northern_corn_leaf_blight/lab/northern_corn_leaf_blight_cropdg_lab_432.jpg,cropdg,6,6,northern_corn_leaf_blight,northern_corn_leaf_blight,0.8171277046203613,6,6,6
clean/fall_armyworm/real/fall_armyworm_maize_africa_real_15416097.jpg,maize_africa,1,1,fall_armyworm,fall_armyworm,0.8145267367362976,1,1,1
clean/lethal_necrosis/real/lethal_necrosis_maize_africa_real_27208842.jpg,maize_africa,4,4,lethal_necrosis,lethal_necrosis,0.8005743026733398,4,4,4
clean/lethal_necrosis/real/lethal_necrosis_maize_africa_real_87799071.jpg,maize_africa,4,4,lethal_necrosis,lethal_necrosis,0.8442243337631226,4,4,4
clean/gray_leaf_spot/real/gray_leaf_spot_maize_field_real_97317899.jpg,maize_field,2,6,gray_leaf_spot,northern_corn_leaf_blight,0.4544985890388489,6,6,1
clean/common_rust/lab/common_rust_multi_desease_lab_89801033.jpg,multi_desease,0,0,common_rust,common_rust,0.4391209185123443,6,0,6
clean/common_rust/lab/common_rust_maize_desease_lab_89362160.jpg,maize_desease,0,0,common_rust,common_rust,0.8963451385498047,0,0,0
clean/northern_corn_leaf_blight/real/northern_corn_leaf_blight_maize_africa_real_75466769.jpg,maize_africa,6,6,northern_corn_leaf_blight,northern_corn_leaf_blight,0.8222469091415405,6,6,6
clean/common_rust/lab/common_rust_maize_desease_lab_99696167.jpg,maize_desease,0,0,common_rust,common_rust,0.9062106013298036,0,0,0
clean/healthy/real/healthy_maize_desease_v1.1_real_2744.jpg,maize_desease_v1.1,3,3,healthy,healthy,0.8132657408714294,3,3,3
clean/northern_corn_leaf_blight/real/northern_corn_leaf_blight_maize_africa_real_92272397.jpg,maize_africa,6,6,northern_corn_leaf_blight,northern_corn_leaf_blight,0.8353655338287354,6,6,6
clean/northern_corn_leaf_blight/real/northern_corn_leaf_blight_maize_africa_real_16089868.jpg,maize_africa,6,6,northern_corn_leaf_blight,northern_corn_leaf_blight,0.8389869332313538,6,6,6
clean/healthy/real/healthy_maize_desease_v1.1_real_2637.jpg,maize_desease_v1.1,3,3,healthy,healthy,0.8160465955734253,3,3,3
clean/healthy/real/healthy_maize_desease_v1.1_real_2282.jpg,maize_desease_v1.1,3,3,healthy,healthy,0.8170204758644104,3,3,3
clean/northern_corn_leaf_blight/lab/northern_corn_leaf_blight_cropdg_lab_983.jpg,cropdg,6,6,northern_corn_leaf_blight,northern_corn_leaf_blight,0.819785475730896,6,6,6
clean/northern_corn_leaf_blight/real/northern_corn_leaf_blight_maize_africa_real_64768068.jpg,maize_africa,6,6,northern_corn_leaf_blight,northern_corn_leaf_blight,0.7055348753929138,6,6,6
clean/healthy/real/healthy_corn_leaf_roboflow_real_79541272.jpg,corn_leaf_roboflow,3,3,healthy,healthy,0.7903352975845337,3,3,3
clean/northern_corn_leaf_blight/real/northern_corn_leaf_blight_maize_africa_real_77173506.jpg,maize_africa,6,6,northern_corn_leaf_blight,northern_corn_leaf_blight,0.8318535685539246,6,6,6
clean/northern_corn_leaf_blight/real/northern_corn_leaf_blight_maize_africa_real_54378388.jpg,maize_africa,6,6,northern_corn_leaf_blight,northern_corn_leaf_blight,0.8299006223678589,6,6,6
clean/northern_corn_leaf_blight/real/northern_corn_leaf_blight_maize_africa_real_19972675.jpg,maize_africa,6,6,northern_corn_leaf_blight,northern_corn_leaf_blight,0.8224686980247498,6,6,6
clean/fall_armyworm/real/fall_armyworm_maize_africa_real_51536039.jpg,maize_africa,1,1,fall_armyworm,fall_armyworm,0.8587415218353271,1,1,1
clean/fall_armyworm/real/fall_armyworm_multi_desease_real_60121143.jpg,multi_desease,1,1,fall_armyworm,fall_armyworm,0.8549132347106934,1,1,1
clean/fall_armyworm/real/fall_armyworm_maize_africa_real_22030551.jpg,maize_africa,1,1,fall_armyworm,fall_armyworm,0.867660641670227,1,1,1
clean/fall_armyworm/real/fall_armyworm_maize_africa_real_41239776.jpg,maize_africa,1,1,fall_armyworm,fall_armyworm,0.8591771125793457,1,1,1
clean/northern_corn_leaf_blight/real/northern_corn_leaf_blight_maize_desease_real_13450857.jpg,maize_desease,6,6,northern_corn_leaf_blight,northern_corn_leaf_blight,0.8286264538764954,6,6,6
clean/healthy/real/healthy_maize_africa_v1.2_real_902.jpg,maize_africa_v1.2,3,3,healthy,healthy,0.8155733346939087,3,3,3
clean/northern_corn_leaf_blight/real/northern_corn_leaf_blight_corn_leaf_roboflow_real_15559624.jpg,corn_leaf_roboflow,6,6,northern_corn_leaf_blight,northern_corn_leaf_blight,0.8275794982910156,6,6,6
clean/fall_armyworm/real/fall_armyworm_maize_africa_real_22572457.jpg,maize_africa,1,1,fall_armyworm,fall_armyworm,0.8567490577697754,1,1,1
clean/phosphorus_deficiency/real/phosphorus_deficiency_maize_2_roboflow_real_36edca53.jpg,maize_2_roboflow,7,7,phosphorus_deficiency,phosphorus_deficiency,0.9465994238853456,7,7,7
clean/common_rust/lab/common_rust_maize_desease_lab_83562971.jpg,maize_desease,0,0,common_rust,common_rust,0.9058246612548828,0,0,0
clean/northern_corn_leaf_blight/real/northern_corn_leaf_blight_maize_africa_real_58802889.jpg,maize_africa,6,6,northern_corn_leaf_blight,northern_corn_leaf_blight,0.8346187472343445,6,6,6
clean/lethal_necrosis/real/lethal_necrosis_multi_desease_real_42743150.jpeg,multi_desease,4,4,lethal_necrosis,lethal_necrosis,0.8454539775848389,4,4,4
clean/nitrogen_deficiency/real/nitrogen_deficiency_maize_2_roboflow_real_58d69b99.jpg,maize_2_roboflow,5,5,nitrogen_deficiency,nitrogen_deficiency,0.9307429194450378,5,5,5
clean/lethal_necrosis/real/lethal_necrosis_multi_desease_real_88351822.jpeg,multi_desease,4,4,lethal_necrosis,lethal_necrosis,0.8422645330429077,4,4,4
clean/gray_leaf_spot/real/gray_leaf_spot_maize_leaf_roboflow_real_166d6308.jpg,maize_leaf_roboflow,2,2,gray_leaf_spot,gray_leaf_spot,0.907490372657776,2,2,2
clean/fall_armyworm/real/fall_armyworm_multi_desease_real_40860342.jpg,multi_desease,1,1,fall_armyworm,fall_armyworm,0.8524069786071777,1,1,1
clean/northern_corn_leaf_blight/real/northern_corn_leaf_blight_maize_africa_real_69537110.jpg,maize_africa,6,6,northern_corn_leaf_blight,northern_corn_leaf_blight,0.8444913625717163,6,6,6
clean/healthy/real/healthy_maize_desease_v1.1_real_4728.jpg,maize_desease_v1.1,3,3,healthy,healthy,0.8366703391075134,3,3,3
clean/fall_armyworm/real/fall_armyworm_multi_desease_real_61175209.jpg,multi_desease,1,1,fall_armyworm,fall_armyworm,0.8621049523353577,1,1,1
clean/lethal_necrosis/real/lethal_necrosis_maize_africa_real_86413074.jpg,maize_africa,4,4,lethal_necrosis,lethal_necrosis,0.8460197448730469,4,4,4
clean/common_rust/lab/common_rust_maize_desease_lab_63899164.jpg,maize_desease,0,0,common_rust,common_rust,0.911344826221466,0,0,0
clean/healthy/real/healthy_maize_desease_v1.1_real_1467.jpg,maize_desease_v1.1,3,3,healthy,healthy,0.8046910762786865,3,3,3
clean/lethal_necrosis/real/lethal_necrosis_maize_africa_real_64263514.jpg,maize_africa,4,4,lethal_necrosis,lethal_necrosis,0.8458179235458374,4,4,4
clean/northern_corn_leaf_blight/real/northern_corn_leaf_blight_maize_africa_real_96945302.jpg,maize_africa,6,6,northern_corn_leaf_blight,northern_corn_leaf_blight,0.8019386529922485,6,6,6
clean/gray_leaf_spot/real/gray_leaf_spot_maize_field_real_33289095.jpg,maize_field,2,2,gray_leaf_spot,gray_leaf_spot,0.7518473267555237,2,2,2
clean/lethal_necrosis/real/lethal_necrosis_maize_africa_real_51236289.jpg,maize_africa,4,4,lethal_necrosis,lethal_necrosis,0.8197420239448547,4,4,4
clean/northern_corn_leaf_blight/lab/northern_corn_leaf_blight_cropdg_lab_976.jpg,cropdg,6,6,northern_corn_leaf_blight,northern_corn_leaf_blight,0.8221215009689331,6,6,6
clean/northern_corn_leaf_blight/real/northern_corn_leaf_blight_maize_africa_real_80802657.jpg,maize_africa,6,6,northern_corn_leaf_blight,northern_corn_leaf_blight,0.8256738185882568,6,6,6
clean/nitrogen_deficiency/real/nitrogen_deficiency_corn_leaf_roboflow_real_62804331.jpg,corn_leaf_roboflow,5,5,nitrogen_deficiency,nitrogen_deficiency,0.891758918762207,5,5,5
clean/phosphorus_deficiency/real/phosphorus_deficiency_corn_leaf_roboflow_real_60136222.jpg,corn_leaf_roboflow,7,7,phosphorus_deficiency,phosphorus_deficiency,0.939132034778595,7,7,7
clean/northern_corn_leaf_blight/real/northern_corn_leaf_blight_maize_desease_real_21922728.jpg,maize_desease,6,6,northern_corn_leaf_blight,northern_corn_leaf_blight,0.8309839963912964,6,6,6
clean/lethal_necrosis/real/lethal_necrosis_maize_africa_real_72864087.jpg,maize_africa,4,4,lethal_necrosis,lethal_necrosis,0.844956636428833,4,4,4
clean/healthy/real/healthy_cropdg_real_576.jpg,cropdg,3,3,healthy,healthy,0.810856819152832,3,3,3
clean/fall_armyworm/real/fall_armyworm_maize_africa_real_33895062.jpg,maize_africa,1,1,fall_armyworm,fall_armyworm,0.8549127578735352,1,1,1
clean/potassium_deficiency/real/potassium_deficiency_maize_2_roboflow_real_6f58cf17.jpg,maize_2_roboflow,8,8,potassium_deficiency,potassium_deficiency,0.960949182510376,8,8,8
clean/northern_corn_leaf_blight/real/northern_corn_leaf_blight_maize_africa_real_78938787.jpg,maize_africa,6,6,northern_corn_leaf_blight,northern_corn_leaf_blight,0.7902162075042725,6,6,6
clean/healthy/real/healthy_maize_africa_v1.2_real_1290.jpg,maize_africa_v1.2,3,3,healthy,healthy,0.8203385472297668,3,3,3
clean/healthy/real/healthy_maize_desease_v1.1_real_327.jpg,maize_desease_v1.1,3,3,healthy,healthy,0.8176719546318054,3,3,3
clean/northern_corn_leaf_blight/real/northern_corn_leaf_blight_maize_desease_real_24752737.jpg,maize_desease,6,6,northern_corn_leaf_blight,northern_corn_leaf_blight,0.7798534631729126,6,6,6
clean/lethal_necrosis/real/lethal_necrosis_maize_africa_real_45735898.jpg,maize_africa,4,4,lethal_necrosis,lethal_necrosis,0.8385623693466187,4,4,4
clean/lethal_necrosis/real/lethal_necrosis_maize_africa_real_50405891.jpg,maize_africa,4,4,lethal_necrosis,lethal_necrosis,0.8447991609573364,4,4,4
clean/common_rust/lab/common_rust_maize_desease_lab_43468493.jpg,maize_desease,0,0,common_rust,common_rust,0.9074476957321168,0,0,0
clean/fall_armyworm/real/fall_armyworm_maize_africa_real_18384356.jpg,maize_africa,1,1,fall_armyworm,fall_armyworm,0.8644514679908752,1,1,1
clean/fall_armyworm/real/fall_armyworm_multi_desease_real_53896213.jpg,multi_desease,1,1,fall_armyworm,fall_armyworm,0.8641971349716187,1,1,1
clean/fall_armyworm/real/fall_armyworm_multi_desease_real_73723333.jpg,multi_desease,1,1,fall_armyworm,fall_armyworm,0.861499011516571,1,1,1
clean/phosphorus_deficiency/real/phosphorus_deficiency_maize_deficiency_scanner_roboflow_real_d5c58a77.jpg,maize_deficiency_scanner_roboflow,7,8,phosphorus_deficiency,potassium_deficiency,0.7570562958717346,8,8,8
clean/lethal_necrosis/real/lethal_necrosis_multi_desease_real_92034511.jpeg,multi_desease,4,4,lethal_necrosis,lethal_necrosis,0.8095605969429016,4,4,4
clean/common_rust/lab/common_rust_multi_desease_lab_25649671.jpg,multi_desease,0,0,common_rust,common_rust,0.9108737707138062,0,0,0
clean/lethal_necrosis/real/lethal_necrosis_maize_africa_real_60318947.jpg,maize_africa,4,4,lethal_necrosis,lethal_necrosis,0.844947338104248,4,4,4
clean/healthy/real/healthy_maize_desease_v1.1_real_5224.jpg,maize_desease_v1.1,3,3,healthy,healthy,0.8034514784812927,3,3,3
clean/northern_corn_leaf_blight/lab/northern_corn_leaf_blight_cropdg_lab_493.jpg,cropdg,6,6,northern_corn_leaf_blight,northern_corn_leaf_blight,0.8318525552749634,6,6,6
clean/healthy/real/healthy_maize_africa_v1.2_real_1806.jpg,maize_africa_v1.2,3,3,healthy,healthy,0.8185793161392212,3,3,3
clean/fall_armyworm/real/fall_armyworm_multi_desease_real_58506121.jpg,multi_desease,1,1,fall_armyworm,fall_armyworm,0.8601453304290771,1,1,1
clean/nitrogen_deficiency/real/nitrogen_deficiency_maize_2_roboflow_real_3d326c3a.jpg,maize_2_roboflow,5,5,nitrogen_deficiency,nitrogen_deficiency,0.9434802532196044,5,5,5
clean/healthy/real/healthy_corn_leaf_roboflow_real_39067215.jpg,corn_leaf_roboflow,3,3,healthy,healthy,0.8149186968803406,3,3,3
clean/healthy/real/healthy_maize_desease_v1.1_real_3665.jpg,maize_desease_v1.1,3,3,healthy,healthy,0.8209259510040283,3,3,3
clean/phosphorus_deficiency/real/phosphorus_deficiency_corn_leaf_roboflow_real_15421844.jpg,corn_leaf_roboflow,7,7,phosphorus_deficiency,phosphorus_deficiency,0.6429797410964966,7,6,7
clean/healthy/real/healthy_maize_desease_v1.1_real_2311.jpg,maize_desease_v1.1,3,3,healthy,healthy,0.8110899329185486,3,3,3
clean/northern_corn_leaf_blight/real/northern_corn_leaf_blight_maize_desease_real_81669996.jpg,maize_desease,6,6,northern_corn_leaf_blight,northern_corn_leaf_blight,0.8254507184028625,6,6,6
clean/healthy/real/healthy_maize_desease_v1.1_real_5120.jpg,maize_desease_v1.1,3,3,healthy,healthy,0.5755768418312073,3,3,1
clean/healthy/real/healthy_maize_desease_v1.1_real_2859.jpg,maize_desease_v1.1,3,3,healthy,healthy,0.8137151002883911,3,3,3
clean/fall_armyworm/real/fall_armyworm_corn_leaf_roboflow_real_15764144.jpg,corn_leaf_roboflow,1,1,fall_armyworm,fall_armyworm,0.8405746221542358,1,1,1
clean/lethal_necrosis/real/lethal_necrosis_multi_desease_real_44250522.jpeg,multi_desease,4,4,lethal_necrosis,lethal_necrosis,0.8439302444458008,4,4,4
clean/northern_corn_leaf_blight/real/northern_corn_leaf_blight_maize_africa_real_87198738.jpg,maize_africa,6,6,northern_corn_leaf_blight,northern_corn_leaf_blight,0.8098276853561401,6,6,6
clean/northern_corn_leaf_blight/real/northern_corn_leaf_blight_maize_africa_real_24209507.jpg,maize_africa,6,6,northern_corn_leaf_blight,northern_corn_leaf_blight,0.8350298404693604,6,6,6
clean/fall_armyworm/real/fall_armyworm_multi_desease_real_24528562.jpg,multi_desease,1,1,fall_armyworm,fall_armyworm,0.8764423131942749,1,1,1
clean/common_rust/real/common_rust_maize_field_real_29346798.jpg,maize_field,0,2,common_rust,gray_leaf_spot,0.622878909111023,2,2,0
clean/healthy/real/healthy_maize_desease_v1.1_real_142.jpg,maize_desease_v1.1,3,3,healthy,healthy,0.8197023868560791,3,3,3
clean/healthy/real/healthy_maize_desease_v1.1_real_133.jpg,maize_desease_v1.1,3,3,healthy,healthy,0.8295263051986694,3,3,3
clean/fall_armyworm/real/fall_armyworm_multi_desease_real_34563070.jpg,multi_desease,1,1,fall_armyworm,fall_armyworm,0.8609398603439331,1,1,1
clean/fall_armyworm/real/fall_armyworm_multi_desease_real_14434642.jpg,multi_desease,1,1,fall_armyworm,fall_armyworm,0.8571310639381409,1,1,1
clean/healthy/real/healthy_maize_africa_v1.2_real_1236.jpg,maize_africa_v1.2,3,3,healthy,healthy,0.8262975811958313,3,3,3
clean/gray_leaf_spot/real/gray_leaf_spot_maize_field_real_41639306.jpg,maize_field,2,2,gray_leaf_spot,gray_leaf_spot,0.9089912176132202,2,2,2
clean/northern_corn_leaf_blight/real/northern_corn_leaf_blight_maize_africa_real_45491861.jpg,maize_africa,6,6,northern_corn_leaf_blight,northern_corn_leaf_blight,0.8306058645248413,6,6,6
clean/northern_corn_leaf_blight/real/northern_corn_leaf_blight_maize_field_real_81215061.jpg,maize_field,6,6,northern_corn_leaf_blight,northern_corn_leaf_blight,0.8325729370117188,6,6,6
clean/lethal_necrosis/real/lethal_necrosis_multi_desease_real_59479687.jpeg,multi_desease,4,4,lethal_necrosis,lethal_necrosis,0.8422940373420715,4,4,4
clean/northern_corn_leaf_blight/real/northern_corn_leaf_blight_maize_africa_real_27808968.jpg,maize_africa,6,6,northern_corn_leaf_blight,northern_corn_leaf_blight,0.8266389966011047,6,6,6
clean/fall_armyworm/real/fall_armyworm_maize_africa_real_87505895.jpg,maize_africa,1,1,fall_armyworm,fall_armyworm,0.5521050691604614,1,3,1
clean/lethal_necrosis/real/lethal_necrosis_maize_africa_real_50558548.jpg,maize_africa,4,4,lethal_necrosis,lethal_necrosis,0.8523475527763367,4,4,4
clean/gray_leaf_spot/real/gray_leaf_spot_maize_field_real_26916258.jpg,maize_field,2,2,gray_leaf_spot,gray_leaf_spot,0.7232626676559448,2,2,0
clean/lethal_necrosis/real/lethal_necrosis_multi_desease_real_51919060.jpeg,multi_desease,4,4,lethal_necrosis,lethal_necrosis,0.8321314454078674,4,4,4
clean/lethal_necrosis/real/lethal_necrosis_multi_desease_real_35563424.jpeg,multi_desease,4,4,lethal_necrosis,lethal_necrosis,0.8608934879302979,4,4,4
clean/northern_corn_leaf_blight/real/northern_corn_leaf_blight_maize_field_real_34771345.jpg,maize_field,6,6,northern_corn_leaf_blight,northern_corn_leaf_blight,0.4354497790336609,6,6,2
clean/fall_armyworm/real/fall_armyworm_maize_africa_real_51360881.jpg,maize_africa,1,1,fall_armyworm,fall_armyworm,0.844416618347168,1,1,1
clean/lethal_necrosis/real/lethal_necrosis_maize_africa_real_45406441.jpg,maize_africa,4,4,lethal_necrosis,lethal_necrosis,0.8325712084770203,4,4,4
clean/lethal_necrosis/real/lethal_necrosis_maize_africa_real_36132588.jpg,maize_africa,4,4,lethal_necrosis,lethal_necrosis,0.8488871455192566,4,4,4
clean/gray_leaf_spot/real/gray_leaf_spot_maize_field_real_15494398.jpg,maize_field,2,0,gray_leaf_spot,common_rust,0.4829030334949493,2,0,2
clean/northern_corn_leaf_blight/real/northern_corn_leaf_blight_maize_desease_real_82047472.jpg,maize_desease,6,6,northern_corn_leaf_blight,northern_corn_leaf_blight,0.8440781235694885,6,6,6
clean/gray_leaf_spot/real/gray_leaf_spot_maize_field_real_40888915.jpg,maize_field,2,2,gray_leaf_spot,gray_leaf_spot,0.9259255528450012,2,2,2
clean/northern_corn_leaf_blight/real/northern_corn_leaf_blight_maize_africa_real_36478660.jpg,maize_africa,6,6,northern_corn_leaf_blight,northern_corn_leaf_blight,0.8476502895355225,6,6,6
clean/lethal_necrosis/real/lethal_necrosis_multi_desease_real_79704363.jpeg,multi_desease,4,4,lethal_necrosis,lethal_necrosis,0.83545982837677,4,4,4
clean/northern_corn_leaf_blight/real/northern_corn_leaf_blight_maize_africa_real_34675635.jpg,maize_africa,6,6,northern_corn_leaf_blight,northern_corn_leaf_blight,0.82381272315979,6,6,6
clean/lethal_necrosis/real/lethal_necrosis_maize_africa_real_20840211.jpg,maize_africa,4,4,lethal_necrosis,lethal_necrosis,0.8400436043739319,4,4,4
clean/healthy/real/healthy_maize_africa_v1.2_real_1023.jpg,maize_africa_v1.2,3,3,healthy,healthy,0.826617956161499,3,3,3
clean/common_rust/lab/common_rust_maize_desease_lab_59179472.jpg,maize_desease,0,0,common_rust,common_rust,0.9128849506378174,0,0,0
clean/northern_corn_leaf_blight/real/northern_corn_leaf_blight_maize_desease_real_81617211.jpg,maize_desease,6,6,northern_corn_leaf_blight,northern_corn_leaf_blight,0.8380201458930969,6,6,6
clean/northern_corn_leaf_blight/real/northern_corn_leaf_blight_maize_africa_real_40304944.jpg,maize_africa,6,6,northern_corn_leaf_blight,northern_corn_leaf_blight,0.8374887704849243,6,6,6
clean/gray_leaf_spot/real/gray_leaf_spot_maize_field_real_16753466.jpg,maize_field,2,2,gray_leaf_spot,gray_leaf_spot,0.8825017213821411,2,2,2
clean/northern_corn_leaf_blight/real/northern_corn_leaf_blight_maize_africa_real_28402605.jpg,maize_africa,6,6,northern_corn_leaf_blight,northern_corn_leaf_blight,0.8245529532432556,6,6,6
clean/lethal_necrosis/real/lethal_necrosis_maize_africa_real_64626494.jpg,maize_africa,4,4,lethal_necrosis,lethal_necrosis,0.8427270650863647,4,4,4
clean/fall_armyworm/real/fall_armyworm_multi_desease_real_30018448.jpg,multi_desease,1,1,fall_armyworm,fall_armyworm,0.8506969213485718,1,1,1
clean/northern_corn_leaf_blight/real/northern_corn_leaf_blight_corn_leaf_roboflow_real_80073406.jpg,corn_leaf_roboflow,6,6,northern_corn_leaf_blight,northern_corn_leaf_blight,0.8230353593826294,6,6,6
clean/healthy/real/healthy_maize_africa_v1.2_real_887.jpg,maize_africa_v1.2,3,3,healthy,healthy,0.8053185343742371,3,3,3
clean/lethal_necrosis/real/lethal_necrosis_maize_africa_real_42202181.jpg,maize_africa,4,4,lethal_necrosis,lethal_necrosis,0.8395979404449463,4,4,4
clean/common_rust/lab/common_rust_multi_desease_lab_78108314.jpg,multi_desease,0,0,common_rust,common_rust,0.9062665104866028,0,0,0
clean/northern_corn_leaf_blight/real/northern_corn_leaf_blight_maize_africa_real_52956381.jpg,maize_africa,6,6,northern_corn_leaf_blight,northern_corn_leaf_blight,0.8268926739692688,6,6,6
clean/fall_armyworm/real/fall_armyworm_maize_africa_real_86469125.jpg,maize_africa,1,1,fall_armyworm,fall_armyworm,0.8540864586830139,1,1,1
clean/northern_corn_leaf_blight/real/northern_corn_leaf_blight_maize_africa_real_40246503.jpg,maize_africa,6,6,northern_corn_leaf_blight,northern_corn_leaf_blight,0.8261822462081909,6,6,6
clean/healthy/real/healthy_maize_desease_v1.1_real_27.jpg,maize_desease_v1.1,3,3,healthy,healthy,0.823479413986206,3,3,3
clean/fall_armyworm/real/fall_armyworm_multi_desease_real_38954784.jpg,multi_desease,1,1,fall_armyworm,fall_armyworm,0.8572347164154053,1,1,1
clean/northern_corn_leaf_blight/real/northern_corn_leaf_blight_maize_africa_real_73693098.jpg,maize_africa,6,6,northern_corn_leaf_blight,northern_corn_leaf_blight,0.8331416845321655,6,6,6
clean/healthy/real/healthy_maize_desease_v1.1_real_2728.jpg,maize_desease_v1.1,3,3,healthy,healthy,0.8221820592880249,3,3,3
clean/fall_armyworm/real/fall_armyworm_multi_desease_real_30636685.jpg,multi_desease,1,1,fall_armyworm,fall_armyworm,0.8569267988204956,1,1,1
clean/potassium_deficiency/real/potassium_deficiency_maize_deficiency_scanner_roboflow_real_21853f64.jpg,maize_deficiency_scanner_roboflow,8,5,potassium_deficiency,nitrogen_deficiency,0.7851935625076294,5,5,5
clean/healthy/real/healthy_maize_desease_v1.1_real_2158.jpg,maize_desease_v1.1,3,3,healthy,healthy,0.822573184967041,3,3,3
clean/fall_armyworm/real/fall_armyworm_corn_leaf_roboflow_real_26131817.jpg,corn_leaf_roboflow,1,1,fall_armyworm,fall_armyworm,0.8650540113449097,1,1,1
clean/lethal_necrosis/real/lethal_necrosis_maize_africa_real_63351422.jpg,maize_africa,4,4,lethal_necrosis,lethal_necrosis,0.8455566167831421,4,4,4
clean/gray_leaf_spot/real/gray_leaf_spot_maize_field_real_89746954.jpg,maize_field,2,3,gray_leaf_spot,healthy,0.4348339438438415,3,2,3
clean/healthy/real/healthy_maize_desease_v1.1_real_3370.jpg,maize_desease_v1.1,3,3,healthy,healthy,0.8187898993492126,3,3,3
clean/healthy/real/healthy_maize_desease_v1.1_real_2924.jpg,maize_desease_v1.1,3,3,healthy,healthy,0.8159568309783936,3,3,3
clean/lethal_necrosis/real/lethal_necrosis_maize_africa_real_73172234.jpg,maize_africa,4,4,lethal_necrosis,lethal_necrosis,0.8332931995391846,4,4,4
clean/fall_armyworm/real/fall_armyworm_corn_leaf_roboflow_real_45962545.jpg,corn_leaf_roboflow,1,1,fall_armyworm,fall_armyworm,0.8422564268112183,1,1,1
clean/northern_corn_leaf_blight/lab/northern_corn_leaf_blight_cropdg_lab_332.jpg,cropdg,6,6,northern_corn_leaf_blight,northern_corn_leaf_blight,0.8338661789894104,6,6,6
clean/northern_corn_leaf_blight/real/northern_corn_leaf_blight_maize_africa_real_19297863.jpg,maize_africa,6,6,northern_corn_leaf_blight,northern_corn_leaf_blight,0.8267654776573181,6,6,6
clean/northern_corn_leaf_blight/real/northern_corn_leaf_blight_maize_africa_real_68890800.jpg,maize_africa,6,6,northern_corn_leaf_blight,northern_corn_leaf_blight,0.827553927898407,6,6,6
clean/northern_corn_leaf_blight/lab/northern_corn_leaf_blight_cropdg_lab_338.jpg,cropdg,6,6,northern_corn_leaf_blight,northern_corn_leaf_blight,0.819629967212677,6,6,6
clean/phosphorus_deficiency/real/phosphorus_deficiency_maize_2_roboflow_real_7a05afa8.jpg,maize_2_roboflow,7,7,phosphorus_deficiency,phosphorus_deficiency,0.9567422866821288,7,7,7
clean/lethal_necrosis/real/lethal_necrosis_multi_desease_real_26341680.jpeg,multi_desease,4,4,lethal_necrosis,lethal_necrosis,0.8469164371490479,4,4,4
clean/northern_corn_leaf_blight/real/northern_corn_leaf_blight_maize_africa_real_15990206.jpg,maize_africa,6,6,northern_corn_leaf_blight,northern_corn_leaf_blight,0.8162023425102234,6,6,6
clean/healthy/real/healthy_maize_africa_v1.2_real_1318.jpg,maize_africa_v1.2,3,3,healthy,healthy,0.8179998993873596,3,3,3
clean/healthy/real/healthy_maize_africa_v1.2_real_1586.jpg,maize_africa_v1.2,3,3,healthy,healthy,0.7364320755004883,3,3,3
clean/gray_leaf_spot/real/gray_leaf_spot_maize_leaf_roboflow_real_f7fd1f1b.jpg,maize_leaf_roboflow,2,2,gray_leaf_spot,gray_leaf_spot,0.8956158757209778,2,2,2
clean/common_rust/lab/common_rust_multi_desease_lab_76532561.jpg,multi_desease,0,0,common_rust,common_rust,0.903727114200592,0,0,0
clean/common_rust/lab/common_rust_maize_desease_lab_93521110.jpg,maize_desease,0,0,common_rust,common_rust,0.9040232300758362,0,0,0
clean/healthy/real/healthy_corn_leaf_roboflow_real_26812148.jpg,corn_leaf_roboflow,3,3,healthy,healthy,0.8304629325866699,3,3,3
clean/lethal_necrosis/real/lethal_necrosis_multi_desease_real_94246257.jpeg,multi_desease,4,4,lethal_necrosis,lethal_necrosis,0.8201814889907837,4,4,4
clean/healthy/real/healthy_maize_desease_v1.1_real_2918.jpg,maize_desease_v1.1,3,3,healthy,healthy,0.8191195726394653,3,3,3
clean/gray_leaf_spot/lab/gray_leaf_spot_cropdg_lab_41541214.jpg,cropdg,2,2,gray_leaf_spot,gray_leaf_spot,0.9236047267913818,2,2,2
clean/lethal_necrosis/real/lethal_necrosis_multi_desease_real_73153307.jpeg,multi_desease,4,4,lethal_necrosis,lethal_necrosis,0.8420283198356628,4,4,4
clean/fall_armyworm/real/fall_armyworm_multi_desease_real_59478238.jpg,multi_desease,1,1,fall_armyworm,fall_armyworm,0.7272112369537354,1,1,1
clean/lethal_necrosis/real/lethal_necrosis_multi_desease_real_59200365.jpeg,multi_desease,4,4,lethal_necrosis,lethal_necrosis,0.8439576625823975,4,4,4
clean/lethal_necrosis/real/lethal_necrosis_maize_africa_real_43574852.jpg,maize_africa,4,4,lethal_necrosis,lethal_necrosis,0.8383874297142029,4,4,4
clean/healthy/real/healthy_maize_desease_v1.1_real_1029.jpg,maize_desease_v1.1,3,3,healthy,healthy,0.8115348219871521,3,3,3
clean/healthy/real/healthy_maize_desease_v1.1_real_3342.jpg,maize_desease_v1.1,3,3,healthy,healthy,0.8179770112037659,3,3,3
clean/northern_corn_leaf_blight/real/northern_corn_leaf_blight_maize_africa_real_76067881.jpg,maize_africa,6,6,northern_corn_leaf_blight,northern_corn_leaf_blight,0.8260962963104248,6,6,6
clean/healthy/real/healthy_maize_desease_v1.1_real_2688.jpg,maize_desease_v1.1,3,3,healthy,healthy,0.8208562135696411,3,3,3
clean/northern_corn_leaf_blight/real/northern_corn_leaf_blight_maize_africa_real_32957517.jpg,maize_africa,6,6,northern_corn_leaf_blight,northern_corn_leaf_blight,0.8237093687057495,6,6,6
clean/northern_corn_leaf_blight/real/northern_corn_leaf_blight_maize_africa_real_82676569.jpg,maize_africa,6,6,northern_corn_leaf_blight,northern_corn_leaf_blight,0.8336256146430969,6,6,6
clean/lethal_necrosis/real/lethal_necrosis_maize_africa_real_56504916.jpg,maize_africa,4,4,lethal_necrosis,lethal_necrosis,0.8519645929336548,4,4,4
clean/healthy/real/healthy_maize_desease_v1.1_real_1762.jpg,maize_desease_v1.1,3,3,healthy,healthy,0.8178987503051758,3,3,3
clean/nitrogen_deficiency/real/nitrogen_deficiency_maize_deficiency_scanner_roboflow_real_cbb905d2.jpg,maize_deficiency_scanner_roboflow,5,5,nitrogen_deficiency,nitrogen_deficiency,0.9439169764518738,5,5,5
clean/fall_armyworm/real/fall_armyworm_multi_desease_real_36733297.jpg,multi_desease,1,1,fall_armyworm,fall_armyworm,0.8587914705276489,1,1,1
clean/northern_corn_leaf_blight/real/northern_corn_leaf_blight_maize_desease_real_41218770.jpg,maize_desease,6,6,northern_corn_leaf_blight,northern_corn_leaf_blight,0.8127807378768921,6,6,6
clean/healthy/real/healthy_cropdg_real_754.jpg,cropdg,3,3,healthy,healthy,0.8156953454017639,3,3,3
clean/northern_corn_leaf_blight/real/northern_corn_leaf_blight_maize_desease_real_65553034.jpg,maize_desease,6,6,northern_corn_leaf_blight,northern_corn_leaf_blight,0.8368240594863892,6,6,6
clean/lethal_necrosis/real/lethal_necrosis_maize_africa_real_34090249.jpg,maize_africa,4,4,lethal_necrosis,lethal_necrosis,0.8402950763702393,4,4,4
clean/lethal_necrosis/real/lethal_necrosis_multi_desease_real_31236258.jpeg,multi_desease,4,4,lethal_necrosis,lethal_necrosis,0.8070813417434692,4,4,4
clean/lethal_necrosis/real/lethal_necrosis_maize_africa_real_62941491.jpg,maize_africa,4,4,lethal_necrosis,lethal_necrosis,0.8466389179229736,4,4,4
clean/healthy/real/healthy_maize_desease_v1.1_real_4587.jpg,maize_desease_v1.1,3,3,healthy,healthy,0.817481517791748,3,3,3
clean/lethal_necrosis/real/lethal_necrosis_multi_desease_real_57043572.jpeg,multi_desease,4,4,lethal_necrosis,lethal_necrosis,0.8372964859008789,4,4,4
clean/lethal_necrosis/real/lethal_necrosis_multi_desease_real_46976127.jpeg,multi_desease,4,4,lethal_necrosis,lethal_necrosis,0.8386438488960266,4,4,4
clean/northern_corn_leaf_blight/real/northern_corn_leaf_blight_maize_desease_real_22197594.jpg,maize_desease,6,6,northern_corn_leaf_blight,northern_corn_leaf_blight,0.8370397686958313,6,6,6
clean/lethal_necrosis/real/lethal_necrosis_maize_africa_real_17668944.jpg,maize_africa,4,4,lethal_necrosis,lethal_necrosis,0.8370505571365356,4,4,4
clean/fall_armyworm/real/fall_armyworm_multi_desease_real_46096753.jpg,multi_desease,1,1,fall_armyworm,fall_armyworm,0.8589824438095093,1,1,1
clean/lethal_necrosis/real/lethal_necrosis_maize_africa_real_73977436.jpg,maize_africa,4,4,lethal_necrosis,lethal_necrosis,0.8460028171539307,4,4,4
clean/northern_corn_leaf_blight/real/northern_corn_leaf_blight_maize_africa_real_45413285.jpg,maize_africa,6,6,northern_corn_leaf_blight,northern_corn_leaf_blight,0.82994145154953,6,6,6
clean/northern_corn_leaf_blight/lab/northern_corn_leaf_blight_cropdg_lab_446.jpg,cropdg,6,6,northern_corn_leaf_blight,northern_corn_leaf_blight,0.807791531085968,6,6,6
clean/northern_corn_leaf_blight/real/northern_corn_leaf_blight_maize_desease_real_21212081.jpg,maize_desease,6,6,northern_corn_leaf_blight,northern_corn_leaf_blight,0.8297732472419739,6,6,6
clean/northern_corn_leaf_blight/real/northern_corn_leaf_blight_maize_africa_real_42207905.jpg,maize_africa,6,6,northern_corn_leaf_blight,northern_corn_leaf_blight,0.8228421807289124,6,6,6
clean/northern_corn_leaf_blight/real/northern_corn_leaf_blight_maize_africa_real_39270350.jpg,maize_africa,6,6,northern_corn_leaf_blight,northern_corn_leaf_blight,0.832694411277771,6,6,6
clean/healthy/real/healthy_maize_desease_v1.1_real_1078.jpg,maize_desease_v1.1,3,3,healthy,healthy,0.8147670030593872,3,3,3
clean/common_rust/lab/common_rust_multi_desease_lab_20336246.jpg,multi_desease,0,0,common_rust,common_rust,0.9073821306228638,0,0,0
clean/lethal_necrosis/real/lethal_necrosis_multi_desease_real_88149136.jpeg,multi_desease,4,4,lethal_necrosis,lethal_necrosis,0.8448508977890015,4,4,4
clean/northern_corn_leaf_blight/real/northern_corn_leaf_blight_maize_africa_real_63854910.jpg,maize_africa,6,6,northern_corn_leaf_blight,northern_corn_leaf_blight,0.8284204602241516,6,6,6
clean/healthy/real/healthy_maize_desease_v1.1_real_1003.jpg,maize_desease_v1.1,3,3,healthy,healthy,0.8039666414260864,3,3,3
clean/common_rust/lab/common_rust_multi_desease_lab_56808629.jpg,multi_desease,0,0,common_rust,common_rust,0.9098652005195618,0,0,0
clean/healthy/real/healthy_maize_desease_v1.1_real_1994.jpg,maize_desease_v1.1,3,3,healthy,healthy,0.8218920230865479,3,3,3
clean/fall_armyworm/real/fall_armyworm_multi_desease_real_15623339.jpg,multi_desease,1,1,fall_armyworm,fall_armyworm,0.8615126609802246,1,1,1
clean/northern_corn_leaf_blight/real/northern_corn_leaf_blight_maize_africa_real_66253003.jpg,maize_africa,6,6,northern_corn_leaf_blight,northern_corn_leaf_blight,0.8301311731338501,6,6,6
clean/common_rust/lab/common_rust_multi_desease_lab_25203397.jpg,multi_desease,0,0,common_rust,common_rust,0.9091451168060304,0,0,0
clean/lethal_necrosis/real/lethal_necrosis_multi_desease_real_42944637.jpeg,multi_desease,4,4,lethal_necrosis,lethal_necrosis,0.8404988050460815,4,4,4
clean/gray_leaf_spot/real/gray_leaf_spot_maize_leaf_roboflow_real_b85a10e6.jpg,maize_leaf_roboflow,2,2,gray_leaf_spot,gray_leaf_spot,0.913877248764038,2,2,2
clean/healthy/real/healthy_maize_desease_v1.1_real_1399.jpg,maize_desease_v1.1,3,3,healthy,healthy,0.81814044713974,3,3,3
clean/fall_armyworm/real/fall_armyworm_multi_desease_real_17522226.jpg,multi_desease,1,1,fall_armyworm,fall_armyworm,0.8491867780685425,1,1,1
clean/gray_leaf_spot/real/gray_leaf_spot_corn_leaf_diseases_classification_roboflow_real_7aaaaeea.jpg,corn_leaf_diseases_classification_roboflow,2,2,gray_leaf_spot,gray_leaf_spot,0.919317662715912,2,2,2
clean/healthy/real/healthy_maize_desease_v1.1_real_2869.jpg,maize_desease_v1.1,3,3,healthy,healthy,0.8206058144569397,3,3,3
clean/lethal_necrosis/real/lethal_necrosis_multi_desease_real_81612456.jpeg,multi_desease,4,4,lethal_necrosis,lethal_necrosis,0.8430481553077698,4,4,4
clean/fall_armyworm/real/fall_armyworm_multi_desease_real_91631826.jpg,multi_desease,1,1,fall_armyworm,fall_armyworm,0.8527970910072327,1,1,1
clean/fall_armyworm/real/fall_armyworm_maize_africa_real_25759168.jpg,maize_africa,1,1,fall_armyworm,fall_armyworm,0.8645643591880798,1,1,1
clean/healthy/real/healthy_maize_africa_v1.2_real_616.jpg,maize_africa_v1.2,3,3,healthy,healthy,0.8223192691802979,3,3,3
clean/healthy/real/healthy_cropdg_real_282.jpg,cropdg,3,3,healthy,healthy,0.8198065757751465,3,3,3
clean/fall_armyworm/real/fall_armyworm_maize_africa_real_98107205.jpg,maize_africa,1,1,fall_armyworm,fall_armyworm,0.8656794428825378,1,1,1
clean/lethal_necrosis/real/lethal_necrosis_maize_africa_real_34236298.jpg,maize_africa,4,4,lethal_necrosis,lethal_necrosis,0.842995822429657,4,4,4
clean/lethal_necrosis/real/lethal_necrosis_maize_africa_real_97271269.jpg,maize_africa,4,4,lethal_necrosis,lethal_necrosis,0.8282784819602966,4,4,4
clean/healthy/real/healthy_maize_africa_v1.2_real_1089.jpg,maize_africa_v1.2,3,3,healthy,healthy,0.8236042857170105,3,3,3
clean/lethal_necrosis/real/lethal_necrosis_multi_desease_real_58501424.jpeg,multi_desease,4,4,lethal_necrosis,lethal_necrosis,0.829904317855835,4,4,4
clean/northern_corn_leaf_blight/real/northern_corn_leaf_blight_maize_africa_real_58226150.jpg,maize_africa,6,6,northern_corn_leaf_blight,northern_corn_leaf_blight,0.8313519358634949,6,6,6
clean/lethal_necrosis/real/lethal_necrosis_maize_africa_real_79343232.jpg,maize_africa,4,4,lethal_necrosis,lethal_necrosis,0.8505552411079407,4,4,4
clean/lethal_necrosis/real/lethal_necrosis_maize_africa_real_90471485.jpg,maize_africa,4,4,lethal_necrosis,lethal_necrosis,0.8509492874145508,4,4,4
clean/fall_armyworm/real/fall_armyworm_multi_desease_real_58197472.jpg,multi_desease,1,1,fall_armyworm,fall_armyworm,0.8711506128311157,1,1,1
clean/northern_corn_leaf_blight/real/northern_corn_leaf_blight_maize_field_real_15681177.jpg,maize_field,6,6,northern_corn_leaf_blight,northern_corn_leaf_blight,0.8256624937057495,6,6,6
clean/healthy/real/healthy_maize_africa_v1.2_real_1117.jpg,maize_africa_v1.2,3,3,healthy,healthy,0.8205082416534424,3,3,3
clean/northern_corn_leaf_blight/real/northern_corn_leaf_blight_maize_africa_real_91333315.jpg,maize_africa,6,6,northern_corn_leaf_blight,northern_corn_leaf_blight,0.8139849901199341,6,6,6
clean/lethal_necrosis/real/lethal_necrosis_multi_desease_real_24453960.jpeg,multi_desease,4,4,lethal_necrosis,lethal_necrosis,0.8444103002548218,4,4,4
clean/healthy/real/healthy_maize_desease_v1.1_real_489.jpg,maize_desease_v1.1,3,3,healthy,healthy,0.8197190165519714,3,3,3
clean/healthy/real/healthy_maize_desease_v1.1_real_4133.jpg,maize_desease_v1.1,3,3,healthy,healthy,0.824616551399231,3,3,3
clean/healthy/real/healthy_maize_desease_v1.1_real_2223.jpg,maize_desease_v1.1,3,3,healthy,healthy,0.8104021549224854,3,3,3
clean/healthy/real/healthy_cropdg_real_821.jpg,cropdg,3,3,healthy,healthy,0.8159396648406982,3,3,3
clean/northern_corn_leaf_blight/real/northern_corn_leaf_blight_maize_africa_real_61439210.jpg,maize_africa,6,6,northern_corn_leaf_blight,northern_corn_leaf_blight,0.5517232418060303,6,6,2
clean/fall_armyworm/real/fall_armyworm_corn_leaf_roboflow_real_80602003.jpg,corn_leaf_roboflow,1,6,fall_armyworm,northern_corn_leaf_blight,0.4604093432426452,6,6,1
clean/healthy/real/healthy_cropdg_real_254.jpg,cropdg,3,3,healthy,healthy,0.8239555954933167,3,3,3
clean/common_rust/lab/common_rust_maize_desease_lab_96707928.jpg,maize_desease,0,0,common_rust,common_rust,0.9047406911849976,0,0,0
clean/common_rust/lab/common_rust_multi_desease_lab_58238601.jpg,multi_desease,0,0,common_rust,common_rust,0.9105094075202942,0,0,0
clean/gray_leaf_spot/real/gray_leaf_spot_corn_leaf_diseases_classification_roboflow_real_1a43c76b.jpg,corn_leaf_diseases_classification_roboflow,2,2,gray_leaf_spot,gray_leaf_spot,0.9184383749961852,2,2,2
clean/healthy/real/healthy_maize_desease_v1.1_real_3723.jpg,maize_desease_v1.1,3,3,healthy,healthy,0.819605827331543,3,3,3
clean/northern_corn_leaf_blight/real/northern_corn_leaf_blight_maize_africa_real_71206810.jpg,maize_africa,6,6,northern_corn_leaf_blight,northern_corn_leaf_blight,0.8346733450889587,6,6,6
clean/gray_leaf_spot/lab/gray_leaf_spot_cropdg_lab_23226602.jpg,cropdg,2,2,gray_leaf_spot,gray_leaf_spot,0.8535663485527039,2,2,2
clean/common_rust/lab/common_rust_maize_desease_lab_69403567.jpg,maize_desease,0,0,common_rust,common_rust,0.904878795146942,0,0,0
clean/nitrogen_deficiency/real/nitrogen_deficiency_corn_leaf_roboflow_real_93669174.jpg,corn_leaf_roboflow,5,5,nitrogen_deficiency,nitrogen_deficiency,0.9513379335403442,5,5,5
clean/lethal_necrosis/real/lethal_necrosis_maize_africa_real_18304463.jpg,maize_africa,4,4,lethal_necrosis,lethal_necrosis,0.83989018201828,4,4,4
clean/healthy/real/healthy_maize_africa_v1.2_real_412.jpg,maize_africa_v1.2,3,3,healthy,healthy,0.8132463693618774,3,3,3
clean/northern_corn_leaf_blight/real/northern_corn_leaf_blight_corn_leaf_roboflow_real_51721855.jpg,corn_leaf_roboflow,6,6,northern_corn_leaf_blight,northern_corn_leaf_blight,0.8164476156234741,6,6,6
clean/nitrogen_deficiency/real/nitrogen_deficiency_corn_leaf_roboflow_real_46267999.jpg,corn_leaf_roboflow,5,5,nitrogen_deficiency,nitrogen_deficiency,0.865321934223175,5,5,5
clean/lethal_necrosis/real/lethal_necrosis_maize_africa_real_71056323.jpg,maize_africa,4,4,lethal_necrosis,lethal_necrosis,0.8509166240692139,4,4,4
clean/healthy/real/healthy_maize_desease_v1.1_real_4487.jpg,maize_desease_v1.1,3,3,healthy,healthy,0.8018341660499573,3,3,3
clean/healthy/real/healthy_maize_desease_v1.1_real_5181.jpg,maize_desease_v1.1,3,3,healthy,healthy,0.8208529949188232,3,3,3
clean/fall_armyworm/real/fall_armyworm_corn_leaf_roboflow_real_22783905.jpg,corn_leaf_roboflow,1,1,fall_armyworm,fall_armyworm,0.839310884475708,1,1,1
clean/healthy/real/healthy_maize_desease_v1.1_real_5241.jpg,maize_desease_v1.1,3,3,healthy,healthy,0.821089506149292,3,3,3
clean/fall_armyworm/real/fall_armyworm_maize_africa_real_31049355.jpg,maize_africa,1,1,fall_armyworm,fall_armyworm,0.8667507171630859,1,1,1
clean/lethal_necrosis/real/lethal_necrosis_multi_desease_real_58246110.jpeg,multi_desease,4,4,lethal_necrosis,lethal_necrosis,0.8466914892196655,4,4,4
clean/healthy/real/healthy_maize_desease_v1.1_real_438.jpg,maize_desease_v1.1,3,3,healthy,healthy,0.8194003105163574,3,3,3
clean/fall_armyworm/real/fall_armyworm_multi_desease_real_26533838.jpg,multi_desease,1,1,fall_armyworm,fall_armyworm,0.8221873044967651,1,1,1
clean/healthy/real/healthy_maize_desease_v1.1_real_3051.jpg,maize_desease_v1.1,3,3,healthy,healthy,0.8183189630508423,3,3,3
clean/healthy/real/healthy_maize_desease_v1.1_real_4358.jpg,maize_desease_v1.1,3,3,healthy,healthy,0.8210391998291016,3,3,3
clean/healthy/real/healthy_maize_desease_v1.1_real_2840.jpg,maize_desease_v1.1,3,3,healthy,healthy,0.8069351315498352,3,3,3
clean/healthy/real/healthy_maize_desease_v1.1_real_1623.jpg,maize_desease_v1.1,3,3,healthy,healthy,0.8241008520126343,3,3,3
clean/lethal_necrosis/real/lethal_necrosis_multi_desease_real_30760665.jpeg,multi_desease,4,4,lethal_necrosis,lethal_necrosis,0.8407546281814575,4,4,4
clean/northern_corn_leaf_blight/real/northern_corn_leaf_blight_maize_africa_real_91750483.jpg,maize_africa,6,6,northern_corn_leaf_blight,northern_corn_leaf_blight,0.8257268071174622,6,6,6
clean/gray_leaf_spot/real/gray_leaf_spot_corn_leaf_diseases_classification_roboflow_real_31b39a0f.jpg,corn_leaf_diseases_classification_roboflow,2,2,gray_leaf_spot,gray_leaf_spot,0.9242567420005798,2,2,2
clean/potassium_deficiency/real/potassium_deficiency_maize_2_roboflow_real_8b25ffa9.jpg,maize_2_roboflow,8,8,potassium_deficiency,potassium_deficiency,0.9577576518058776,8,8,8
clean/healthy/real/healthy_maize_africa_v1.2_real_540.jpg,maize_africa_v1.2,3,3,healthy,healthy,0.8102918863296509,3,3,3
clean/fall_armyworm/real/fall_armyworm_maize_africa_real_52390530.jpg,maize_africa,1,1,fall_armyworm,fall_armyworm,0.8540805578231812,1,1,1
clean/healthy/real/healthy_maize_desease_v1.1_real_1890.jpg,maize_desease_v1.1,3,3,healthy,healthy,0.8169919848442078,3,3,3
clean/lethal_necrosis/real/lethal_necrosis_maize_africa_real_26023144.jpg,maize_africa,4,4,lethal_necrosis,lethal_necrosis,0.840430498123169,4,4,4
clean/fall_armyworm/real/fall_armyworm_maize_africa_real_51063937.jpg,maize_africa,1,1,fall_armyworm,fall_armyworm,0.8443495035171509,1,1,1
clean/northern_corn_leaf_blight/real/northern_corn_leaf_blight_maize_africa_real_25032334.jpg,maize_africa,6,6,northern_corn_leaf_blight,northern_corn_leaf_blight,0.8282418251037598,6,6,6
clean/common_rust/lab/common_rust_multi_desease_lab_40504144.jpg,multi_desease,0,0,common_rust,common_rust,0.9047248363494872,0,0,0
clean/healthy/real/healthy_maize_desease_v1.1_real_4921.jpg,maize_desease_v1.1,3,3,healthy,healthy,0.8150555491447449,3,3,3
clean/northern_corn_leaf_blight/lab/northern_corn_leaf_blight_cropdg_lab_776.jpg,cropdg,6,6,northern_corn_leaf_blight,northern_corn_leaf_blight,0.8259056806564331,6,6,6
clean/healthy/real/healthy_maize_desease_v1.1_real_1716.jpg,maize_desease_v1.1,3,3,healthy,healthy,0.8205037117004395,3,3,3
clean/lethal_necrosis/real/lethal_necrosis_maize_africa_real_40205659.jpg,maize_africa,4,4,lethal_necrosis,lethal_necrosis,0.8358778953552246,4,4,4
clean/gray_leaf_spot/real/gray_leaf_spot_corn_leaf_diseases_classification_roboflow_real_b1c0d291.jpg,corn_leaf_diseases_classification_roboflow,2,2,gray_leaf_spot,gray_leaf_spot,0.9259076714515686,2,2,2
clean/lethal_necrosis/real/lethal_necrosis_multi_desease_real_35522822.jpeg,multi_desease,4,4,lethal_necrosis,lethal_necrosis,0.8391991853713989,4,4,4
clean/northern_corn_leaf_blight/real/northern_corn_leaf_blight_maize_africa_real_11153267.jpg,maize_africa,6,6,northern_corn_leaf_blight,northern_corn_leaf_blight,0.8376013040542603,6,6,6
clean/northern_corn_leaf_blight/real/northern_corn_leaf_blight_maize_desease_real_97258259.jpg,maize_desease,6,6,northern_corn_leaf_blight,northern_corn_leaf_blight,0.8261452317237854,6,6,6
clean/healthy/real/healthy_maize_desease_v1.1_real_1462.jpg,maize_desease_v1.1,3,3,healthy,healthy,0.8044033050537109,3,3,3
clean/healthy/real/healthy_maize_desease_v1.1_real_4859.jpg,maize_desease_v1.1,3,3,healthy,healthy,0.8115551471710205,3,3,3
clean/lethal_necrosis/real/lethal_necrosis_maize_africa_real_10962654.jpg,maize_africa,4,4,lethal_necrosis,lethal_necrosis,0.8392878174781799,4,4,4
clean/fall_armyworm/real/fall_armyworm_multi_desease_real_84753180.jpg,multi_desease,1,1,fall_armyworm,fall_armyworm,0.8599897623062134,1,1,1
clean/fall_armyworm/real/fall_armyworm_maize_africa_real_73021857.jpg,maize_africa,1,1,fall_armyworm,fall_armyworm,0.8578717112541199,1,1,1
clean/lethal_necrosis/real/lethal_necrosis_maize_africa_real_11166415.jpg,maize_africa,4,4,lethal_necrosis,lethal_necrosis,0.8445802330970764,4,4,4
clean/fall_armyworm/real/fall_armyworm_multi_desease_real_80425765.jpg,multi_desease,1,1,fall_armyworm,fall_armyworm,0.858657956123352,1,1,1
clean/lethal_necrosis/real/lethal_necrosis_multi_desease_real_87673777.jpeg,multi_desease,4,4,lethal_necrosis,lethal_necrosis,0.8336129188537598,4,4,4
clean/northern_corn_leaf_blight/lab/northern_corn_leaf_blight_cropdg_lab_865.jpg,cropdg,6,6,northern_corn_leaf_blight,northern_corn_leaf_blight,0.8264603614807129,6,6,6
clean/northern_corn_leaf_blight/real/northern_corn_leaf_blight_corn_leaf_roboflow_real_89845770.jpg,corn_leaf_roboflow,6,6,northern_corn_leaf_blight,northern_corn_leaf_blight,0.8244830965995789,6,6,6
clean/lethal_necrosis/real/lethal_necrosis_maize_africa_real_41335835.jpg,maize_africa,4,4,lethal_necrosis,lethal_necrosis,0.8416106104850769,4,4,4
clean/phosphorus_deficiency/real/phosphorus_deficiency_maize_nutrient_real_17272987.jpeg,maize_nutrient,7,7,phosphorus_deficiency,phosphorus_deficiency,0.9074339866638184,7,7,7
clean/lethal_necrosis/real/lethal_necrosis_maize_africa_real_48931673.jpg,maize_africa,4,4,lethal_necrosis,lethal_necrosis,0.8392930030822754,4,4,4
clean/healthy/real/healthy_maize_desease_v1.1_real_4510.jpg,maize_desease_v1.1,3,3,healthy,healthy,0.8234432935714722,3,3,3
clean/northern_corn_leaf_blight/real/northern_corn_leaf_blight_maize_desease_real_75190520.jpg,maize_desease,6,6,northern_corn_leaf_blight,northern_corn_leaf_blight,0.8267654180526733,6,6,6
clean/healthy/real/healthy_maize_desease_v1.1_real_4074.jpg,maize_desease_v1.1,3,3,healthy,healthy,0.8260826468467712,3,3,3
clean/healthy/real/healthy_cropdg_real_335.jpg,cropdg,3,3,healthy,healthy,0.8161438703536987,3,3,3
clean/potassium_deficiency/real/potassium_deficiency_maize_2_roboflow_real_b88b49c9.jpg,maize_2_roboflow,8,8,potassium_deficiency,potassium_deficiency,0.7017386555671692,8,8,7
clean/common_rust/lab/common_rust_maize_desease_lab_80058384.jpg,maize_desease,0,0,common_rust,common_rust,0.8953437209129333,0,0,0
clean/northern_corn_leaf_blight/real/northern_corn_leaf_blight_maize_africa_real_24842349.jpg,maize_africa,6,6,northern_corn_leaf_blight,northern_corn_leaf_blight,0.8192800879478455,6,6,6
clean/nitrogen_deficiency/real/nitrogen_deficiency_maize_2_roboflow_real_3ddd310b.jpg,maize_2_roboflow,5,5,nitrogen_deficiency,nitrogen_deficiency,0.9478582739830016,5,5,5
clean/northern_corn_leaf_blight/real/northern_corn_leaf_blight_maize_africa_real_70519814.jpg,maize_africa,6,6,northern_corn_leaf_blight,northern_corn_leaf_blight,0.8356409668922424,6,6,6
clean/fall_armyworm/real/fall_armyworm_maize_africa_real_66650766.jpg,maize_africa,1,1,fall_armyworm,fall_armyworm,0.8725290894508362,1,1,1
clean/fall_armyworm/real/fall_armyworm_maize_africa_real_46877409.jpg,maize_africa,1,1,fall_armyworm,fall_armyworm,0.8481130599975586,1,1,1
clean/healthy/real/healthy_maize_desease_v1.1_real_2686.jpg,maize_desease_v1.1,3,3,healthy,healthy,0.8173048496246338,3,3,3
clean/healthy/real/healthy_maize_africa_v1.2_real_514.jpg,maize_africa_v1.2,3,3,healthy,healthy,0.813292384147644,3,3,3
clean/common_rust/lab/common_rust_maize_desease_lab_56312153.jpg,maize_desease,0,0,common_rust,common_rust,0.9014564752578736,0,0,0
clean/gray_leaf_spot/lab/gray_leaf_spot_cropdg_lab_25366301.jpg,cropdg,2,2,gray_leaf_spot,gray_leaf_spot,0.8259820938110352,2,2,2
clean/healthy/real/healthy_maize_desease_v1.1_real_1342.jpg,maize_desease_v1.1,3,3,healthy,healthy,0.8092051148414612,3,3,3
clean/lethal_necrosis/real/lethal_necrosis_maize_africa_real_64816891.jpg,maize_africa,4,4,lethal_necrosis,lethal_necrosis,0.8067545294761658,4,4,4
clean/lethal_necrosis/real/lethal_necrosis_maize_africa_real_68927125.jpg,maize_africa,4,4,lethal_necrosis,lethal_necrosis,0.8206427097320557,4,4,4
clean/healthy/real/healthy_maize_desease_v1.1_real_5035.jpg,maize_desease_v1.1,3,3,healthy,healthy,0.817883312702179,3,3,3
clean/fall_armyworm/real/fall_armyworm_multi_desease_real_53033260.jpg,multi_desease,1,1,fall_armyworm,fall_armyworm,0.8703572750091553,1,1,1
clean/common_rust/lab/common_rust_multi_desease_lab_79942174.jpg,multi_desease,0,0,common_rust,common_rust,0.9126561284065248,0,0,0
clean/lethal_necrosis/real/lethal_necrosis_maize_africa_real_52856249.jpg,maize_africa,4,4,lethal_necrosis,lethal_necrosis,0.8447703123092651,4,4,4
clean/northern_corn_leaf_blight/real/northern_corn_leaf_blight_maize_africa_real_13243369.jpg,maize_africa,6,6,northern_corn_leaf_blight,northern_corn_leaf_blight,0.8380681276321411,6,6,6
clean/fall_armyworm/real/fall_armyworm_maize_africa_real_33748778.jpg,maize_africa,1,1,fall_armyworm,fall_armyworm,0.8594388961791992,1,1,1
clean/northern_corn_leaf_blight/real/northern_corn_leaf_blight_maize_africa_real_88677806.jpg,maize_africa,6,6,northern_corn_leaf_blight,northern_corn_leaf_blight,0.8332773447036743,6,6,6
clean/northern_corn_leaf_blight/real/northern_corn_leaf_blight_maize_desease_real_79602668.jpg,maize_desease,6,6,northern_corn_leaf_blight,northern_corn_leaf_blight,0.5583906173706055,6,6,3
clean/northern_corn_leaf_blight/real/northern_corn_leaf_blight_maize_africa_real_90146009.jpg,maize_africa,6,6,northern_corn_leaf_blight,northern_corn_leaf_blight,0.8342857360839844,6,6,6
clean/common_rust/lab/common_rust_maize_desease_lab_46449804.jpg,maize_desease,0,0,common_rust,common_rust,0.9089704751968384,0,0,0
clean/gray_leaf_spot/real/gray_leaf_spot_maize_field_real_14678874.jpg,maize_field,2,2,gray_leaf_spot,gray_leaf_spot,0.9280474185943604,2,2,2
clean/healthy/real/healthy_maize_desease_v1.1_real_4632.jpg,maize_desease_v1.1,3,3,healthy,healthy,0.832910418510437,3,3,3
clean/fall_armyworm/real/fall_armyworm_maize_africa_real_68583594.jpg,maize_africa,1,1,fall_armyworm,fall_armyworm,0.8591663241386414,1,1,1
clean/healthy/real/healthy_maize_africa_v1.2_real_911.jpg,maize_africa_v1.2,3,3,healthy,healthy,0.7958742380142212,3,3,3
clean/common_rust/lab/common_rust_multi_desease_lab_93808615.jpg,multi_desease,0,0,common_rust,common_rust,0.9058786630630492,0,0,0
clean/healthy/real/healthy_cropdg_real_985.jpg,cropdg,3,3,healthy,healthy,0.8205564618110657,3,3,3
clean/fall_armyworm/real/fall_armyworm_multi_desease_real_24439132.jpg,multi_desease,1,1,fall_armyworm,fall_armyworm,0.8320964574813843,1,1,1
clean/common_rust/lab/common_rust_maize_desease_lab_41464019.jpg,maize_desease,0,0,common_rust,common_rust,0.8996207118034363,0,0,0
clean/lethal_necrosis/real/lethal_necrosis_maize_africa_real_35276582.jpg,maize_africa,4,4,lethal_necrosis,lethal_necrosis,0.7061139345169067,4,4,4
clean/healthy/real/healthy_maize_africa_v1.2_real_1680.jpg,maize_africa_v1.2,3,3,healthy,healthy,0.8077321648597717,3,3,3
clean/common_rust/lab/common_rust_multi_desease_lab_73409901.jpg,multi_desease,0,0,common_rust,common_rust,0.907711625099182,0,0,0
clean/healthy/real/healthy_maize_africa_v1.2_real_1747.jpg,maize_africa_v1.2,3,3,healthy,healthy,0.8113135695457458,3,3,3
clean/northern_corn_leaf_blight/real/northern_corn_leaf_blight_maize_africa_real_77627759.jpg,maize_africa,6,6,northern_corn_leaf_blight,northern_corn_leaf_blight,0.8327717781066895,6,6,6
clean/lethal_necrosis/real/lethal_necrosis_maize_africa_real_33495949.jpg,maize_africa,4,4,lethal_necrosis,lethal_necrosis,0.8401344418525696,4,4,4
clean/fall_armyworm/real/fall_armyworm_corn_leaf_roboflow_real_18518008.jpg,corn_leaf_roboflow,1,1,fall_armyworm,fall_armyworm,0.4937068223953247,3,1,1
clean/healthy/real/healthy_maize_desease_v1.1_real_2962.jpg,maize_desease_v1.1,3,3,healthy,healthy,0.8168259263038635,3,3,3
clean/gray_leaf_spot/real/gray_leaf_spot_maize_field_real_16984944.jpg,maize_field,2,2,gray_leaf_spot,gray_leaf_spot,0.9285770654678344,2,2,2
clean/healthy/real/healthy_maize_desease_v1.1_real_4447.jpg,maize_desease_v1.1,3,3,healthy,healthy,0.8221825361251831,3,3,3
clean/healthy/real/healthy_corn_leaf_roboflow_real_97312860.jpg,corn_leaf_roboflow,3,3,healthy,healthy,0.8100159168243408,3,3,3
clean/northern_corn_leaf_blight/lab/northern_corn_leaf_blight_cropdg_lab_962.jpg,cropdg,6,6,northern_corn_leaf_blight,northern_corn_leaf_blight,0.8205934762954712,6,6,6
clean/healthy/real/healthy_maize_africa_v1_real_429.jpg,maize_africa_v1,3,3,healthy,healthy,0.8095974922180176,3,3,3
clean/common_rust/lab/common_rust_maize_desease_lab_51843198.jpg,maize_desease,0,0,common_rust,common_rust,0.9065325260162354,0,0,0
clean/northern_corn_leaf_blight/lab/northern_corn_leaf_blight_cropdg_lab_708.jpg,cropdg,6,6,northern_corn_leaf_blight,northern_corn_leaf_blight,0.7800921201705933,6,6,6
clean/healthy/real/healthy_maize_desease_v1.1_real_2479.jpg,maize_desease_v1.1,3,3,healthy,healthy,0.8213218450546265,3,3,3
clean/healthy/real/healthy_maize_desease_v1.1_real_22.jpg,maize_desease_v1.1,3,3,healthy,healthy,0.8196955323219299,3,3,3
clean/healthy/real/healthy_corn_leaf_roboflow_real_29561263.jpg,corn_leaf_roboflow,3,3,healthy,healthy,0.8164088129997253,3,3,3
clean/healthy/real/healthy_maize_africa_v1.2_real_1780.jpg,maize_africa_v1.2,3,3,healthy,healthy,0.8044111728668213,3,3,3
clean/phosphorus_deficiency/real/phosphorus_deficiency_maize_deficiency_scanner_roboflow_real_88545845.jpg,maize_deficiency_scanner_roboflow,7,7,phosphorus_deficiency,phosphorus_deficiency,0.7882065176963806,7,7,7
clean/lethal_necrosis/real/lethal_necrosis_multi_desease_real_47204790.jpeg,multi_desease,4,4,lethal_necrosis,lethal_necrosis,0.8441253900527954,4,4,4
clean/lethal_necrosis/real/lethal_necrosis_multi_desease_real_24689805.jpeg,multi_desease,4,4,lethal_necrosis,lethal_necrosis,0.83067786693573,4,4,4
clean/healthy/real/healthy_maize_desease_v1.1_real_308.jpg,maize_desease_v1.1,3,3,healthy,healthy,0.8104422092437744,3,3,3
clean/lethal_necrosis/real/lethal_necrosis_multi_desease_real_16302614.jpeg,multi_desease,4,4,lethal_necrosis,lethal_necrosis,0.8406451940536499,4,4,4
clean/common_rust/lab/common_rust_maize_desease_lab_42958035.jpg,maize_desease,0,0,common_rust,common_rust,0.9052203297615052,0,0,0
clean/phosphorus_deficiency/real/phosphorus_deficiency_corn_leaf_roboflow_real_93636028.jpg,corn_leaf_roboflow,7,7,phosphorus_deficiency,phosphorus_deficiency,0.943457007408142,7,7,7
clean/gray_leaf_spot/lab/gray_leaf_spot_cropdg_lab_39713373.jpg,cropdg,2,6,gray_leaf_spot,northern_corn_leaf_blight,0.444815069437027,2,6,6
clean/lethal_necrosis/real/lethal_necrosis_multi_desease_real_45867964.jpeg,multi_desease,4,4,lethal_necrosis,lethal_necrosis,0.8400089740753174,4,4,4
clean/healthy/real/healthy_maize_desease_v1.1_real_2278.jpg,maize_desease_v1.1,3,3,healthy,healthy,0.8235289454460144,3,3,3
clean/northern_corn_leaf_blight/real/northern_corn_leaf_blight_maize_africa_real_52428424.jpg,maize_africa,6,6,northern_corn_leaf_blight,northern_corn_leaf_blight,0.8326795697212219,6,6,6
clean/northern_corn_leaf_blight/real/northern_corn_leaf_blight_maize_desease_real_77802399.jpg,maize_desease,6,6,northern_corn_leaf_blight,northern_corn_leaf_blight,0.8377970457077026,6,6,6
clean/lethal_necrosis/real/lethal_necrosis_maize_africa_real_56246914.jpg,maize_africa,4,4,lethal_necrosis,lethal_necrosis,0.8473466634750366,4,4,4
clean/lethal_necrosis/real/lethal_necrosis_maize_africa_real_51104099.jpg,maize_africa,4,4,lethal_necrosis,lethal_necrosis,0.8397321701049805,4,4,4
clean/northern_corn_leaf_blight/real/northern_corn_leaf_blight_maize_africa_real_52454718.jpg,maize_africa,6,6,northern_corn_leaf_blight,northern_corn_leaf_blight,0.8352533578872681,6,6,6
clean/northern_corn_leaf_blight/real/northern_corn_leaf_blight_maize_africa_real_92900819.jpg,maize_africa,6,6,northern_corn_leaf_blight,northern_corn_leaf_blight,0.825910747051239,6,6,6
clean/common_rust/lab/common_rust_multi_desease_lab_72685588.jpg,multi_desease,0,0,common_rust,common_rust,0.9053986668586732,0,0,0
clean/lethal_necrosis/real/lethal_necrosis_maize_africa_real_74933187.jpg,maize_africa,4,4,lethal_necrosis,lethal_necrosis,0.8336809873580933,4,4,4
clean/lethal_necrosis/real/lethal_necrosis_multi_desease_real_44522177.jpeg,multi_desease,4,4,lethal_necrosis,lethal_necrosis,0.8274111151695251,4,4,4
clean/northern_corn_leaf_blight/real/northern_corn_leaf_blight_maize_africa_real_97682397.jpg,maize_africa,6,6,northern_corn_leaf_blight,northern_corn_leaf_blight,0.8222867250442505,6,6,6
clean/common_rust/lab/common_rust_maize_desease_lab_84734028.jpg,maize_desease,0,0,common_rust,common_rust,0.9018658399581908,0,0,0
clean/lethal_necrosis/real/lethal_necrosis_maize_africa_real_91564296.jpg,maize_africa,4,4,lethal_necrosis,lethal_necrosis,0.8432880640029907,4,4,4
clean/healthy/real/healthy_maize_desease_v1.1_real_5142.jpg,maize_desease_v1.1,3,3,healthy,healthy,0.8214931488037109,3,3,3
clean/healthy/real/healthy_maize_desease_v1.1_real_2820.jpg,maize_desease_v1.1,3,3,healthy,healthy,0.8170238733291626,3,3,3
clean/gray_leaf_spot/real/gray_leaf_spot_maize_leaf_roboflow_real_0521bce7.jpg,maize_leaf_roboflow,2,2,gray_leaf_spot,gray_leaf_spot,0.9211885333061218,2,2,2
clean/lethal_necrosis/real/lethal_necrosis_maize_africa_real_48356948.jpg,maize_africa,4,4,lethal_necrosis,lethal_necrosis,0.8427901864051819,4,4,4
clean/lethal_necrosis/real/lethal_necrosis_maize_africa_real_16583634.jpg,maize_africa,4,4,lethal_necrosis,lethal_necrosis,0.8327941298484802,4,4,4
clean/healthy/real/healthy_maize_desease_v1.1_real_4767.jpg,maize_desease_v1.1,3,3,healthy,healthy,0.8151207566261292,3,3,3
clean/healthy/real/healthy_maize_desease_v1.1_real_1040.jpg,maize_desease_v1.1,3,3,healthy,healthy,0.8197384476661682,3,3,3
clean/northern_corn_leaf_blight/real/northern_corn_leaf_blight_maize_desease_real_59466193.jpg,maize_desease,6,6,northern_corn_leaf_blight,northern_corn_leaf_blight,0.8318645358085632,6,6,6
clean/fall_armyworm/real/fall_armyworm_maize_africa_real_95028937.jpg,maize_africa,1,1,fall_armyworm,fall_armyworm,0.8572592735290527,1,1,1
clean/fall_armyworm/real/fall_armyworm_maize_africa_real_19310545.jpg,maize_africa,1,1,fall_armyworm,fall_armyworm,0.8627663850784302,1,1,1
clean/healthy/real/healthy_corn_leaf_roboflow_real_60775904.jpg,corn_leaf_roboflow,3,3,healthy,healthy,0.8181523084640503,3,3,3
clean/common_rust/lab/common_rust_multi_desease_lab_25425575.jpg,multi_desease,0,0,common_rust,common_rust,0.9151821732521056,0,0,0
clean/fall_armyworm/real/fall_armyworm_maize_africa_real_77855773.jpg,maize_africa,1,1,fall_armyworm,fall_armyworm,0.8644073605537415,1,1,1
clean/northern_corn_leaf_blight/real/northern_corn_leaf_blight_maize_africa_real_20287359.jpg,maize_africa,6,6,northern_corn_leaf_blight,northern_corn_leaf_blight,0.8286011219024658,6,6,6
clean/northern_corn_leaf_blight/real/northern_corn_leaf_blight_maize_desease_real_25057877.jpg,maize_desease,6,6,northern_corn_leaf_blight,northern_corn_leaf_blight,0.7855666875839233,6,6,6
clean/healthy/real/healthy_maize_desease_v1.1_real_3115.jpg,maize_desease_v1.1,3,3,healthy,healthy,0.8185122609138489,3,3,3
clean/northern_corn_leaf_blight/real/northern_corn_leaf_blight_maize_africa_real_98402930.jpg,maize_africa,6,6,northern_corn_leaf_blight,northern_corn_leaf_blight,0.8196792602539062,6,6,6
clean/fall_armyworm/real/fall_armyworm_maize_africa_real_70867395.jpg,maize_africa,1,1,fall_armyworm,fall_armyworm,0.8490751385688782,1,1,1
clean/healthy/real/healthy_maize_africa_v1.2_real_469.jpg,maize_africa_v1.2,3,3,healthy,healthy,0.8154581189155579,3,3,3
clean/common_rust/lab/common_rust_multi_desease_lab_11117076.jpg,multi_desease,0,0,common_rust,common_rust,0.9103024005889891,0,0,0
clean/lethal_necrosis/real/lethal_necrosis_maize_africa_real_31358954.jpg,maize_africa,4,4,lethal_necrosis,lethal_necrosis,0.8306076526641846,4,4,4
clean/gray_leaf_spot/real/gray_leaf_spot_maize_field_real_78543549.jpg,maize_field,2,2,gray_leaf_spot,gray_leaf_spot,0.9169465899467468,2,2,2
clean/lethal_necrosis/real/lethal_necrosis_multi_desease_real_33751205.jpeg,multi_desease,4,4,lethal_necrosis,lethal_necrosis,0.853243350982666,4,4,4
clean/fall_armyworm/real/fall_armyworm_maize_africa_real_57469808.jpg,maize_africa,1,1,fall_armyworm,fall_armyworm,0.8604504466056824,1,1,1
clean/potassium_deficiency/real/potassium_deficiency_maize_2_roboflow_real_09793a5d.jpg,maize_2_roboflow,8,8,potassium_deficiency,potassium_deficiency,0.9546394348144532,8,8,8
clean/northern_corn_leaf_blight/real/northern_corn_leaf_blight_maize_africa_real_36776124.jpg,maize_africa,6,6,northern_corn_leaf_blight,northern_corn_leaf_blight,0.8318490386009216,6,6,6
clean/lethal_necrosis/real/lethal_necrosis_multi_desease_real_78893857.jpeg,multi_desease,4,4,lethal_necrosis,lethal_necrosis,0.8495656847953796,4,4,4
clean/fall_armyworm/real/fall_armyworm_maize_africa_real_43981386.jpg,maize_africa,1,1,fall_armyworm,fall_armyworm,0.8507537841796875,1,1,1
clean/northern_corn_leaf_blight/real/northern_corn_leaf_blight_maize_field_real_37450334.jpg,maize_field,6,6,northern_corn_leaf_blight,northern_corn_leaf_blight,0.8262263536453247,6,6,6
clean/northern_corn_leaf_blight/real/northern_corn_leaf_blight_maize_africa_real_57029136.jpg,maize_africa,6,6,northern_corn_leaf_blight,northern_corn_leaf_blight,0.8300985097885132,6,6,6
clean/gray_leaf_spot/real/gray_leaf_spot_maize_leaf_roboflow_real_52da27c9.jpg,maize_leaf_roboflow,2,2,gray_leaf_spot,gray_leaf_spot,0.9204612970352172,2,2,2
clean/healthy/real/healthy_maize_africa_v1_real_182.jpg,maize_africa_v1,3,3,healthy,healthy,0.8078104853630066,3,3,3
clean/common_rust/lab/common_rust_maize_desease_lab_91489705.jpg,maize_desease,0,0,common_rust,common_rust,0.9079734683036804,0,0,0
clean/common_rust/lab/common_rust_multi_desease_lab_72547770.jpg,multi_desease,0,0,common_rust,common_rust,0.9011061191558838,0,0,0
clean/lethal_necrosis/real/lethal_necrosis_maize_africa_real_85739554.jpg,maize_africa,4,4,lethal_necrosis,lethal_necrosis,0.8398325443267822,4,4,4
clean/nitrogen_deficiency/real/nitrogen_deficiency_maize_nutrient_real_38470674.jpeg,maize_nutrient,5,5,nitrogen_deficiency,nitrogen_deficiency,0.8762017488479614,5,5,5
clean/healthy/real/healthy_maize_desease_v1.1_real_841.jpg,maize_desease_v1.1,3,3,healthy,healthy,0.8075460195541382,3,3,3
clean/phosphorus_deficiency/real/phosphorus_deficiency_corn_leaf_roboflow_real_11620296.jpg,corn_leaf_roboflow,7,7,phosphorus_deficiency,phosphorus_deficiency,0.9329793453216552,7,7,7
clean/lethal_necrosis/real/lethal_necrosis_maize_africa_real_17729963.jpg,maize_africa,4,4,lethal_necrosis,lethal_necrosis,0.8316811323165894,4,4,4
clean/fall_armyworm/real/fall_armyworm_corn_leaf_roboflow_real_84555365.jpg,corn_leaf_roboflow,1,1,fall_armyworm,fall_armyworm,0.8501603603363037,1,1,1
clean/gray_leaf_spot/lab/gray_leaf_spot_cropdg_lab_57090558.jpg,cropdg,2,2,gray_leaf_spot,gray_leaf_spot,0.8051565885543823,2,2,2
clean/healthy/real/healthy_maize_desease_v1.1_real_569.jpg,maize_desease_v1.1,3,3,healthy,healthy,0.7921141386032104,3,3,3
clean/nitrogen_deficiency/real/nitrogen_deficiency_maize_2_roboflow_real_9d63cafd.jpg,maize_2_roboflow,5,5,nitrogen_deficiency,nitrogen_deficiency,0.9328821897506714,5,5,5
clean/healthy/real/healthy_maize_desease_v1.1_real_2870.jpg,maize_desease_v1.1,3,3,healthy,healthy,0.8204480409622192,3,3,3
clean/healthy/real/healthy_maize_desease_v1.1_real_4186.jpg,maize_desease_v1.1,3,3,healthy,healthy,0.8081489205360413,3,3,3
clean/lethal_necrosis/real/lethal_necrosis_multi_desease_real_76653314.jpeg,multi_desease,4,4,lethal_necrosis,lethal_necrosis,0.8329421281814575,4,4,4
clean/healthy/real/healthy_maize_desease_v1.1_real_1158.jpg,maize_desease_v1.1,3,3,healthy,healthy,0.8222726583480835,3,3,3
clean/gray_leaf_spot/lab/gray_leaf_spot_cropdg_lab_57947618.jpg,cropdg,2,2,gray_leaf_spot,gray_leaf_spot,0.8054609298706055,2,2,2
clean/nitrogen_deficiency/real/nitrogen_deficiency_corn_leaf_roboflow_real_78861979.jpg,corn_leaf_roboflow,5,8,nitrogen_deficiency,potassium_deficiency,0.8516494631767273,8,8,8
clean/gray_leaf_spot/lab/gray_leaf_spot_cropdg_lab_21399625.jpg,cropdg,2,2,gray_leaf_spot,gray_leaf_spot,0.9057110548019408,2,2,2
clean/fall_armyworm/real/fall_armyworm_maize_africa_real_10241550.jpg,maize_africa,1,1,fall_armyworm,fall_armyworm,0.8575426340103149,1,1,1
clean/fall_armyworm/real/fall_armyworm_maize_africa_real_93118488.jpg,maize_africa,1,1,fall_armyworm,fall_armyworm,0.8570117950439453,1,1,1
clean/northern_corn_leaf_blight/real/northern_corn_leaf_blight_maize_africa_real_52001399.jpg,maize_africa,6,6,northern_corn_leaf_blight,northern_corn_leaf_blight,0.8271040916442871,6,6,6
clean/lethal_necrosis/real/lethal_necrosis_maize_africa_real_22790135.jpg,maize_africa,4,4,lethal_necrosis,lethal_necrosis,0.8373279571533203,4,4,4
clean/lethal_necrosis/real/lethal_necrosis_multi_desease_real_68709360.jpeg,multi_desease,4,4,lethal_necrosis,lethal_necrosis,0.8315316438674927,4,4,4
clean/northern_corn_leaf_blight/lab/northern_corn_leaf_blight_cropdg_lab_873.jpg,cropdg,6,6,northern_corn_leaf_blight,northern_corn_leaf_blight,0.8340870141983032,6,6,6
clean/healthy/real/healthy_cropdg_real_660.jpg,cropdg,3,3,healthy,healthy,0.813082754611969,3,3,3
clean/northern_corn_leaf_blight/lab/northern_corn_leaf_blight_cropdg_lab_644.jpg,cropdg,6,6,northern_corn_leaf_blight,northern_corn_leaf_blight,0.830980658531189,6,6,6
clean/fall_armyworm/real/fall_armyworm_maize_africa_real_74322740.jpg,maize_africa,1,1,fall_armyworm,fall_armyworm,0.8553258180618286,1,1,1
clean/healthy/real/healthy_maize_desease_v1.1_real_3213.jpg,maize_desease_v1.1,3,3,healthy,healthy,0.8183451890945435,3,3,3
clean/northern_corn_leaf_blight/real/northern_corn_leaf_blight_maize_africa_real_65455137.jpg,maize_africa,6,6,northern_corn_leaf_blight,northern_corn_leaf_blight,0.8273998498916626,6,6,6
clean/lethal_necrosis/real/lethal_necrosis_maize_africa_real_26469902.jpg,maize_africa,4,4,lethal_necrosis,lethal_necrosis,0.8341853022575378,4,4,4
clean/northern_corn_leaf_blight/real/northern_corn_leaf_blight_maize_africa_real_78335565.jpg,maize_africa,6,6,northern_corn_leaf_blight,northern_corn_leaf_blight,0.8204590082168579,6,6,6
clean/lethal_necrosis/real/lethal_necrosis_multi_desease_real_85163294.jpeg,multi_desease,4,4,lethal_necrosis,lethal_necrosis,0.831963062286377,4,4,4
clean/lethal_necrosis/real/lethal_necrosis_maize_africa_real_45567329.jpg,maize_africa,4,4,lethal_necrosis,lethal_necrosis,0.8463356494903564,4,4,4
clean/fall_armyworm/real/fall_armyworm_maize_africa_real_88727856.jpg,maize_africa,1,1,fall_armyworm,fall_armyworm,0.8615155816078186,1,1,1
clean/lethal_necrosis/real/lethal_necrosis_maize_africa_real_26641431.jpg,maize_africa,4,4,lethal_necrosis,lethal_necrosis,0.8409479856491089,4,4,4
clean/fall_armyworm/real/fall_armyworm_maize_africa_real_39620963.jpg,maize_africa,1,1,fall_armyworm,fall_armyworm,0.8622650504112244,1,1,1
clean/fall_armyworm/real/fall_armyworm_maize_africa_real_36682482.jpg,maize_africa,1,1,fall_armyworm,fall_armyworm,0.8543640375137329,1,1,1
clean/phosphorus_deficiency/real/phosphorus_deficiency_corn_leaf_roboflow_real_17082831.jpg,corn_leaf_roboflow,7,7,phosphorus_deficiency,phosphorus_deficiency,0.9523695707321168,7,7,7
clean/northern_corn_leaf_blight/real/northern_corn_leaf_blight_maize_desease_real_81290138.jpg,maize_desease,6,6,northern_corn_leaf_blight,northern_corn_leaf_blight,0.8311102986335754,6,6,6
clean/common_rust/lab/common_rust_maize_desease_lab_62480325.jpg,maize_desease,0,0,common_rust,common_rust,0.916999101638794,0,0,0
clean/common_rust/lab/common_rust_maize_desease_lab_13565595.jpg,maize_desease,0,0,common_rust,common_rust,0.9067442417144777,0,0,0
clean/northern_corn_leaf_blight/lab/northern_corn_leaf_blight_cropdg_lab_259.jpg,cropdg,6,6,northern_corn_leaf_blight,northern_corn_leaf_blight,0.6773369908332825,6,6,2
clean/lethal_necrosis/real/lethal_necrosis_maize_africa_real_78866090.jpg,maize_africa,4,4,lethal_necrosis,lethal_necrosis,0.84086674451828,4,4,4
clean/nitrogen_deficiency/real/nitrogen_deficiency_corn_leaf_roboflow_real_67348518.jpg,corn_leaf_roboflow,5,5,nitrogen_deficiency,nitrogen_deficiency,0.521730899810791,8,8,5
clean/healthy/real/healthy_maize_desease_v1.1_real_1947.jpg,maize_desease_v1.1,3,3,healthy,healthy,0.822187066078186,3,3,3
clean/lethal_necrosis/real/lethal_necrosis_maize_africa_real_34311243.jpg,maize_africa,4,4,lethal_necrosis,lethal_necrosis,0.8401815295219421,4,4,4
clean/gray_leaf_spot/real/gray_leaf_spot_corn_leaf_diseases_classification_roboflow_real_06df345e.jpg,corn_leaf_diseases_classification_roboflow,2,2,gray_leaf_spot,gray_leaf_spot,0.9160531759262084,2,2,2
clean/northern_corn_leaf_blight/real/northern_corn_leaf_blight_corn_leaf_roboflow_real_13442000.jpg,corn_leaf_roboflow,6,6,northern_corn_leaf_blight,northern_corn_leaf_blight,0.5707215070724487,6,6,5
clean/healthy/real/healthy_maize_desease_v1.1_real_5114.jpg,maize_desease_v1.1,3,3,healthy,healthy,0.8037406206130981,3,3,3
clean/lethal_necrosis/real/lethal_necrosis_multi_desease_real_68884942.jpeg,multi_desease,4,4,lethal_necrosis,lethal_necrosis,0.8401918411254883,4,4,4
clean/healthy/real/healthy_maize_africa_v1_real_113.jpg,maize_africa_v1,3,3,healthy,healthy,0.8285995721817017,3,3,3
clean/northern_corn_leaf_blight/real/northern_corn_leaf_blight_maize_desease_real_50039312.jpg,maize_desease,6,6,northern_corn_leaf_blight,northern_corn_leaf_blight,0.8385840654373169,6,6,6
clean/common_rust/lab/common_rust_multi_desease_lab_95947446.jpg,multi_desease,0,0,common_rust,common_rust,0.907727062702179,0,0,0
clean/gray_leaf_spot/real/gray_leaf_spot_maize_leaf_roboflow_real_08f6ebd1.jpg,maize_leaf_roboflow,2,2,gray_leaf_spot,gray_leaf_spot,0.9219058156013488,2,2,2
clean/fall_armyworm/real/fall_armyworm_maize_africa_real_38296257.jpg,maize_africa,1,1,fall_armyworm,fall_armyworm,0.851826548576355,1,1,1
clean/fall_armyworm/real/fall_armyworm_multi_desease_real_88712907.jpg,multi_desease,1,1,fall_armyworm,fall_armyworm,0.8319131731987,1,1,1
clean/fall_armyworm/real/fall_armyworm_multi_desease_real_58888776.jpg,multi_desease,1,1,fall_armyworm,fall_armyworm,0.8649542331695557,1,1,1
clean/northern_corn_leaf_blight/real/northern_corn_leaf_blight_maize_africa_real_77152273.jpg,maize_africa,6,6,northern_corn_leaf_blight,northern_corn_leaf_blight,0.8358604311943054,6,6,6
clean/potassium_deficiency/real/potassium_deficiency_maize_2_roboflow_real_4aa37d67.jpg,maize_2_roboflow,8,8,potassium_deficiency,potassium_deficiency,0.9678730964660645,8,8,8
clean/fall_armyworm/real/fall_armyworm_corn_leaf_roboflow_real_85048723.jpg,corn_leaf_roboflow,1,1,fall_armyworm,fall_armyworm,0.850677490234375,1,1,1
clean/northern_corn_leaf_blight/real/northern_corn_leaf_blight_maize_africa_real_18661938.jpg,maize_africa,6,6,northern_corn_leaf_blight,northern_corn_leaf_blight,0.8435654044151306,6,6,6
clean/fall_armyworm/real/fall_armyworm_maize_africa_real_90110349.jpg,maize_africa,1,1,fall_armyworm,fall_armyworm,0.8392668962478638,1,1,1
clean/potassium_deficiency/real/potassium_deficiency_maize_2_roboflow_real_af965d96.jpg,maize_2_roboflow,8,8,potassium_deficiency,potassium_deficiency,0.9342785477638244,8,8,8
clean/fall_armyworm/real/fall_armyworm_multi_desease_real_47741133.jpg,multi_desease,1,1,fall_armyworm,fall_armyworm,0.8634862899780273,1,1,1
clean/healthy/real/healthy_maize_africa_v1.2_real_982.jpg,maize_africa_v1.2,3,3,healthy,healthy,0.8252986669540405,3,3,3
clean/lethal_necrosis/real/lethal_necrosis_multi_desease_real_27745783.jpeg,multi_desease,4,4,lethal_necrosis,lethal_necrosis,0.8443799018859863,4,4,4
clean/healthy/real/healthy_maize_desease_v1.1_real_3850.jpg,maize_desease_v1.1,3,3,healthy,healthy,0.8168243169784546,3,3,3
clean/lethal_necrosis/real/lethal_necrosis_maize_africa_real_41612155.jpg,maize_africa,4,4,lethal_necrosis,lethal_necrosis,0.8371366858482361,4,4,4
clean/lethal_necrosis/real/lethal_necrosis_multi_desease_real_73315484.jpeg,multi_desease,4,4,lethal_necrosis,lethal_necrosis,0.842505693435669,4,4,4
clean/northern_corn_leaf_blight/real/northern_corn_leaf_blight_maize_desease_real_89078889.jpg,maize_desease,6,6,northern_corn_leaf_blight,northern_corn_leaf_blight,0.8249936103820801,6,6,6
clean/lethal_necrosis/real/lethal_necrosis_multi_desease_real_20464729.jpeg,multi_desease,4,4,lethal_necrosis,lethal_necrosis,0.8435162305831909,4,4,4
clean/fall_armyworm/real/fall_armyworm_multi_desease_real_12484049.jpg,multi_desease,1,1,fall_armyworm,fall_armyworm,0.872547447681427,1,1,1
clean/phosphorus_deficiency/real/phosphorus_deficiency_maize_2_roboflow_real_c5312f96.jpg,maize_2_roboflow,7,7,phosphorus_deficiency,phosphorus_deficiency,0.9365151524543762,7,7,7
clean/common_rust/lab/common_rust_maize_desease_lab_36919951.jpg,maize_desease,0,0,common_rust,common_rust,0.901457130908966,0,0,0
clean/lethal_necrosis/real/lethal_necrosis_maize_africa_real_96629740.jpg,maize_africa,4,4,lethal_necrosis,lethal_necrosis,0.8383979797363281,4,4,4
clean/fall_armyworm/real/fall_armyworm_maize_africa_real_18877363.jpg,maize_africa,1,1,fall_armyworm,fall_armyworm,0.8632225394248962,1,1,1
clean/fall_armyworm/real/fall_armyworm_multi_desease_real_27682795.jpg,multi_desease,1,1,fall_armyworm,fall_armyworm,0.8618403077125549,1,1,1
clean/fall_armyworm/real/fall_armyworm_corn_leaf_roboflow_real_37596207.jpg,corn_leaf_roboflow,1,1,fall_armyworm,fall_armyworm,0.8548842072486877,1,1,1
clean/healthy/real/healthy_cropdg_real_411.jpg,cropdg,3,3,healthy,healthy,0.8179991245269775,3,3,3
clean/gray_leaf_spot/real/gray_leaf_spot_maize_leaf_roboflow_real_69909a72.jpg,maize_leaf_roboflow,2,2,gray_leaf_spot,gray_leaf_spot,0.913968026638031,2,2,2
clean/lethal_necrosis/real/lethal_necrosis_maize_africa_real_90769070.jpg,maize_africa,4,4,lethal_necrosis,lethal_necrosis,0.8311028480529785,4,4,4
clean/northern_corn_leaf_blight/real/northern_corn_leaf_blight_maize_africa_real_37672731.jpg,maize_africa,6,6,northern_corn_leaf_blight,northern_corn_leaf_blight,0.8157097101211548,6,6,6
clean/lethal_necrosis/real/lethal_necrosis_multi_desease_real_67350494.jpeg,multi_desease,4,4,lethal_necrosis,lethal_necrosis,0.8459873199462891,4,4,4
clean/gray_leaf_spot/real/gray_leaf_spot_maize_field_real_48813779.jpg,maize_field,2,2,gray_leaf_spot,gray_leaf_spot,0.4344276189804077,2,2,0
clean/lethal_necrosis/real/lethal_necrosis_maize_africa_real_12033566.jpg,maize_africa,4,4,lethal_necrosis,lethal_necrosis,0.8287637233734131,4,4,4
clean/healthy/real/healthy_maize_desease_v1.1_real_661.jpg,maize_desease_v1.1,3,3,healthy,healthy,0.8126036524772644,3,3,3
clean/fall_armyworm/real/fall_armyworm_corn_leaf_roboflow_real_27779370.jpg,corn_leaf_roboflow,1,1,fall_armyworm,fall_armyworm,0.7481209635734558,1,1,1
clean/fall_armyworm/real/fall_armyworm_multi_desease_real_71471622.jpg,multi_desease,1,1,fall_armyworm,fall_armyworm,0.8632475137710571,1,1,1
clean/northern_corn_leaf_blight/lab/northern_corn_leaf_blight_cropdg_lab_854.jpg,cropdg,6,6,northern_corn_leaf_blight,northern_corn_leaf_blight,0.5587530136108398,6,6,2
clean/healthy/real/healthy_maize_desease_v1.1_real_4041.jpg,maize_desease_v1.1,3,3,healthy,healthy,0.8221224546432495,3,3,3
clean/lethal_necrosis/real/lethal_necrosis_maize_africa_real_10874981.jpg,maize_africa,4,4,lethal_necrosis,lethal_necrosis,0.8434207439422607,4,4,4
clean/healthy/real/healthy_maize_desease_v1.1_real_809.jpg,maize_desease_v1.1,3,3,healthy,healthy,0.8111013174057007,3,3,3
clean/phosphorus_deficiency/real/phosphorus_deficiency_maize_2_roboflow_real_8ccc5a9a.jpg,maize_2_roboflow,7,7,phosphorus_deficiency,phosphorus_deficiency,0.9575707912445068,7,7,7
clean/northern_corn_leaf_blight/real/northern_corn_leaf_blight_maize_africa_real_93088343.jpg,maize_africa,6,6,northern_corn_leaf_blight,northern_corn_leaf_blight,0.8373733758926392,6,6,6
clean/fall_armyworm/real/fall_armyworm_corn_leaf_roboflow_real_40602528.jpg,corn_leaf_roboflow,1,1,fall_armyworm,fall_armyworm,0.6605281829833984,1,1,3
clean/fall_armyworm/real/fall_armyworm_maize_africa_real_39596443.jpg,maize_africa,1,1,fall_armyworm,fall_armyworm,0.8425295352935791,1,1,1
clean/northern_corn_leaf_blight/lab/northern_corn_leaf_blight_cropdg_lab_875.jpg,cropdg,6,6,northern_corn_leaf_blight,northern_corn_leaf_blight,0.8182960748672485,6,6,6
clean/northern_corn_leaf_blight/real/northern_corn_leaf_blight_maize_africa_real_46066052.jpg,maize_africa,6,6,northern_corn_leaf_blight,northern_corn_leaf_blight,0.8240262269973755,6,6,6
clean/lethal_necrosis/real/lethal_necrosis_maize_africa_real_47487535.jpg,maize_africa,4,4,lethal_necrosis,lethal_necrosis,0.8347463607788086,4,4,4
clean/healthy/real/healthy_maize_africa_v1.2_real_1441.jpg,maize_africa_v1.2,3,3,healthy,healthy,0.8098737001419067,3,3,3
clean/northern_corn_leaf_blight/lab/northern_corn_leaf_blight_cropdg_lab_450.jpg,cropdg,6,6,northern_corn_leaf_blight,northern_corn_leaf_blight,0.8447281122207642,6,6,6
clean/fall_armyworm/real/fall_armyworm_maize_africa_real_49954952.jpg,maize_africa,1,3,fall_armyworm,healthy,0.503675103187561,3,1,3
clean/healthy/real/healthy_maize_desease_v1.1_real_1825.jpg,maize_desease_v1.1,3,3,healthy,healthy,0.797049880027771,3,3,3
clean/healthy/real/healthy_maize_desease_v1.1_real_1667.jpg,maize_desease_v1.1,3,3,healthy,healthy,0.8224222660064697,3,3,3
clean/healthy/real/healthy_cropdg_real_256.jpg,cropdg,3,3,healthy,healthy,0.8228845000267029,3,3,3
clean/healthy/real/healthy_maize_africa_v1_real_367.jpg,maize_africa_v1,3,3,healthy,healthy,0.8101742267608643,3,3,3
clean/lethal_necrosis/real/lethal_necrosis_multi_desease_real_55217151.jpeg,multi_desease,4,4,lethal_necrosis,lethal_necrosis,0.8333913087844849,4,4,4
clean/healthy/real/healthy_maize_desease_v1.1_real_4238.jpg,maize_desease_v1.1,3,3,healthy,healthy,0.7484803199768066,3,3,3
clean/northern_corn_leaf_blight/real/northern_corn_leaf_blight_maize_desease_real_10000206.jpg,maize_desease,6,6,northern_corn_leaf_blight,northern_corn_leaf_blight,0.8295168876647949,6,6,6
clean/lethal_necrosis/real/lethal_necrosis_maize_africa_real_75068056.jpg,maize_africa,4,4,lethal_necrosis,lethal_necrosis,0.8443071842193604,4,4,4
clean/lethal_necrosis/real/lethal_necrosis_multi_desease_real_72641141.jpeg,multi_desease,4,4,lethal_necrosis,lethal_necrosis,0.8233811855316162,4,4,4
clean/common_rust/lab/common_rust_maize_desease_lab_61054822.jpg,maize_desease,0,0,common_rust,common_rust,0.9166246056556702,0,0,0
clean/lethal_necrosis/real/lethal_necrosis_multi_desease_real_61079095.jpeg,multi_desease,4,4,lethal_necrosis,lethal_necrosis,0.836453914642334,4,4,4
clean/potassium_deficiency/real/potassium_deficiency_maize_deficiency_scanner_roboflow_real_b3f001b0.jpg,maize_deficiency_scanner_roboflow,8,8,potassium_deficiency,potassium_deficiency,0.9655117392539978,8,8,8
clean/healthy/real/healthy_cropdg_real_19.jpg,cropdg,3,3,healthy,healthy,0.8243477940559387,3,3,3
clean/healthy/real/healthy_maize_desease_v1.1_real_1394.jpg,maize_desease_v1.1,3,3,healthy,healthy,0.8139614462852478,3,3,3
clean/northern_corn_leaf_blight/real/northern_corn_leaf_blight_maize_desease_real_30936889.jpg,maize_desease,6,6,northern_corn_leaf_blight,northern_corn_leaf_blight,0.8335465788841248,6,6,6
clean/phosphorus_deficiency/real/phosphorus_deficiency_corn_leaf_roboflow_real_50716113.jpg,corn_leaf_roboflow,7,7,phosphorus_deficiency,phosphorus_deficiency,0.9385319948196412,7,7,7
clean/lethal_necrosis/real/lethal_necrosis_maize_africa_real_23961724.jpg,maize_africa,4,4,lethal_necrosis,lethal_necrosis,0.8419358134269714,4,4,4
clean/lethal_necrosis/real/lethal_necrosis_maize_africa_real_60952989.jpg,maize_africa,4,4,lethal_necrosis,lethal_necrosis,0.8399919867515564,4,4,4
clean/fall_armyworm/real/fall_armyworm_multi_desease_real_87156487.jpg,multi_desease,1,1,fall_armyworm,fall_armyworm,0.8546492457389832,1,1,1
clean/northern_corn_leaf_blight/real/northern_corn_leaf_blight_maize_africa_real_42652235.jpg,maize_africa,6,6,northern_corn_leaf_blight,northern_corn_leaf_blight,0.8264495134353638,6,6,6
clean/healthy/real/healthy_maize_africa_v1.2_real_405.jpg,maize_africa_v1.2,3,3,healthy,healthy,0.8172926902770996,3,3,3
clean/lethal_necrosis/real/lethal_necrosis_maize_africa_real_94090710.jpg,maize_africa,4,4,lethal_necrosis,lethal_necrosis,0.834362804889679,4,4,4
clean/northern_corn_leaf_blight/real/northern_corn_leaf_blight_maize_africa_real_65777921.jpg,maize_africa,6,6,northern_corn_leaf_blight,northern_corn_leaf_blight,0.84128737449646,6,6,6
clean/fall_armyworm/real/fall_armyworm_maize_africa_real_52298957.jpg,maize_africa,1,1,fall_armyworm,fall_armyworm,0.8662847280502319,1,1,1
clean/lethal_necrosis/real/lethal_necrosis_maize_africa_real_40525608.jpg,maize_africa,4,4,lethal_necrosis,lethal_necrosis,0.83255535364151,4,4,4
clean/fall_armyworm/real/fall_armyworm_multi_desease_real_73622800.png,multi_desease,1,1,fall_armyworm,fall_armyworm,0.8625842332839966,1,1,1
clean/lethal_necrosis/real/lethal_necrosis_multi_desease_real_50338918.jpeg,multi_desease,4,4,lethal_necrosis,lethal_necrosis,0.849182665348053,4,4,4
clean/northern_corn_leaf_blight/real/northern_corn_leaf_blight_maize_field_real_68008852.jpg,maize_field,6,6,northern_corn_leaf_blight,northern_corn_leaf_blight,0.8396292924880981,6,6,6
clean/nitrogen_deficiency/real/nitrogen_deficiency_maize_deficiency_scanner_roboflow_real_9bd03a50.jpg,maize_deficiency_scanner_roboflow,5,5,nitrogen_deficiency,nitrogen_deficiency,0.9550626277923584,5,5,5
clean/lethal_necrosis/real/lethal_necrosis_maize_africa_real_90956954.jpg,maize_africa,4,4,lethal_necrosis,lethal_necrosis,0.8439517021179199,4,4,4
clean/lethal_necrosis/real/lethal_necrosis_maize_africa_real_91282985.jpg,maize_africa,4,4,lethal_necrosis,lethal_necrosis,0.8413491249084473,4,4,4
clean/healthy/real/healthy_maize_africa_v1.2_real_1380.jpg,maize_africa_v1.2,3,3,healthy,healthy,0.8262386918067932,3,3,3
clean/nitrogen_deficiency/real/nitrogen_deficiency_maize_deficiency_scanner_roboflow_real_5778aa35.jpg,maize_deficiency_scanner_roboflow,5,5,nitrogen_deficiency,nitrogen_deficiency,0.5500401854515076,5,5,8
clean/healthy/real/healthy_cropdg_real_541.jpg,cropdg,3,3,healthy,healthy,0.8245803117752075,3,3,3
clean/common_rust/lab/common_rust_maize_desease_lab_45294354.jpg,maize_desease,0,0,common_rust,common_rust,0.8965225219726562,0,0,0
clean/fall_armyworm/real/fall_armyworm_corn_leaf_roboflow_real_70486412.jpg,corn_leaf_roboflow,1,1,fall_armyworm,fall_armyworm,0.8643789291381836,1,1,1
clean/lethal_necrosis/real/lethal_necrosis_maize_africa_real_84942557.jpg,maize_africa,4,4,lethal_necrosis,lethal_necrosis,0.8415498733520508,4,4,4
clean/fall_armyworm/real/fall_armyworm_multi_desease_real_91995666.jpg,multi_desease,1,1,fall_armyworm,fall_armyworm,0.8485386967658997,1,1,1
clean/common_rust/lab/common_rust_maize_desease_lab_55865344.jpg,maize_desease,0,0,common_rust,common_rust,0.9038605093955994,0,0,0
clean/common_rust/lab/common_rust_maize_desease_lab_76826629.jpg,maize_desease,0,0,common_rust,common_rust,0.9124099612236024,0,0,0
clean/lethal_necrosis/real/lethal_necrosis_maize_africa_real_18371400.jpg,maize_africa,4,4,lethal_necrosis,lethal_necrosis,0.8487226366996765,4,4,4
clean/fall_armyworm/real/fall_armyworm_maize_africa_real_31944302.jpg,maize_africa,1,1,fall_armyworm,fall_armyworm,0.8571096658706665,1,1,1
clean/healthy/real/healthy_maize_desease_v1.1_real_4620.jpg,maize_desease_v1.1,3,3,healthy,healthy,0.8257912993431091,3,3,3
clean/common_rust/lab/common_rust_maize_desease_lab_27399991.jpg,maize_desease,0,0,common_rust,common_rust,0.9078603982925416,0,0,0
clean/gray_leaf_spot/real/gray_leaf_spot_maize_field_real_33706294.jpg,maize_field,2,2,gray_leaf_spot,gray_leaf_spot,0.9058659076690674,2,2,2
clean/northern_corn_leaf_blight/real/northern_corn_leaf_blight_maize_africa_real_28560720.jpg,maize_africa,6,6,northern_corn_leaf_blight,northern_corn_leaf_blight,0.8344574570655823,6,6,6
clean/healthy/real/healthy_maize_desease_v1.1_real_4209.jpg,maize_desease_v1.1,3,3,healthy,healthy,0.8072033524513245,3,3,3
clean/lethal_necrosis/real/lethal_necrosis_maize_africa_real_52706321.jpg,maize_africa,4,4,lethal_necrosis,lethal_necrosis,0.8382464051246643,4,4,4
clean/healthy/real/healthy_maize_desease_v1.1_real_1719.jpg,maize_desease_v1.1,3,3,healthy,healthy,0.8187431693077087,3,3,3
clean/northern_corn_leaf_blight/real/northern_corn_leaf_blight_maize_africa_real_68631716.jpg,maize_africa,6,6,northern_corn_leaf_blight,northern_corn_leaf_blight,0.8353912830352783,6,6,6
clean/healthy/real/healthy_maize_desease_v1.1_real_1336.jpg,maize_desease_v1.1,3,3,healthy,healthy,0.8223273754119873,3,3,3
clean/lethal_necrosis/real/lethal_necrosis_multi_desease_real_84669463.jpeg,multi_desease,4,4,lethal_necrosis,lethal_necrosis,0.8491224646568298,4,4,4
clean/northern_corn_leaf_blight/lab/northern_corn_leaf_blight_cropdg_lab_704.jpg,cropdg,6,6,northern_corn_leaf_blight,northern_corn_leaf_blight,0.8351715207099915,6,6,6
clean/healthy/real/healthy_corn_leaf_roboflow_real_41792179.jpg,corn_leaf_roboflow,3,3,healthy,healthy,0.8076648116111755,3,3,3
clean/healthy/real/healthy_cropdg_real_981.jpg,cropdg,3,3,healthy,healthy,0.8153461217880249,3,3,3
clean/healthy/real/healthy_maize_africa_v1.2_real_1746.jpg,maize_africa_v1.2,3,3,healthy,healthy,0.8047988414764404,3,3,3
clean/gray_leaf_spot/real/gray_leaf_spot_corn_leaf_diseases_classification_roboflow_real_858cd911.jpg,corn_leaf_diseases_classification_roboflow,2,2,gray_leaf_spot,gray_leaf_spot,0.9260746240615844,2,2,2
clean/northern_corn_leaf_blight/real/northern_corn_leaf_blight_maize_africa_real_16292102.jpg,maize_africa,6,6,northern_corn_leaf_blight,northern_corn_leaf_blight,0.8223094940185547,6,6,6
clean/nitrogen_deficiency/real/nitrogen_deficiency_corn_leaf_roboflow_real_83523937.jpg,corn_leaf_roboflow,5,5,nitrogen_deficiency,nitrogen_deficiency,0.8532720804214478,5,5,5
clean/fall_armyworm/real/fall_armyworm_maize_africa_real_33633186.jpg,maize_africa,1,1,fall_armyworm,fall_armyworm,0.8619709014892578,1,1,1
clean/healthy/real/healthy_maize_desease_v1.1_real_5098.jpg,maize_desease_v1.1,3,3,healthy,healthy,0.6718425750732422,3,3,3
clean/lethal_necrosis/real/lethal_necrosis_maize_africa_real_28756101.jpg,maize_africa,4,4,lethal_necrosis,lethal_necrosis,0.8411439657211304,4,4,4
clean/fall_armyworm/real/fall_armyworm_multi_desease_real_12432353.jpg,multi_desease,1,1,fall_armyworm,fall_armyworm,0.8671655654907227,1,1,1
clean/healthy/real/healthy_maize_desease_v1.1_real_5018.jpg,maize_desease_v1.1,3,3,healthy,healthy,0.8093143105506897,3,3,3
clean/lethal_necrosis/real/lethal_necrosis_maize_africa_real_56866592.jpg,maize_africa,4,4,lethal_necrosis,lethal_necrosis,0.8403754234313965,4,4,4
clean/lethal_necrosis/real/lethal_necrosis_multi_desease_real_93998785.jpeg,multi_desease,4,4,lethal_necrosis,lethal_necrosis,0.8419107794761658,4,4,4
clean/healthy/real/healthy_maize_africa_v1.2_real_297.jpg,maize_africa_v1.2,3,3,healthy,healthy,0.8200502395629883,3,3,3
clean/northern_corn_leaf_blight/real/northern_corn_leaf_blight_maize_africa_real_62996301.jpg,maize_africa,6,6,northern_corn_leaf_blight,northern_corn_leaf_blight,0.8339753150939941,6,6,6
clean/healthy/real/healthy_maize_desease_v1.1_real_2154.jpg,maize_desease_v1.1,3,3,healthy,healthy,0.8133600354194641,3,3,3
clean/fall_armyworm/real/fall_armyworm_multi_desease_real_41986389.jpg,multi_desease,1,1,fall_armyworm,fall_armyworm,0.8664593696594238,1,1,1
clean/healthy/real/healthy_maize_desease_v1.1_real_2146.jpg,maize_desease_v1.1,3,3,healthy,healthy,0.8232012391090393,3,3,3
clean/healthy/real/healthy_maize_africa_v1.2_real_1254.jpg,maize_africa_v1.2,3,3,healthy,healthy,0.5191723108291626,3,3,1
clean/healthy/real/healthy_cropdg_real_699.jpg,cropdg,3,3,healthy,healthy,0.8136204481124878,3,3,3
clean/common_rust/lab/common_rust_maize_desease_lab_91409055.jpg,maize_desease,0,0,common_rust,common_rust,0.9076789617538452,0,0,0
clean/fall_armyworm/real/fall_armyworm_multi_desease_real_27903644.jpg,multi_desease,1,1,fall_armyworm,fall_armyworm,0.8440656065940857,1,1,1
clean/gray_leaf_spot/lab/gray_leaf_spot_cropdg_lab_75924418.jpg,cropdg,2,2,gray_leaf_spot,gray_leaf_spot,0.7297629117965698,2,2,6
clean/lethal_necrosis/real/lethal_necrosis_maize_africa_real_85624438.jpg,maize_africa,4,4,lethal_necrosis,lethal_necrosis,0.8382449746131897,4,4,4
clean/healthy/real/healthy_maize_desease_v1.1_real_307.jpg,maize_desease_v1.1,3,3,healthy,healthy,0.8264367580413818,3,3,3
clean/gray_leaf_spot/real/gray_leaf_spot_corn_leaf_diseases_classification_roboflow_real_f2b7435d.jpg,corn_leaf_diseases_classification_roboflow,2,2,gray_leaf_spot,gray_leaf_spot,0.9137396812438964,2,2,2
clean/fall_armyworm/real/fall_armyworm_multi_desease_real_17095829.jpg,multi_desease,1,1,fall_armyworm,fall_armyworm,0.8522908091545105,1,1,1
clean/northern_corn_leaf_blight/real/northern_corn_leaf_blight_maize_desease_real_45904296.jpg,maize_desease,6,6,northern_corn_leaf_blight,northern_corn_leaf_blight,0.8390564918518066,6,6,6
clean/fall_armyworm/real/fall_armyworm_corn_leaf_roboflow_real_86191761.jpg,corn_leaf_roboflow,1,1,fall_armyworm,fall_armyworm,0.8669252395629883,1,1,1
clean/healthy/real/healthy_maize_africa_v1.2_real_28.jpg,maize_africa_v1.2,3,3,healthy,healthy,0.826942503452301,3,3,3
clean/common_rust/lab/common_rust_maize_desease_lab_91131100.jpg,maize_desease,0,0,common_rust,common_rust,0.9144185781478882,0,0,0
clean/healthy/real/healthy_maize_africa_v1.2_real_1156.jpg,maize_africa_v1.2,3,3,healthy,healthy,0.8309165239334106,3,3,3
clean/healthy/real/healthy_maize_africa_v1.2_real_1412.jpg,maize_africa_v1.2,3,3,healthy,healthy,0.8031706213951111,3,3,3
clean/fall_armyworm/real/fall_armyworm_maize_africa_real_73260360.jpg,maize_africa,1,1,fall_armyworm,fall_armyworm,0.8653150796890259,1,1,1
clean/healthy/real/healthy_maize_desease_v1.1_real_2464.jpg,maize_desease_v1.1,3,3,healthy,healthy,0.8136314749717712,3,3,3
clean/healthy/real/healthy_maize_desease_v1.1_real_795.jpg,maize_desease_v1.1,3,3,healthy,healthy,0.8236914277076721,3,3,3
clean/northern_corn_leaf_blight/real/northern_corn_leaf_blight_maize_africa_real_21089584.jpg,maize_africa,6,6,northern_corn_leaf_blight,northern_corn_leaf_blight,0.8216639161109924,6,6,6
clean/lethal_necrosis/real/lethal_necrosis_multi_desease_real_21786809.jpeg,multi_desease,4,4,lethal_necrosis,lethal_necrosis,0.8468997478485107,4,4,4
clean/healthy/real/healthy_maize_africa_v1.2_real_1047.jpg,maize_africa_v1.2,3,3,healthy,healthy,0.8327958583831787,3,3,3
clean/healthy/real/healthy_cropdg_real_540.jpg,cropdg,3,3,healthy,healthy,0.8209496140480042,3,3,3
clean/healthy/real/healthy_cropdg_real_2.jpg,cropdg,3,3,healthy,healthy,0.8270508646965027,3,3,3
clean/northern_corn_leaf_blight/real/northern_corn_leaf_blight_maize_africa_real_58137674.jpg,maize_africa,6,6,northern_corn_leaf_blight,northern_corn_leaf_blight,0.8289442658424377,6,6,6
clean/lethal_necrosis/real/lethal_necrosis_maize_africa_real_75437251.jpg,maize_africa,4,4,lethal_necrosis,lethal_necrosis,0.8363662958145142,4,4,4
clean/healthy/real/healthy_maize_africa_v1_real_15.jpg,maize_africa_v1,3,3,healthy,healthy,0.8099817037582397,3,3,3
clean/healthy/real/healthy_maize_desease_v1.1_real_4291.jpg,maize_desease_v1.1,3,3,healthy,healthy,0.8208014965057373,3,3,3
clean/northern_corn_leaf_blight/real/northern_corn_leaf_blight_maize_desease_real_57979390.jpg,maize_desease,6,6,northern_corn_leaf_blight,northern_corn_leaf_blight,0.8134458661079407,6,6,6
clean/fall_armyworm/real/fall_armyworm_maize_africa_real_71889120.jpg,maize_africa,1,1,fall_armyworm,fall_armyworm,0.8824681043624878,1,1,1
clean/fall_armyworm/real/fall_armyworm_corn_leaf_roboflow_real_31570028.jpg,corn_leaf_roboflow,1,1,fall_armyworm,fall_armyworm,0.8584675788879395,1,1,1
clean/phosphorus_deficiency/real/phosphorus_deficiency_corn_leaf_roboflow_real_39427069.jpg,corn_leaf_roboflow,7,7,phosphorus_deficiency,phosphorus_deficiency,0.942036509513855,7,7,7
clean/healthy/real/healthy_maize_desease_v1.1_real_4126.jpg,maize_desease_v1.1,3,3,healthy,healthy,0.8145925998687744,3,3,3
clean/healthy/real/healthy_corn_leaf_roboflow_real_13382971.jpg,corn_leaf_roboflow,3,3,healthy,healthy,0.8133514523506165,3,3,3
clean/healthy/real/healthy_maize_desease_v1.1_real_1953.jpg,maize_desease_v1.1,3,3,healthy,healthy,0.8179969787597656,3,3,3
clean/northern_corn_leaf_blight/real/northern_corn_leaf_blight_maize_africa_real_84316080.jpg,maize_africa,6,6,northern_corn_leaf_blight,northern_corn_leaf_blight,0.8194568157196045,6,6,6
clean/lethal_necrosis/real/lethal_necrosis_multi_desease_real_66408899.jpeg,multi_desease,4,4,lethal_necrosis,lethal_necrosis,0.8306093215942383,4,4,4
clean/gray_leaf_spot/real/gray_leaf_spot_maize_leaf_roboflow_real_6b0637b6.jpg,maize_leaf_roboflow,2,2,gray_leaf_spot,gray_leaf_spot,0.9087404012680054,2,2,2
clean/northern_corn_leaf_blight/real/northern_corn_leaf_blight_maize_africa_real_30432987.jpg,maize_africa,6,6,northern_corn_leaf_blight,northern_corn_leaf_blight,0.8355436325073242,6,6,6
clean/healthy/real/healthy_maize_desease_v1.1_real_3655.jpg,maize_desease_v1.1,3,3,healthy,healthy,0.8168767690658569,3,3,3
clean/northern_corn_leaf_blight/real/northern_corn_leaf_blight_maize_africa_real_16124703.jpg,maize_africa,6,6,northern_corn_leaf_blight,northern_corn_leaf_blight,0.8390655517578125,6,6,6
clean/common_rust/real/common_rust_maize_field_real_73089941.jpg,maize_field,0,6,common_rust,northern_corn_leaf_blight,0.7099102139472961,6,6,6
clean/gray_leaf_spot/real/gray_leaf_spot_corn_leaf_diseases_classification_roboflow_real_a9a6d24a.jpg,corn_leaf_diseases_classification_roboflow,2,2,gray_leaf_spot,gray_leaf_spot,0.9232341051101683,2,2,2
clean/lethal_necrosis/real/lethal_necrosis_maize_africa_real_34713406.jpg,maize_africa,4,4,lethal_necrosis,lethal_necrosis,0.8439309597015381,4,4,4
clean/lethal_necrosis/real/lethal_necrosis_multi_desease_real_51937738.jpeg,multi_desease,4,4,lethal_necrosis,lethal_necrosis,0.8182216882705688,4,4,4
clean/northern_corn_leaf_blight/real/northern_corn_leaf_blight_maize_desease_real_35336473.jpg,maize_desease,6,6,northern_corn_leaf_blight,northern_corn_leaf_blight,0.8285461664199829,6,6,6
clean/healthy/real/healthy_maize_desease_v1.1_real_5103.jpg,maize_desease_v1.1,3,3,healthy,healthy,0.8118028044700623,3,3,3
clean/fall_armyworm/real/fall_armyworm_maize_africa_real_46393815.jpg,maize_africa,1,1,fall_armyworm,fall_armyworm,0.8575254082679749,1,1,1
clean/common_rust/lab/common_rust_maize_desease_lab_96719970.jpg,maize_desease,0,0,common_rust,common_rust,0.9070892333984376,0,0,0
clean/fall_armyworm/real/fall_armyworm_maize_africa_real_54426451.jpg,maize_africa,1,1,fall_armyworm,fall_armyworm,0.7812485694885254,1,1,1
clean/gray_leaf_spot/lab/gray_leaf_spot_cropdg_lab_43583916.jpg,cropdg,2,2,gray_leaf_spot,gray_leaf_spot,0.6668927669525146,2,2,2
clean/lethal_necrosis/real/lethal_necrosis_multi_desease_real_20589392.jpeg,multi_desease,4,4,lethal_necrosis,lethal_necrosis,0.8417803049087524,4,4,4
clean/gray_leaf_spot/real/gray_leaf_spot_maize_leaf_roboflow_real_85b2faa2.jpg,maize_leaf_roboflow,2,2,gray_leaf_spot,gray_leaf_spot,0.9198959469795228,2,2,2
clean/fall_armyworm/real/fall_armyworm_corn_leaf_roboflow_real_72897435.jpg,corn_leaf_roboflow,1,1,fall_armyworm,fall_armyworm,0.8414902091026306,1,1,1
clean/lethal_necrosis/real/lethal_necrosis_maize_africa_real_58924455.jpg,maize_africa,4,4,lethal_necrosis,lethal_necrosis,0.829724907875061,4,4,4
clean/healthy/real/healthy_maize_africa_v1.2_real_548.jpg,maize_africa_v1.2,3,3,healthy,healthy,0.822942852973938,3,3,3
clean/potassium_deficiency/real/potassium_deficiency_maize_nutrient_real_63235882.jpeg,maize_nutrient,8,8,potassium_deficiency,potassium_deficiency,0.9306990504264832,8,8,8
clean/healthy/real/healthy_maize_desease_v1.1_real_3546.jpg,maize_desease_v1.1,3,3,healthy,healthy,0.8203384876251221,3,3,3
clean/common_rust/lab/common_rust_maize_desease_lab_77230049.jpg,maize_desease,0,0,common_rust,common_rust,0.9051910042762756,0,0,0
clean/healthy/real/healthy_maize_desease_v1.1_real_2335.jpg,maize_desease_v1.1,3,3,healthy,healthy,0.7721801996231079,3,3,3
clean/lethal_necrosis/real/lethal_necrosis_multi_desease_real_33845740.jpeg,multi_desease,4,4,lethal_necrosis,lethal_necrosis,0.8389456272125244,4,4,4
clean/fall_armyworm/real/fall_armyworm_maize_africa_real_70572487.jpg,maize_africa,1,1,fall_armyworm,fall_armyworm,0.8561896085739136,1,1,1
clean/healthy/real/healthy_maize_desease_v1.1_real_3252.jpg,maize_desease_v1.1,3,3,healthy,healthy,0.8198546767234802,3,3,3
clean/lethal_necrosis/real/lethal_necrosis_multi_desease_real_23190195.jpeg,multi_desease,4,4,lethal_necrosis,lethal_necrosis,0.8403433561325073,4,4,4
clean/phosphorus_deficiency/real/phosphorus_deficiency_maize_nutrient_real_12832437.jpeg,maize_nutrient,7,7,phosphorus_deficiency,phosphorus_deficiency,0.8930696249008179,7,7,7
clean/northern_corn_leaf_blight/real/northern_corn_leaf_blight_maize_africa_real_26379011.jpg,maize_africa,6,6,northern_corn_leaf_blight,northern_corn_leaf_blight,0.8291559219360352,6,6,6
clean/northern_corn_leaf_blight/real/northern_corn_leaf_blight_maize_africa_real_51347457.jpg,maize_africa,6,6,northern_corn_leaf_blight,northern_corn_leaf_blight,0.8254121541976929,6,6,6
clean/northern_corn_leaf_blight/real/northern_corn_leaf_blight_maize_field_real_49554849.jpg,maize_field,6,6,northern_corn_leaf_blight,northern_corn_leaf_blight,0.834140419960022,6,6,6
clean/northern_corn_leaf_blight/real/northern_corn_leaf_blight_maize_africa_real_62232177.jpg,maize_africa,6,6,northern_corn_leaf_blight,northern_corn_leaf_blight,0.8278605937957764,6,6,6
clean/healthy/real/healthy_maize_nutrient_real_65.jpeg,maize_nutrient,3,3,healthy,healthy,0.8105806708335876,3,3,3
clean/northern_corn_leaf_blight/real/northern_corn_leaf_blight_maize_africa_real_29605123.jpg,maize_africa,6,6,northern_corn_leaf_blight,northern_corn_leaf_blight,0.8340293169021606,6,6,6
clean/healthy/real/healthy_maize_desease_v1.1_real_1757.jpg,maize_desease_v1.1,3,3,healthy,healthy,0.821221649646759,3,3,3
clean/lethal_necrosis/real/lethal_necrosis_maize_africa_real_78117231.jpg,maize_africa,4,4,lethal_necrosis,lethal_necrosis,0.8473727107048035,4,4,4
clean/healthy/real/healthy_maize_desease_v1.1_real_181.jpg,maize_desease_v1.1,3,3,healthy,healthy,0.8224879503250122,3,3,3
clean/fall_armyworm/real/fall_armyworm_maize_africa_real_11082957.jpg,maize_africa,1,1,fall_armyworm,fall_armyworm,0.8515339493751526,1,1,1
clean/northern_corn_leaf_blight/real/northern_corn_leaf_blight_maize_africa_real_92952608.jpg,maize_africa,6,6,northern_corn_leaf_blight,northern_corn_leaf_blight,0.8241708278656006,6,6,6
clean/fall_armyworm/real/fall_armyworm_multi_desease_real_55221508.jpg,multi_desease,1,1,fall_armyworm,fall_armyworm,0.8736169934272766,1,1,1
clean/fall_armyworm/real/fall_armyworm_maize_africa_real_96513088.jpg,maize_africa,1,1,fall_armyworm,fall_armyworm,0.85182785987854,1,1,1
clean/northern_corn_leaf_blight/real/northern_corn_leaf_blight_maize_africa_real_44140403.jpg,maize_africa,6,6,northern_corn_leaf_blight,northern_corn_leaf_blight,0.8256155252456665,6,6,6
clean/healthy/real/healthy_maize_desease_v1.1_real_3763.jpg,maize_desease_v1.1,3,3,healthy,healthy,0.8059840202331543,3,3,3
clean/healthy/real/healthy_maize_africa_v1_real_356.jpg,maize_africa_v1,3,3,healthy,healthy,0.8229452967643738,3,3,3
clean/fall_armyworm/real/fall_armyworm_maize_africa_real_38192720.jpg,maize_africa,1,1,fall_armyworm,fall_armyworm,0.8364428281784058,1,1,1
clean/healthy/real/healthy_maize_desease_v1.1_real_3548.jpg,maize_desease_v1.1,3,3,healthy,healthy,0.8170170783996582,3,3,3
clean/northern_corn_leaf_blight/real/northern_corn_leaf_blight_maize_africa_real_85208307.jpg,maize_africa,6,6,northern_corn_leaf_blight,northern_corn_leaf_blight,0.8360013961791992,6,6,6
clean/lethal_necrosis/real/lethal_necrosis_multi_desease_real_55482681.jpeg,multi_desease,4,4,lethal_necrosis,lethal_necrosis,0.8507624864578247,4,4,4
clean/healthy/real/healthy_corn_leaf_roboflow_real_11688278.jpg,corn_leaf_roboflow,3,3,healthy,healthy,0.8051577806472778,3,3,3
clean/lethal_necrosis/real/lethal_necrosis_maize_africa_real_24309652.jpg,maize_africa,4,4,lethal_necrosis,lethal_necrosis,0.8442903757095337,4,4,4
clean/nitrogen_deficiency/real/nitrogen_deficiency_maize_2_roboflow_real_a0a22e2f.jpg,maize_2_roboflow,5,5,nitrogen_deficiency,nitrogen_deficiency,0.9213693737983704,5,5,5
clean/northern_corn_leaf_blight/real/northern_corn_leaf_blight_maize_africa_real_42712735.jpg,maize_africa,6,6,northern_corn_leaf_blight,northern_corn_leaf_blight,0.8305693864822388,6,6,6
clean/northern_corn_leaf_blight/real/northern_corn_leaf_blight_maize_africa_real_58852712.jpg,maize_africa,6,6,northern_corn_leaf_blight,northern_corn_leaf_blight,0.8277337551116943,6,6,6
clean/northern_corn_leaf_blight/real/northern_corn_leaf_blight_maize_africa_real_79563781.jpg,maize_africa,6,6,northern_corn_leaf_blight,northern_corn_leaf_blight,0.8261463046073914,6,6,6
clean/lethal_necrosis/real/lethal_necrosis_maize_africa_real_77202928.jpg,maize_africa,4,4,lethal_necrosis,lethal_necrosis,0.7625105381011963,4,4,4
clean/lethal_necrosis/real/lethal_necrosis_maize_africa_real_68235814.jpg,maize_africa,4,4,lethal_necrosis,lethal_necrosis,0.833777666091919,4,4,4
clean/northern_corn_leaf_blight/lab/northern_corn_leaf_blight_cropdg_lab_358.jpg,cropdg,6,6,northern_corn_leaf_blight,northern_corn_leaf_blight,0.8306987285614014,6,6,6
clean/northern_corn_leaf_blight/lab/northern_corn_leaf_blight_cropdg_lab_754.jpg,cropdg,6,6,northern_corn_leaf_blight,northern_corn_leaf_blight,0.8230299949645996,6,6,6
clean/healthy/real/healthy_maize_desease_v1.1_real_3662.jpg,maize_desease_v1.1,3,3,healthy,healthy,0.817217230796814,3,3,3
clean/lethal_necrosis/real/lethal_necrosis_multi_desease_real_51273212.jpeg,multi_desease,4,4,lethal_necrosis,lethal_necrosis,0.845370888710022,4,4,4
clean/healthy/real/healthy_maize_nutrient_real_47.jpeg,maize_nutrient,3,3,healthy,healthy,0.5970717668533325,3,3,4
clean/fall_armyworm/real/fall_armyworm_multi_desease_real_86599041.jpg,multi_desease,1,1,fall_armyworm,fall_armyworm,0.8625760078430176,1,1,1
clean/healthy/real/healthy_cropdg_real_186.jpg,cropdg,3,3,healthy,healthy,0.8255389332771301,3,3,3
clean/northern_corn_leaf_blight/real/northern_corn_leaf_blight_maize_africa_real_38966554.jpg,maize_africa,6,6,northern_corn_leaf_blight,northern_corn_leaf_blight,0.8365907669067383,6,6,6
clean/northern_corn_leaf_blight/real/northern_corn_leaf_blight_maize_desease_real_94760982.jpg,maize_desease,6,6,northern_corn_leaf_blight,northern_corn_leaf_blight,0.8336135149002075,6,6,6
clean/fall_armyworm/real/fall_armyworm_multi_desease_real_87291706.jpg,multi_desease,1,1,fall_armyworm,fall_armyworm,0.8579555749893188,1,1,1
clean/healthy/real/healthy_cropdg_real_862.jpg,cropdg,3,3,healthy,healthy,0.8124803900718689,3,3,3
clean/fall_armyworm/real/fall_armyworm_multi_desease_real_78572252.jpg,multi_desease,1,1,fall_armyworm,fall_armyworm,0.8567057847976685,1,1,1
clean/fall_armyworm/real/fall_armyworm_maize_africa_real_53251761.jpg,maize_africa,1,1,fall_armyworm,fall_armyworm,0.8552809953689575,1,1,1
clean/northern_corn_leaf_blight/lab/northern_corn_leaf_blight_cropdg_lab_846.jpg,cropdg,6,6,northern_corn_leaf_blight,northern_corn_leaf_blight,0.8168237209320068,6,6,6
clean/gray_leaf_spot/lab/gray_leaf_spot_cropdg_lab_92080383.jpg,cropdg,2,2,gray_leaf_spot,gray_leaf_spot,0.856071949005127,2,2,2
clean/healthy/real/healthy_maize_desease_v1.1_real_3787.jpg,maize_desease_v1.1,3,3,healthy,healthy,0.8212637305259705,3,3,3
clean/gray_leaf_spot/real/gray_leaf_spot_maize_field_real_70250817.jpg,maize_field,2,2,gray_leaf_spot,gray_leaf_spot,0.8548974394798279,2,2,2
clean/healthy/real/healthy_cropdg_real_794.jpg,cropdg,3,3,healthy,healthy,0.8149423003196716,3,3,3
clean/lethal_necrosis/real/lethal_necrosis_maize_africa_real_91772234.jpg,maize_africa,4,4,lethal_necrosis,lethal_necrosis,0.8384866714477539,4,4,4
clean/fall_armyworm/real/fall_armyworm_multi_desease_real_22717589.jpg,multi_desease,1,1,fall_armyworm,fall_armyworm,0.8565869331359863,1,1,1
clean/healthy/real/healthy_cropdg_real_410.jpg,cropdg,3,3,healthy,healthy,0.8189834356307983,3,3,3
clean/nitrogen_deficiency/real/nitrogen_deficiency_maize_nutrient_real_80347663.jpeg,maize_nutrient,5,5,nitrogen_deficiency,nitrogen_deficiency,0.6405653953552246,6,5,5
clean/northern_corn_leaf_blight/lab/northern_corn_leaf_blight_cropdg_lab_339.jpg,cropdg,6,6,northern_corn_leaf_blight,northern_corn_leaf_blight,0.8300696611404419,6,6,6
clean/healthy/real/healthy_maize_africa_v1.2_real_1739.jpg,maize_africa_v1.2,3,3,healthy,healthy,0.820181131362915,3,3,3
clean/lethal_necrosis/real/lethal_necrosis_maize_africa_real_93626317.jpg,maize_africa,4,4,lethal_necrosis,lethal_necrosis,0.8443202376365662,4,4,4
clean/common_rust/lab/common_rust_maize_desease_lab_80546846.jpg,maize_desease,0,0,common_rust,common_rust,0.9077502489089966,0,0,0
clean/lethal_necrosis/real/lethal_necrosis_multi_desease_real_76524330.jpeg,multi_desease,4,4,lethal_necrosis,lethal_necrosis,0.8451944589614868,4,4,4
clean/northern_corn_leaf_blight/real/northern_corn_leaf_blight_maize_africa_real_22207721.jpg,maize_africa,6,6,northern_corn_leaf_blight,northern_corn_leaf_blight,0.8340089321136475,6,6,6
clean/healthy/real/healthy_maize_desease_v1.1_real_3084.jpg,maize_desease_v1.1,3,3,healthy,healthy,0.8050291538238525,3,3,3
clean/northern_corn_leaf_blight/real/northern_corn_leaf_blight_maize_africa_real_25790591.jpg,maize_africa,6,6,northern_corn_leaf_blight,northern_corn_leaf_blight,0.8282554745674133,6,6,6
clean/phosphorus_deficiency/real/phosphorus_deficiency_corn_leaf_roboflow_real_97675216.jpg,corn_leaf_roboflow,7,7,phosphorus_deficiency,phosphorus_deficiency,0.940945029258728,7,7,7
clean/healthy/real/healthy_maize_desease_v1.1_real_1402.jpg,maize_desease_v1.1,3,3,healthy,healthy,0.8241750597953796,3,3,3
clean/northern_corn_leaf_blight/lab/northern_corn_leaf_blight_cropdg_lab_418.jpg,cropdg,6,6,northern_corn_leaf_blight,northern_corn_leaf_blight,0.8165268301963806,6,6,6
clean/common_rust/lab/common_rust_maize_desease_lab_63409215.jpg,maize_desease,0,0,common_rust,common_rust,0.9063899517059326,0,0,0
clean/northern_corn_leaf_blight/real/northern_corn_leaf_blight_maize_africa_real_97097909.jpg,maize_africa,6,6,northern_corn_leaf_blight,northern_corn_leaf_blight,0.8291382789611816,6,6,6
clean/healthy/real/healthy_corn_leaf_roboflow_real_97180186.jpg,corn_leaf_roboflow,3,3,healthy,healthy,0.8102395534515381,3,3,3
clean/healthy/real/healthy_maize_africa_v1.2_real_1867.jpg,maize_africa_v1.2,3,3,healthy,healthy,0.8060730695724487,3,3,3
clean/healthy/real/healthy_maize_desease_v1.1_real_847.jpg,maize_desease_v1.1,3,3,healthy,healthy,0.8196442127227783,3,3,3
clean/lethal_necrosis/real/lethal_necrosis_multi_desease_real_55217105.jpeg,multi_desease,4,4,lethal_necrosis,lethal_necrosis,0.8516340851783752,4,4,4
clean/healthy/real/healthy_cropdg_real_25.jpg,cropdg,3,3,healthy,healthy,0.8244771361351013,3,3,3
clean/healthy/real/healthy_cropdg_real_537.jpg,cropdg,3,3,healthy,healthy,0.8309184312820435,3,3,3
clean/northern_corn_leaf_blight/real/northern_corn_leaf_blight_maize_africa_real_58053063.jpg,maize_africa,6,6,northern_corn_leaf_blight,northern_corn_leaf_blight,0.8232319355010986,6,6,6
clean/fall_armyworm/real/fall_armyworm_maize_africa_real_63278191.jpg,maize_africa,1,1,fall_armyworm,fall_armyworm,0.860546886920929,1,1,1
clean/common_rust/lab/common_rust_multi_desease_lab_28642964.jpg,multi_desease,0,0,common_rust,common_rust,0.9112844467163086,0,0,0
clean/lethal_necrosis/real/lethal_necrosis_maize_africa_real_63893851.jpg,maize_africa,4,4,lethal_necrosis,lethal_necrosis,0.8382411599159241,4,4,4
clean/northern_corn_leaf_blight/real/northern_corn_leaf_blight_maize_africa_real_74257345.jpg,maize_africa,6,6,northern_corn_leaf_blight,northern_corn_leaf_blight,0.8313708305358887,6,6,6
clean/fall_armyworm/real/fall_armyworm_maize_africa_real_64100987.jpg,maize_africa,1,1,fall_armyworm,fall_armyworm,0.7663129568099976,1,1,1
clean/northern_corn_leaf_blight/real/northern_corn_leaf_blight_maize_africa_real_56629991.jpg,maize_africa,6,6,northern_corn_leaf_blight,northern_corn_leaf_blight,0.8310056924819946,6,6,6
clean/potassium_deficiency/real/potassium_deficiency_maize_nutrient_real_70088639.jpeg,maize_nutrient,8,6,potassium_deficiency,northern_corn_leaf_blight,0.8199130296707153,6,6,6
clean/northern_corn_leaf_blight/real/northern_corn_leaf_blight_maize_africa_real_33544145.jpg,maize_africa,6,6,northern_corn_leaf_blight,northern_corn_leaf_blight,0.8351523280143738,6,6,6
clean/potassium_deficiency/real/potassium_deficiency_corn_leaf_roboflow_real_95203935.jpg,corn_leaf_roboflow,8,8,potassium_deficiency,potassium_deficiency,0.9012331962585448,8,8,8
clean/fall_armyworm/real/fall_armyworm_maize_africa_real_84146936.jpg,maize_africa,1,1,fall_armyworm,fall_armyworm,0.8620426058769226,1,1,1
clean/gray_leaf_spot/lab/gray_leaf_spot_cropdg_lab_42458450.jpg,cropdg,2,2,gray_leaf_spot,gray_leaf_spot,0.6034021973609924,2,2,6
clean/healthy/real/healthy_maize_africa_v1.2_real_1516.jpg,maize_africa_v1.2,3,3,healthy,healthy,0.7712752819061279,3,3,3
clean/fall_armyworm/real/fall_armyworm_maize_africa_real_58929775.jpg,maize_africa,1,1,fall_armyworm,fall_armyworm,0.8558453321456909,1,1,1
clean/healthy/real/healthy_cropdg_real_668.jpg,cropdg,3,3,healthy,healthy,0.8175826072692871,3,3,3
clean/lethal_necrosis/real/lethal_necrosis_multi_desease_real_66998597.jpeg,multi_desease,4,4,lethal_necrosis,lethal_necrosis,0.8427257537841797,4,4,4
clean/fall_armyworm/real/fall_armyworm_multi_desease_real_43490223.jpg,multi_desease,1,1,fall_armyworm,fall_armyworm,0.8623484969139099,1,1,1
clean/healthy/real/healthy_corn_leaf_roboflow_real_71886208.jpg,corn_leaf_roboflow,3,3,healthy,healthy,0.7844027280807495,3,3,3
clean/northern_corn_leaf_blight/real/northern_corn_leaf_blight_maize_africa_real_48202594.jpg,maize_africa,6,6,northern_corn_leaf_blight,northern_corn_leaf_blight,0.8314485549926758,6,6,6
clean/lethal_necrosis/real/lethal_necrosis_multi_desease_real_18984926.jpeg,multi_desease,4,4,lethal_necrosis,lethal_necrosis,0.8526962995529175,4,4,4
clean/northern_corn_leaf_blight/real/northern_corn_leaf_blight_maize_africa_real_80620270.jpg,maize_africa,6,6,northern_corn_leaf_blight,northern_corn_leaf_blight,0.8283617496490479,6,6,6
clean/healthy/real/healthy_maize_desease_v1.1_real_906.jpg,maize_desease_v1.1,3,3,healthy,healthy,0.8151067495346069,3,3,3
clean/healthy/real/healthy_maize_desease_v1.1_real_120.jpg,maize_desease_v1.1,3,3,healthy,healthy,0.818515419960022,3,3,3
clean/northern_corn_leaf_blight/real/northern_corn_leaf_blight_maize_desease_real_43203272.jpg,maize_desease,6,6,northern_corn_leaf_blight,northern_corn_leaf_blight,0.8393548727035522,6,6,6
clean/lethal_necrosis/real/lethal_necrosis_multi_desease_real_12697618.jpeg,multi_desease,4,4,lethal_necrosis,lethal_necrosis,0.8426960706710815,4,4,4
clean/healthy/real/healthy_cropdg_real_418.jpg,cropdg,3,3,healthy,healthy,0.8085907101631165,3,3,3
clean/fall_armyworm/real/fall_armyworm_multi_desease_real_48252431.jpg,multi_desease,1,1,fall_armyworm,fall_armyworm,0.859298050403595,1,1,1
clean/lethal_necrosis/real/lethal_necrosis_multi_desease_real_92807890.jpeg,multi_desease,4,4,lethal_necrosis,lethal_necrosis,0.8509054183959961,4,4,4
clean/healthy/real/healthy_maize_desease_v1.1_real_3776.jpg,maize_desease_v1.1,3,3,healthy,healthy,0.8084666132926941,3,3,3
clean/gray_leaf_spot/real/gray_leaf_spot_corn_leaf_diseases_classification_roboflow_real_14bd8c20.jpg,corn_leaf_diseases_classification_roboflow,2,2,gray_leaf_spot,gray_leaf_spot,0.9088065028190612,2,2,2
clean/lethal_necrosis/real/lethal_necrosis_multi_desease_real_42315647.jpeg,multi_desease,4,4,lethal_necrosis,lethal_necrosis,0.8466667532920837,4,4,4
clean/healthy/real/healthy_maize_africa_v1.2_real_1402.jpg,maize_africa_v1.2,3,3,healthy,healthy,0.8145023584365845,3,3,3
clean/lethal_necrosis/real/lethal_necrosis_maize_africa_real_80044430.jpg,maize_africa,4,4,lethal_necrosis,lethal_necrosis,0.8470650911331177,4,4,4
clean/healthy/real/healthy_maize_desease_v1.1_real_3010.jpg,maize_desease_v1.1,3,3,healthy,healthy,0.8146065473556519,3,3,3
clean/healthy/real/healthy_corn_leaf_roboflow_real_16222162.jpg,corn_leaf_roboflow,3,3,healthy,healthy,0.6959824562072754,3,3,3
clean/gray_leaf_spot/real/gray_leaf_spot_maize_leaf_roboflow_real_42e3bc61.jpg,maize_leaf_roboflow,2,2,gray_leaf_spot,gray_leaf_spot,0.92410546541214,2,2,2
clean/lethal_necrosis/real/lethal_necrosis_multi_desease_real_37994489.jpeg,multi_desease,4,4,lethal_necrosis,lethal_necrosis,0.8448995351791382,4,4,4
clean/fall_armyworm/real/fall_armyworm_maize_africa_real_10324904.jpg,maize_africa,1,1,fall_armyworm,fall_armyworm,0.8328579664230347,1,1,1
clean/healthy/real/healthy_maize_desease_v1.1_real_4370.jpg,maize_desease_v1.1,3,3,healthy,healthy,0.8051668405532837,3,3,3
clean/common_rust/lab/common_rust_maize_desease_lab_59010384.jpg,maize_desease,0,0,common_rust,common_rust,0.9001197814941406,0,0,0
clean/fall_armyworm/real/fall_armyworm_multi_desease_real_30483762.jpg,multi_desease,1,1,fall_armyworm,fall_armyworm,0.8640958070755005,1,1,1
clean/northern_corn_leaf_blight/real/northern_corn_leaf_blight_maize_africa_real_32657461.jpg,maize_africa,6,6,northern_corn_leaf_blight,northern_corn_leaf_blight,0.8415946960449219,6,6,6
clean/northern_corn_leaf_blight/real/northern_corn_leaf_blight_maize_africa_real_11699311.jpg,maize_africa,6,6,northern_corn_leaf_blight,northern_corn_leaf_blight,0.8194100260734558,6,6,6
clean/healthy/real/healthy_maize_africa_v1.2_real_438.jpg,maize_africa_v1.2,3,3,healthy,healthy,0.817745566368103,3,3,3
clean/lethal_necrosis/real/lethal_necrosis_maize_africa_real_79663520.jpg,maize_africa,4,4,lethal_necrosis,lethal_necrosis,0.8245335817337036,4,4,4
clean/potassium_deficiency/real/potassium_deficiency_corn_leaf_roboflow_real_53442368.jpg,corn_leaf_roboflow,8,8,potassium_deficiency,potassium_deficiency,0.9315618276596068,8,8,8
clean/lethal_necrosis/real/lethal_necrosis_maize_africa_real_43068435.jpg,maize_africa,4,4,lethal_necrosis,lethal_necrosis,0.8374617099761963,4,4,4
clean/lethal_necrosis/real/lethal_necrosis_multi_desease_real_65579723.jpeg,multi_desease,4,4,lethal_necrosis,lethal_necrosis,0.8478845357894897,4,4,4
clean/fall_armyworm/real/fall_armyworm_maize_africa_real_20947575.jpg,maize_africa,1,1,fall_armyworm,fall_armyworm,0.8703649044036865,1,1,1
clean/northern_corn_leaf_blight/lab/northern_corn_leaf_blight_cropdg_lab_299.jpg,cropdg,6,6,northern_corn_leaf_blight,northern_corn_leaf_blight,0.8239009380340576,6,6,6
clean/lethal_necrosis/real/lethal_necrosis_multi_desease_real_72990764.jpeg,multi_desease,4,4,lethal_necrosis,lethal_necrosis,0.854717493057251,4,4,4
clean/fall_armyworm/real/fall_armyworm_multi_desease_real_72888314.jpg,multi_desease,1,1,fall_armyworm,fall_armyworm,0.8588032126426697,1,1,1
clean/healthy/real/healthy_cropdg_real_697.jpg,cropdg,3,3,healthy,healthy,0.8239312171936035,3,3,3
clean/fall_armyworm/real/fall_armyworm_multi_desease_real_31652569.jpg,multi_desease,1,1,fall_armyworm,fall_armyworm,0.8380064964294434,1,1,1
clean/healthy/real/healthy_maize_desease_v1.1_real_1310.jpg,maize_desease_v1.1,3,3,healthy,healthy,0.8257944583892822,3,3,3
clean/fall_armyworm/real/fall_armyworm_multi_desease_real_50671072.jpg,multi_desease,1,1,fall_armyworm,fall_armyworm,0.8511075973510742,1,1,1
clean/healthy/real/healthy_maize_desease_v1.1_real_2339.jpg,maize_desease_v1.1,3,3,healthy,healthy,0.8066059350967407,3,3,3
clean/healthy/real/healthy_maize_desease_v1.1_real_1498.jpg,maize_desease_v1.1,3,3,healthy,healthy,0.8064176440238953,3,3,3
clean/gray_leaf_spot/lab/gray_leaf_spot_cropdg_lab_83968682.jpg,cropdg,2,2,gray_leaf_spot,gray_leaf_spot,0.9156793355941772,2,2,2
clean/lethal_necrosis/real/lethal_necrosis_maize_africa_real_49060629.jpg,maize_africa,4,4,lethal_necrosis,lethal_necrosis,0.8456434011459351,4,4,4
clean/northern_corn_leaf_blight/real/northern_corn_leaf_blight_maize_desease_real_57688514.jpg,maize_desease,6,6,northern_corn_leaf_blight,northern_corn_leaf_blight,0.833998441696167,6,6,6
clean/northern_corn_leaf_blight/real/northern_corn_leaf_blight_corn_leaf_roboflow_real_52097650.jpg,corn_leaf_roboflow,6,6,northern_corn_leaf_blight,northern_corn_leaf_blight,0.8318684697151184,6,6,6
clean/phosphorus_deficiency/real/phosphorus_deficiency_corn_leaf_roboflow_real_62517854.jpg,corn_leaf_roboflow,7,7,phosphorus_deficiency,phosphorus_deficiency,0.9417863488197328,7,7,7
clean/northern_corn_leaf_blight/real/northern_corn_leaf_blight_maize_africa_real_97009130.jpg,maize_africa,6,6,northern_corn_leaf_blight,northern_corn_leaf_blight,0.8250392079353333,6,6,6
clean/common_rust/lab/common_rust_maize_desease_lab_71946803.jpg,maize_desease,0,0,common_rust,common_rust,0.90466970205307,0,0,0
clean/healthy/real/healthy_cropdg_real_446.jpg,cropdg,3,3,healthy,healthy,0.8171051144599915,3,3,3
clean/northern_corn_leaf_blight/real/northern_corn_leaf_blight_maize_desease_real_33335301.jpg,maize_desease,6,6,northern_corn_leaf_blight,northern_corn_leaf_blight,0.8542125225067139,6,6,6
clean/healthy/real/healthy_maize_desease_v1.1_real_4598.jpg,maize_desease_v1.1,3,3,healthy,healthy,0.8262841701507568,3,3,3
clean/fall_armyworm/real/fall_armyworm_multi_desease_real_21699053.jpg,multi_desease,1,1,fall_armyworm,fall_armyworm,0.8697323799133301,1,1,1
clean/northern_corn_leaf_blight/real/northern_corn_leaf_blight_corn_leaf_roboflow_real_19062355.jpg,corn_leaf_roboflow,6,6,northern_corn_leaf_blight,northern_corn_leaf_blight,0.8395355939865112,6,6,6
clean/healthy/real/healthy_maize_desease_v1.1_real_3138.jpg,maize_desease_v1.1,3,3,healthy,healthy,0.8223834037780762,3,3,3
clean/fall_armyworm/real/fall_armyworm_multi_desease_real_31889046.jpg,multi_desease,1,1,fall_armyworm,fall_armyworm,0.8637433052062988,1,1,1
clean/gray_leaf_spot/real/gray_leaf_spot_corn_leaf_diseases_classification_roboflow_real_cb9ca512.jpg,corn_leaf_diseases_classification_roboflow,2,2,gray_leaf_spot,gray_leaf_spot,0.9163506627082824,2,2,2
clean/healthy/real/healthy_maize_desease_v1.1_real_3724.jpg,maize_desease_v1.1,3,3,healthy,healthy,0.8140805959701538,3,3,3
clean/northern_corn_leaf_blight/real/northern_corn_leaf_blight_maize_africa_real_68088917.jpg,maize_africa,6,6,northern_corn_leaf_blight,northern_corn_leaf_blight,0.8362533450126648,6,6,6
clean/fall_armyworm/real/fall_armyworm_corn_leaf_roboflow_real_85724640.jpg,corn_leaf_roboflow,1,1,fall_armyworm,fall_armyworm,0.8638447523117065,1,1,1
clean/northern_corn_leaf_blight/real/northern_corn_leaf_blight_maize_africa_real_52540752.jpg,maize_africa,6,6,northern_corn_leaf_blight,northern_corn_leaf_blight,0.8380933403968811,6,6,6
clean/northern_corn_leaf_blight/real/northern_corn_leaf_blight_maize_africa_real_77037018.jpg,maize_africa,6,6,northern_corn_leaf_blight,northern_corn_leaf_blight,0.8325731754302979,6,6,6
clean/fall_armyworm/real/fall_armyworm_corn_leaf_roboflow_real_83013072.jpg,corn_leaf_roboflow,1,1,fall_armyworm,fall_armyworm,0.8553318977355957,1,1,1
clean/phosphorus_deficiency/real/phosphorus_deficiency_corn_leaf_roboflow_real_35131521.jpg,corn_leaf_roboflow,7,7,phosphorus_deficiency,phosphorus_deficiency,0.4192644953727722,1,7,1
clean/gray_leaf_spot/lab/gray_leaf_spot_cropdg_lab_24192175.jpg,cropdg,2,2,gray_leaf_spot,gray_leaf_spot,0.8959969282150269,2,2,2
clean/nitrogen_deficiency/real/nitrogen_deficiency_corn_leaf_roboflow_real_39450288.jpg,corn_leaf_roboflow,5,5,nitrogen_deficiency,nitrogen_deficiency,0.9426881074905396,5,5,5
clean/fall_armyworm/real/fall_armyworm_maize_africa_real_71342276.jpg,maize_africa,1,1,fall_armyworm,fall_armyworm,0.8481980562210083,1,1,1
clean/healthy/real/healthy_cropdg_real_1079.jpg,cropdg,3,3,healthy,healthy,0.8282632827758789,3,3,3
clean/healthy/real/healthy_maize_africa_v1.2_real_596.jpg,maize_africa_v1.2,3,3,healthy,healthy,0.8130393028259277,3,3,3
clean/lethal_necrosis/real/lethal_necrosis_multi_desease_real_94597062.jpeg,multi_desease,4,4,lethal_necrosis,lethal_necrosis,0.8323685526847839,4,4,4
clean/common_rust/lab/common_rust_multi_desease_lab_77256214.jpg,multi_desease,0,0,common_rust,common_rust,0.9003639221191406,0,0,0
clean/northern_corn_leaf_blight/real/northern_corn_leaf_blight_maize_africa_real_30394418.jpg,maize_africa,6,6,northern_corn_leaf_blight,northern_corn_leaf_blight,0.8273758888244629,6,6,6
clean/northern_corn_leaf_blight/real/northern_corn_leaf_blight_maize_africa_real_37352412.jpg,maize_africa,6,6,northern_corn_leaf_blight,northern_corn_leaf_blight,0.8304850459098816,6,6,6
clean/gray_leaf_spot/real/gray_leaf_spot_maize_leaf_roboflow_real_cc5992b8.jpg,maize_leaf_roboflow,2,2,gray_leaf_spot,gray_leaf_spot,0.9167321920394896,2,2,2
clean/nitrogen_deficiency/real/nitrogen_deficiency_maize_2_roboflow_real_30cfad8d.jpg,maize_2_roboflow,5,5,nitrogen_deficiency,nitrogen_deficiency,0.9449080228805542,5,5,5
clean/healthy/real/healthy_maize_africa_v1_real_75.jpg,maize_africa_v1,3,3,healthy,healthy,0.8015428781509399,3,3,3
clean/lethal_necrosis/real/lethal_necrosis_multi_desease_real_88020614.jpeg,multi_desease,4,4,lethal_necrosis,lethal_necrosis,0.8348538279533386,4,4,4
clean/fall_armyworm/real/fall_armyworm_multi_desease_real_51271780.jpg,multi_desease,1,1,fall_armyworm,fall_armyworm,0.8583592772483826,1,1,1
clean/fall_armyworm/real/fall_armyworm_corn_leaf_roboflow_real_60294630.jpg,corn_leaf_roboflow,1,1,fall_armyworm,fall_armyworm,0.8608768582344055,1,1,1
clean/northern_corn_leaf_blight/real/northern_corn_leaf_blight_maize_africa_real_74693479.jpg,maize_africa,6,6,northern_corn_leaf_blight,northern_corn_leaf_blight,0.8286369442939758,6,6,6
clean/fall_armyworm/real/fall_armyworm_maize_africa_real_27310101.jpg,maize_africa,1,1,fall_armyworm,fall_armyworm,0.8476731181144714,1,1,1
clean/northern_corn_leaf_blight/lab/northern_corn_leaf_blight_cropdg_lab_782.jpg,cropdg,6,6,northern_corn_leaf_blight,northern_corn_leaf_blight,0.8245665431022644,6,6,6
clean/fall_armyworm/real/fall_armyworm_corn_leaf_roboflow_real_34830280.jpg,corn_leaf_roboflow,1,1,fall_armyworm,fall_armyworm,0.8485930562019348,1,1,1
clean/gray_leaf_spot/real/gray_leaf_spot_maize_leaf_roboflow_real_14497f22.jpg,maize_leaf_roboflow,2,2,gray_leaf_spot,gray_leaf_spot,0.9282259941101074,2,2,2
clean/northern_corn_leaf_blight/real/northern_corn_leaf_blight_maize_africa_real_41806409.jpg,maize_africa,6,6,northern_corn_leaf_blight,northern_corn_leaf_blight,0.8210462927818298,6,6,6
clean/lethal_necrosis/real/lethal_necrosis_maize_africa_real_66345394.jpg,maize_africa,4,4,lethal_necrosis,lethal_necrosis,0.8386733531951904,4,4,4
clean/common_rust/lab/common_rust_multi_desease_lab_91841968.jpg,multi_desease,0,0,common_rust,common_rust,0.9083540439605712,0,0,0
clean/northern_corn_leaf_blight/real/northern_corn_leaf_blight_maize_africa_real_28848976.jpg,maize_africa,6,6,northern_corn_leaf_blight,northern_corn_leaf_blight,0.8299418687820435,6,6,6
clean/common_rust/lab/common_rust_multi_desease_lab_40906118.jpg,multi_desease,0,0,common_rust,common_rust,0.9010019898414612,0,0,0
clean/northern_corn_leaf_blight/real/northern_corn_leaf_blight_maize_africa_real_93467202.jpg,maize_africa,6,6,northern_corn_leaf_blight,northern_corn_leaf_blight,0.8370070457458496,6,6,6
clean/common_rust/lab/common_rust_maize_desease_lab_37426321.jpg,maize_desease,0,0,common_rust,common_rust,0.90251624584198,0,0,0
clean/fall_armyworm/real/fall_armyworm_multi_desease_real_28951508.jpg,multi_desease,1,1,fall_armyworm,fall_armyworm,0.8572043180465698,1,1,1
clean/phosphorus_deficiency/real/phosphorus_deficiency_corn_leaf_roboflow_real_54869133.jpg,corn_leaf_roboflow,7,7,phosphorus_deficiency,phosphorus_deficiency,0.939656376838684,7,7,7
clean/gray_leaf_spot/real/gray_leaf_spot_corn_leaf_diseases_classification_roboflow_real_c233d155.jpg,corn_leaf_diseases_classification_roboflow,2,2,gray_leaf_spot,gray_leaf_spot,0.9183347821235656,2,2,2
clean/phosphorus_deficiency/real/phosphorus_deficiency_corn_leaf_roboflow_real_15254819.jpg,corn_leaf_roboflow,7,7,phosphorus_deficiency,phosphorus_deficiency,0.9383902549743652,7,7,7
clean/fall_armyworm/real/fall_armyworm_maize_africa_real_50390802.jpg,maize_africa,1,1,fall_armyworm,fall_armyworm,0.8655954599380493,1,1,1
clean/potassium_deficiency/real/potassium_deficiency_maize_2_roboflow_real_7924d6e6.jpg,maize_2_roboflow,8,8,potassium_deficiency,potassium_deficiency,0.6548023223876953,8,8,7
clean/potassium_deficiency/real/potassium_deficiency_corn_leaf_roboflow_real_34195346.jpg,corn_leaf_roboflow,8,8,potassium_deficiency,potassium_deficiency,0.6393337249755859,8,5,8
clean/lethal_necrosis/real/lethal_necrosis_maize_africa_real_80546705.jpg,maize_africa,4,4,lethal_necrosis,lethal_necrosis,0.8424641489982605,4,4,4
clean/lethal_necrosis/real/lethal_necrosis_multi_desease_real_16385955.jpeg,multi_desease,4,4,lethal_necrosis,lethal_necrosis,0.8501326441764832,4,4,4
clean/northern_corn_leaf_blight/real/northern_corn_leaf_blight_maize_africa_real_10729717.jpg,maize_africa,6,6,northern_corn_leaf_blight,northern_corn_leaf_blight,0.8345879316329956,6,6,6
clean/healthy/real/healthy_corn_leaf_roboflow_real_92625440.jpg,corn_leaf_roboflow,3,3,healthy,healthy,0.8070327639579773,3,3,3
clean/healthy/real/healthy_maize_desease_v1.1_real_3822.jpg,maize_desease_v1.1,3,3,healthy,healthy,0.8250885009765625,3,3,3
clean/northern_corn_leaf_blight/real/northern_corn_leaf_blight_maize_africa_real_76329213.jpg,maize_africa,6,6,northern_corn_leaf_blight,northern_corn_leaf_blight,0.822181224822998,6,6,6
clean/northern_corn_leaf_blight/real/northern_corn_leaf_blight_corn_leaf_roboflow_real_51321854.jpg,corn_leaf_roboflow,6,6,northern_corn_leaf_blight,northern_corn_leaf_blight,0.8484787940979004,6,6,6
clean/common_rust/lab/common_rust_maize_desease_lab_54059684.jpg,maize_desease,0,0,common_rust,common_rust,0.9015588164329528,0,0,0
clean/gray_leaf_spot/real/gray_leaf_spot_maize_field_real_68256746.jpg,maize_field,2,2,gray_leaf_spot,gray_leaf_spot,0.9073007106781006,2,2,2
clean/lethal_necrosis/real/lethal_necrosis_multi_desease_real_14618710.jpeg,multi_desease,4,4,lethal_necrosis,lethal_necrosis,0.8445476293563843,4,4,4
clean/fall_armyworm/real/fall_armyworm_maize_africa_real_46871437.jpg,maize_africa,1,1,fall_armyworm,fall_armyworm,0.8583501577377319,1,1,1
clean/northern_corn_leaf_blight/real/northern_corn_leaf_blight_maize_africa_real_53968238.jpg,maize_africa,6,6,northern_corn_leaf_blight,northern_corn_leaf_blight,0.8269259929656982,6,6,6
clean/fall_armyworm/real/fall_armyworm_multi_desease_real_36145663.jpg,multi_desease,1,1,fall_armyworm,fall_armyworm,0.8712477684020996,1,1,1
clean/common_rust/lab/common_rust_multi_desease_lab_29091361.jpg,multi_desease,0,0,common_rust,common_rust,0.9042025208473206,0,0,0
clean/lethal_necrosis/real/lethal_necrosis_maize_africa_real_47312594.jpg,maize_africa,4,4,lethal_necrosis,lethal_necrosis,0.8331953287124634,4,4,4
clean/northern_corn_leaf_blight/real/northern_corn_leaf_blight_corn_leaf_roboflow_real_27481478.jpg,corn_leaf_roboflow,6,6,northern_corn_leaf_blight,northern_corn_leaf_blight,0.4380289316177368,1,6,1
clean/healthy/real/healthy_maize_desease_v1.1_real_4564.jpg,maize_desease_v1.1,3,3,healthy,healthy,0.8262415528297424,3,3,3
clean/lethal_necrosis/real/lethal_necrosis_multi_desease_real_30565470.jpeg,multi_desease,4,4,lethal_necrosis,lethal_necrosis,0.8225918412208557,4,4,4
clean/northern_corn_leaf_blight/real/northern_corn_leaf_blight_maize_africa_real_60409895.jpg,maize_africa,6,6,northern_corn_leaf_blight,northern_corn_leaf_blight,0.837642252445221,6,6,6
clean/healthy/real/healthy_maize_desease_v1.1_real_3057.jpg,maize_desease_v1.1,3,3,healthy,healthy,0.8242547512054443,3,3,3
clean/gray_leaf_spot/real/gray_leaf_spot_corn_leaf_diseases_classification_roboflow_real_ef6690ac.jpg,corn_leaf_diseases_classification_roboflow,2,2,gray_leaf_spot,gray_leaf_spot,0.913692593574524,2,2,2
clean/healthy/real/healthy_maize_africa_v1.2_real_1169.jpg,maize_africa_v1.2,3,3,healthy,healthy,0.804397702217102,3,3,3
clean/northern_corn_leaf_blight/lab/northern_corn_leaf_blight_cropdg_lab_923.jpg,cropdg,6,6,northern_corn_leaf_blight,northern_corn_leaf_blight,0.818932294845581,6,6,6
clean/lethal_necrosis/real/lethal_necrosis_multi_desease_real_36752560.jpeg,multi_desease,4,4,lethal_necrosis,lethal_necrosis,0.8336299061775208,4,4,4
clean/northern_corn_leaf_blight/lab/northern_corn_leaf_blight_cropdg_lab_371.jpg,cropdg,6,6,northern_corn_leaf_blight,northern_corn_leaf_blight,0.683694064617157,6,6,6
clean/northern_corn_leaf_blight/real/northern_corn_leaf_blight_maize_desease_real_84222504.jpg,maize_desease,6,6,northern_corn_leaf_blight,northern_corn_leaf_blight,0.837124764919281,6,6,6
clean/phosphorus_deficiency/real/phosphorus_deficiency_corn_leaf_roboflow_real_28407962.jpg,corn_leaf_roboflow,7,7,phosphorus_deficiency,phosphorus_deficiency,0.938430666923523,7,7,7
clean/healthy/real/healthy_maize_desease_v1.1_real_497.jpg,maize_desease_v1.1,3,3,healthy,healthy,0.8166245818138123,3,3,3
clean/fall_armyworm/real/fall_armyworm_maize_africa_real_54730923.jpg,maize_africa,1,1,fall_armyworm,fall_armyworm,0.8571709394454956,1,1,1
clean/northern_corn_leaf_blight/real/northern_corn_leaf_blight_maize_africa_real_52400637.jpg,maize_africa,6,6,northern_corn_leaf_blight,northern_corn_leaf_blight,0.8012851476669312,6,6,6
clean/fall_armyworm/real/fall_armyworm_multi_desease_real_48790216.jpg,multi_desease,1,1,fall_armyworm,fall_armyworm,0.8667130470275879,1,1,1
clean/common_rust/lab/common_rust_maize_desease_lab_29567242.jpg,maize_desease,0,0,common_rust,common_rust,0.9054043292999268,0,0,0
clean/gray_leaf_spot/real/gray_leaf_spot_maize_field_real_99518443.jpg,maize_field,2,2,gray_leaf_spot,gray_leaf_spot,0.9122965335845948,2,2,2
clean/fall_armyworm/real/fall_armyworm_maize_africa_real_98607477.jpg,maize_africa,1,1,fall_armyworm,fall_armyworm,0.8752121925354004,1,1,1
clean/gray_leaf_spot/real/gray_leaf_spot_corn_leaf_diseases_classification_roboflow_real_2c3ec493.jpg,corn_leaf_diseases_classification_roboflow,2,2,gray_leaf_spot,gray_leaf_spot,0.9189159870147704,2,2,2
clean/northern_corn_leaf_blight/real/northern_corn_leaf_blight_maize_africa_real_51450957.jpg,maize_africa,6,6,northern_corn_leaf_blight,northern_corn_leaf_blight,0.844934344291687,6,6,6
clean/fall_armyworm/real/fall_armyworm_multi_desease_real_24039288.jpg,multi_desease,1,1,fall_armyworm,fall_armyworm,0.8574663996696472,1,1,1
clean/fall_armyworm/real/fall_armyworm_maize_africa_real_75757553.jpg,maize_africa,1,1,fall_armyworm,fall_armyworm,0.8651904463768005,1,1,1
clean/lethal_necrosis/real/lethal_necrosis_multi_desease_real_90640345.jpeg,multi_desease,4,4,lethal_necrosis,lethal_necrosis,0.8478095531463623,4,4,4
clean/northern_corn_leaf_blight/real/northern_corn_leaf_blight_maize_africa_real_99229994.jpg,maize_africa,6,6,northern_corn_leaf_blight,northern_corn_leaf_blight,0.801224946975708,6,6,6
clean/healthy/real/healthy_maize_desease_v1.1_real_2320.jpg,maize_desease_v1.1,3,3,healthy,healthy,0.819686770439148,3,3,3
clean/gray_leaf_spot/real/gray_leaf_spot_corn_leaf_diseases_classification_roboflow_real_ab400a3f.jpg,corn_leaf_diseases_classification_roboflow,2,2,gray_leaf_spot,gray_leaf_spot,0.8869125247001648,2,2,2
clean/lethal_necrosis/real/lethal_necrosis_multi_desease_real_88286590.jpeg,multi_desease,4,4,lethal_necrosis,lethal_necrosis,0.8476257920265198,4,4,4
clean/northern_corn_leaf_blight/lab/northern_corn_leaf_blight_cropdg_lab_594.jpg,cropdg,6,6,northern_corn_leaf_blight,northern_corn_leaf_blight,0.6896437406539917,6,6,6
clean/fall_armyworm/real/fall_armyworm_maize_africa_real_37627827.jpg,maize_africa,1,1,fall_armyworm,fall_armyworm,0.86275714635849,1,1,1
clean/lethal_necrosis/real/lethal_necrosis_maize_africa_real_15142923.jpg,maize_africa,4,4,lethal_necrosis,lethal_necrosis,0.8414998650550842,4,4,4
clean/northern_corn_leaf_blight/real/northern_corn_leaf_blight_maize_africa_real_77288049.jpg,maize_africa,6,6,northern_corn_leaf_blight,northern_corn_leaf_blight,0.8466217517852783,6,6,6
clean/nitrogen_deficiency/real/nitrogen_deficiency_maize_2_roboflow_real_b7ae9572.jpg,maize_2_roboflow,5,5,nitrogen_deficiency,nitrogen_deficiency,0.5144763588905334,8,5,5
clean/healthy/real/healthy_corn_leaf_roboflow_real_80474109.jpg,corn_leaf_roboflow,3,3,healthy,healthy,0.8208012580871582,3,3,3
clean/northern_corn_leaf_blight/real/northern_corn_leaf_blight_maize_africa_real_90226232.jpg,maize_africa,6,6,northern_corn_leaf_blight,northern_corn_leaf_blight,0.8366960287094116,6,6,6
clean/northern_corn_leaf_blight/real/northern_corn_leaf_blight_maize_africa_real_46691600.jpg,maize_africa,6,6,northern_corn_leaf_blight,northern_corn_leaf_blight,0.8393948674201965,6,6,6
clean/healthy/real/healthy_maize_desease_v1.1_real_137.jpg,maize_desease_v1.1,3,3,healthy,healthy,0.8139848709106445,3,3,3
clean/northern_corn_leaf_blight/real/northern_corn_leaf_blight_maize_desease_real_97153026.jpg,maize_desease,6,6,northern_corn_leaf_blight,northern_corn_leaf_blight,0.8395451307296753,6,6,6
clean/lethal_necrosis/real/lethal_necrosis_maize_africa_real_37389971.jpg,maize_africa,4,4,lethal_necrosis,lethal_necrosis,0.8502557277679443,4,4,4
clean/lethal_necrosis/real/lethal_necrosis_multi_desease_real_54293189.jpeg,multi_desease,4,4,lethal_necrosis,lethal_necrosis,0.8473736643791199,4,4,4
clean/northern_corn_leaf_blight/real/northern_corn_leaf_blight_maize_africa_real_51234242.jpg,maize_africa,6,6,northern_corn_leaf_blight,northern_corn_leaf_blight,0.8397594690322876,6,6,6
clean/lethal_necrosis/real/lethal_necrosis_maize_africa_real_10476856.jpg,maize_africa,4,4,lethal_necrosis,lethal_necrosis,0.5898532271385193,4,4,4
clean/healthy/real/healthy_maize_africa_v1.2_real_331.jpg,maize_africa_v1.2,3,3,healthy,healthy,0.8215444087982178,3,3,3
clean/healthy/real/healthy_maize_desease_v1.1_real_4548.jpg,maize_desease_v1.1,3,3,healthy,healthy,0.8181982040405273,3,3,3
clean/healthy/real/healthy_maize_desease_v1.1_real_705.jpg,maize_desease_v1.1,3,3,healthy,healthy,0.8190069198608398,3,3,3
clean/northern_corn_leaf_blight/real/northern_corn_leaf_blight_maize_africa_real_99917859.jpg,maize_africa,6,6,northern_corn_leaf_blight,northern_corn_leaf_blight,0.839952826499939,6,6,6
clean/healthy/real/healthy_maize_africa_v1_real_274.jpg,maize_africa_v1,3,3,healthy,healthy,0.8308994770050049,3,3,3
clean/northern_corn_leaf_blight/real/northern_corn_leaf_blight_maize_desease_real_26366727.jpg,maize_desease,6,6,northern_corn_leaf_blight,northern_corn_leaf_blight,0.8320395946502686,6,6,6
clean/healthy/real/healthy_maize_desease_v1.1_real_5258.jpg,maize_desease_v1.1,3,3,healthy,healthy,0.8106274008750916,3,3,3
clean/healthy/real/healthy_cropdg_real_345.jpg,cropdg,3,3,healthy,healthy,0.8189684152603149,3,3,3
clean/nitrogen_deficiency/real/nitrogen_deficiency_corn_leaf_roboflow_real_54217086.jpg,corn_leaf_roboflow,5,5,nitrogen_deficiency,nitrogen_deficiency,0.957027018070221,5,5,5
clean/fall_armyworm/real/fall_armyworm_corn_leaf_roboflow_real_97944252.jpg,corn_leaf_roboflow,1,1,fall_armyworm,fall_armyworm,0.8327334523200989,1,1,1
clean/healthy/real/healthy_maize_desease_v1.1_real_1382.jpg,maize_desease_v1.1,3,3,healthy,healthy,0.8156565427780151,3,3,3
clean/nitrogen_deficiency/real/nitrogen_deficiency_corn_leaf_roboflow_real_97125920.jpg,corn_leaf_roboflow,5,5,nitrogen_deficiency,nitrogen_deficiency,0.9307997226715088,5,5,5
clean/common_rust/lab/common_rust_maize_desease_lab_25953964.jpg,maize_desease,0,0,common_rust,common_rust,0.8980212807655334,0,0,0
clean/healthy/real/healthy_maize_desease_v1.1_real_5235.jpg,maize_desease_v1.1,3,3,healthy,healthy,0.8237590193748474,3,3,3
clean/healthy/real/healthy_maize_desease_v1.1_real_1135.jpg,maize_desease_v1.1,3,3,healthy,healthy,0.8176316618919373,3,3,3
clean/healthy/real/healthy_maize_africa_v1.2_real_677.jpg,maize_africa_v1.2,3,3,healthy,healthy,0.7922850847244263,3,3,3
clean/northern_corn_leaf_blight/real/northern_corn_leaf_blight_maize_africa_real_78179612.jpg,maize_africa,6,6,northern_corn_leaf_blight,northern_corn_leaf_blight,0.8390904664993286,6,6,6
clean/potassium_deficiency/real/potassium_deficiency_maize_2_roboflow_real_7ab763be.jpg,maize_2_roboflow,8,8,potassium_deficiency,potassium_deficiency,0.6172369718551636,8,8,5
clean/nitrogen_deficiency/real/nitrogen_deficiency_corn_leaf_roboflow_real_62154571.jpg,corn_leaf_roboflow,5,5,nitrogen_deficiency,nitrogen_deficiency,0.8830487728118896,5,5,5
clean/northern_corn_leaf_blight/real/northern_corn_leaf_blight_maize_desease_real_48829204.jpg,maize_desease,6,6,northern_corn_leaf_blight,northern_corn_leaf_blight,0.8314666152000427,6,6,6
clean/healthy/real/healthy_cropdg_real_521.jpg,cropdg,3,3,healthy,healthy,0.8187422752380371,3,3,3
clean/fall_armyworm/real/fall_armyworm_maize_africa_real_47639014.jpg,maize_africa,1,1,fall_armyworm,fall_armyworm,0.8801076412200928,1,1,1
clean/common_rust/lab/common_rust_maize_desease_lab_98009844.jpg,maize_desease,0,0,common_rust,common_rust,0.9083203673362732,0,0,0
clean/fall_armyworm/real/fall_armyworm_maize_africa_real_96117632.jpg,maize_africa,1,1,fall_armyworm,fall_armyworm,0.8577711582183838,1,1,1
clean/healthy/real/healthy_maize_africa_v1.2_real_1359.jpg,maize_africa_v1.2,3,3,healthy,healthy,0.8170644044876099,3,3,3
clean/gray_leaf_spot/real/gray_leaf_spot_maize_field_real_80317129.jpg,maize_field,2,2,gray_leaf_spot,gray_leaf_spot,0.8975174427032471,2,2,2
clean/healthy/real/healthy_maize_africa_v1_real_305.jpg,maize_africa_v1,3,3,healthy,healthy,0.7662917375564575,3,3,3
clean/northern_corn_leaf_blight/lab/northern_corn_leaf_blight_cropdg_lab_660.jpg,cropdg,6,6,northern_corn_leaf_blight,northern_corn_leaf_blight,0.7391341328620911,6,6,6
clean/fall_armyworm/real/fall_armyworm_maize_africa_real_93927888.jpg,maize_africa,1,1,fall_armyworm,fall_armyworm,0.8557335734367371,1,1,1
clean/fall_armyworm/real/fall_armyworm_maize_africa_real_28654323.jpg,maize_africa,1,1,fall_armyworm,fall_armyworm,0.8576741814613342,1,1,1
clean/lethal_necrosis/real/lethal_necrosis_multi_desease_real_68980684.jpeg,multi_desease,4,4,lethal_necrosis,lethal_necrosis,0.8459916114807129,4,4,4
clean/gray_leaf_spot/real/gray_leaf_spot_corn_leaf_diseases_classification_roboflow_real_7ef04373.jpg,corn_leaf_diseases_classification_roboflow,2,2,gray_leaf_spot,gray_leaf_spot,0.7368361353874207,2,2,2
clean/fall_armyworm/real/fall_armyworm_corn_leaf_roboflow_real_69615917.jpg,corn_leaf_roboflow,1,1,fall_armyworm,fall_armyworm,0.8308141827583313,1,1,1
clean/northern_corn_leaf_blight/real/northern_corn_leaf_blight_maize_africa_real_73250520.jpg,maize_africa,6,6,northern_corn_leaf_blight,northern_corn_leaf_blight,0.8355892896652222,6,6,6
clean/healthy/real/healthy_maize_africa_v1.2_real_1725.jpg,maize_africa_v1.2,3,3,healthy,healthy,0.8208187818527222,3,3,3
clean/healthy/real/healthy_maize_africa_v1.2_real_1388.jpg,maize_africa_v1.2,3,3,healthy,healthy,0.8060824275016785,3,3,3
clean/northern_corn_leaf_blight/real/northern_corn_leaf_blight_maize_africa_real_77395321.jpg,maize_africa,6,6,northern_corn_leaf_blight,northern_corn_leaf_blight,0.8401652574539185,6,6,6
clean/northern_corn_leaf_blight/real/northern_corn_leaf_blight_maize_field_real_34977291.jpg,maize_field,6,6,northern_corn_leaf_blight,northern_corn_leaf_blight,0.7693178653717041,6,6,6
clean/northern_corn_leaf_blight/real/northern_corn_leaf_blight_maize_africa_real_86762746.jpg,maize_africa,6,6,northern_corn_leaf_blight,northern_corn_leaf_blight,0.8273007869720459,6,6,6
clean/fall_armyworm/real/fall_armyworm_maize_africa_real_36563830.jpg,maize_africa,1,3,fall_armyworm,healthy,0.3931334018707275,3,1,3
clean/lethal_necrosis/real/lethal_necrosis_multi_desease_real_75482453.jpeg,multi_desease,4,4,lethal_necrosis,lethal_necrosis,0.8405704498291016,4,4,4
clean/fall_armyworm/real/fall_armyworm_multi_desease_real_13663255.jpg,multi_desease,1,1,fall_armyworm,fall_armyworm,0.8617833852767944,1,1,1
clean/lethal_necrosis/real/lethal_necrosis_multi_desease_real_69648663.jpeg,multi_desease,4,4,lethal_necrosis,lethal_necrosis,0.8384465575218201,4,4,4
clean/healthy/real/healthy_maize_desease_v1.1_real_1842.jpg,maize_desease_v1.1,3,3,healthy,healthy,0.8201037645339966,3,3,3
clean/fall_armyworm/real/fall_armyworm_maize_africa_real_52922770.jpg,maize_africa,1,1,fall_armyworm,fall_armyworm,0.8623704314231873,1,1,1
clean/lethal_necrosis/real/lethal_necrosis_multi_desease_real_81433177.jpeg,multi_desease,4,4,lethal_necrosis,lethal_necrosis,0.8447221517562866,4,4,4
clean/potassium_deficiency/real/potassium_deficiency_maize_2_roboflow_real_e1de599a.jpg,maize_2_roboflow,8,5,potassium_deficiency,nitrogen_deficiency,0.7824851870536804,5,5,5
clean/healthy/real/healthy_maize_desease_v1.1_real_5153.jpg,maize_desease_v1.1,3,3,healthy,healthy,0.8271591663360596,3,3,3
clean/common_rust/lab/common_rust_maize_desease_lab_73784385.jpg,maize_desease,0,0,common_rust,common_rust,0.9026789665222168,0,0,0
clean/northern_corn_leaf_blight/real/northern_corn_leaf_blight_maize_africa_real_37689820.jpg,maize_africa,6,6,northern_corn_leaf_blight,northern_corn_leaf_blight,0.8205111026763916,6,6,6
clean/healthy/real/healthy_maize_desease_v1.1_real_180.jpg,maize_desease_v1.1,3,3,healthy,healthy,0.8147942423820496,3,3,3
clean/healthy/real/healthy_maize_desease_v1.1_real_769.jpg,maize_desease_v1.1,3,3,healthy,healthy,0.8281026482582092,3,3,3
clean/healthy/real/healthy_maize_desease_v1.1_real_4758.jpg,maize_desease_v1.1,3,4,healthy,lethal_necrosis,0.445532739162445,3,4,4
clean/northern_corn_leaf_blight/real/northern_corn_leaf_blight_maize_africa_real_18414332.jpg,maize_africa,6,6,northern_corn_leaf_blight,northern_corn_leaf_blight,0.8194868564605713,6,6,6
clean/common_rust/lab/common_rust_maize_desease_lab_24813203.jpg,maize_desease,0,0,common_rust,common_rust,0.9059141874313354,0,0,0
clean/gray_leaf_spot/real/gray_leaf_spot_corn_leaf_diseases_classification_roboflow_real_0da8cb9d.jpg,corn_leaf_diseases_classification_roboflow,2,2,gray_leaf_spot,gray_leaf_spot,0.9056801199913024,2,2,2
clean/lethal_necrosis/real/lethal_necrosis_maize_africa_real_48734900.jpg,maize_africa,4,4,lethal_necrosis,lethal_necrosis,0.849514365196228,4,4,4
clean/healthy/real/healthy_maize_africa_v1.2_real_715.jpg,maize_africa_v1.2,3,3,healthy,healthy,0.8106788396835327,3,3,3
clean/fall_armyworm/real/fall_armyworm_multi_desease_real_17610087.jpg,multi_desease,1,1,fall_armyworm,fall_armyworm,0.8635739684104919,1,1,1
clean/healthy/real/healthy_maize_desease_v1.1_real_1865.jpg,maize_desease_v1.1,3,3,healthy,healthy,0.7127136588096619,3,3,3
clean/healthy/real/healthy_maize_africa_v1.2_real_1358.jpg,maize_africa_v1.2,3,3,healthy,healthy,0.8258638381958008,3,3,3
clean/northern_corn_leaf_blight/real/northern_corn_leaf_blight_maize_africa_real_26210608.jpg,maize_africa,6,6,northern_corn_leaf_blight,northern_corn_leaf_blight,0.7403901815414429,6,6,6
clean/healthy/real/healthy_cropdg_real_270.jpg,cropdg,3,3,healthy,healthy,0.8138474225997925,3,3,3
clean/potassium_deficiency/real/potassium_deficiency_corn_leaf_roboflow_real_43504347.jpg,corn_leaf_roboflow,8,8,potassium_deficiency,potassium_deficiency,0.779276967048645,8,8,8
clean/healthy/real/healthy_maize_desease_v1.1_real_5107.jpg,maize_desease_v1.1,3,3,healthy,healthy,0.8290338516235352,3,3,3
clean/fall_armyworm/real/fall_armyworm_multi_desease_real_57531403.jpg,multi_desease,1,1,fall_armyworm,fall_armyworm,0.8631656169891357,1,1,1
clean/gray_leaf_spot/real/gray_leaf_spot_maize_field_real_18117736.jpg,maize_field,2,2,gray_leaf_spot,gray_leaf_spot,0.9260908961296082,2,2,2
clean/healthy/real/healthy_maize_desease_v1.1_real_754.jpg,maize_desease_v1.1,3,3,healthy,healthy,0.8272756934165955,3,3,3
clean/fall_armyworm/real/fall_armyworm_maize_africa_real_88135338.jpg,maize_africa,1,1,fall_armyworm,fall_armyworm,0.8432329893112183,1,1,1
clean/fall_armyworm/real/fall_armyworm_maize_africa_real_43094846.jpg,maize_africa,1,1,fall_armyworm,fall_armyworm,0.8526957035064697,1,1,1
clean/healthy/real/healthy_maize_africa_v1.2_real_693.jpg,maize_africa_v1.2,3,3,healthy,healthy,0.8229799866676331,3,3,3
clean/lethal_necrosis/real/lethal_necrosis_multi_desease_real_79777840.jpeg,multi_desease,4,4,lethal_necrosis,lethal_necrosis,0.8471717834472656,4,4,4
clean/healthy/real/healthy_cropdg_real_701.jpg,cropdg,3,3,healthy,healthy,0.8007792234420776,3,3,3
clean/northern_corn_leaf_blight/real/northern_corn_leaf_blight_maize_africa_real_67710261.jpg,maize_africa,6,6,northern_corn_leaf_blight,northern_corn_leaf_blight,0.8405961990356445,6,6,6
clean/northern_corn_leaf_blight/real/northern_corn_leaf_blight_maize_africa_real_19832247.jpg,maize_africa,6,6,northern_corn_leaf_blight,northern_corn_leaf_blight,0.8233529925346375,6,6,6
clean/fall_armyworm/real/fall_armyworm_corn_leaf_roboflow_real_58217874.jpg,corn_leaf_roboflow,1,1,fall_armyworm,fall_armyworm,0.8415846824645996,1,1,1
clean/fall_armyworm/real/fall_armyworm_multi_desease_real_95806178.jpg,multi_desease,1,1,fall_armyworm,fall_armyworm,0.8566781878471375,1,1,1
clean/healthy/real/healthy_maize_desease_v1.1_real_3631.jpg,maize_desease_v1.1,3,3,healthy,healthy,0.820907473564148,3,3,3
clean/fall_armyworm/real/fall_armyworm_multi_desease_real_52106618.jpg,multi_desease,1,1,fall_armyworm,fall_armyworm,0.8475351333618164,1,1,1
clean/fall_armyworm/real/fall_armyworm_maize_africa_real_15500711.jpg,maize_africa,1,1,fall_armyworm,fall_armyworm,0.8180036544799805,1,1,1
clean/fall_armyworm/real/fall_armyworm_maize_africa_real_25126818.jpg,maize_africa,1,1,fall_armyworm,fall_armyworm,0.8609377145767212,1,1,1
clean/lethal_necrosis/real/lethal_necrosis_multi_desease_real_87851229.jpeg,multi_desease,4,4,lethal_necrosis,lethal_necrosis,0.8533718585968018,4,4,4
clean/gray_leaf_spot/real/gray_leaf_spot_corn_leaf_diseases_classification_roboflow_real_d9b3c4c9.jpg,corn_leaf_diseases_classification_roboflow,2,2,gray_leaf_spot,gray_leaf_spot,0.9299556016921996,2,2,2
clean/healthy/real/healthy_cropdg_real_266.jpg,cropdg,3,3,healthy,healthy,0.8240853548049927,3,3,3
clean/northern_corn_leaf_blight/real/northern_corn_leaf_blight_maize_africa_real_18881966.jpg,maize_africa,6,6,northern_corn_leaf_blight,northern_corn_leaf_blight,0.82827228307724,6,6,6
clean/fall_armyworm/real/fall_armyworm_corn_leaf_roboflow_real_87211323.jpg,corn_leaf_roboflow,1,1,fall_armyworm,fall_armyworm,0.8344388008117676,1,1,1
clean/potassium_deficiency/real/potassium_deficiency_maize_2_roboflow_real_5c1c0320.jpg,maize_2_roboflow,8,8,potassium_deficiency,potassium_deficiency,0.9620499014854432,8,8,8
clean/healthy/real/healthy_maize_africa_v1.2_real_642.jpg,maize_africa_v1.2,3,3,healthy,healthy,0.8064103722572327,3,3,3
clean/fall_armyworm/real/fall_armyworm_maize_africa_real_42393689.jpg,maize_africa,1,1,fall_armyworm,fall_armyworm,0.8510538339614868,1,1,1
clean/lethal_necrosis/real/lethal_necrosis_maize_africa_real_79077581.jpg,maize_africa,4,4,lethal_necrosis,lethal_necrosis,0.8407344818115234,4,4,4
clean/northern_corn_leaf_blight/real/northern_corn_leaf_blight_maize_africa_real_58438425.jpg,maize_africa,6,6,northern_corn_leaf_blight,northern_corn_leaf_blight,0.8463559150695801,6,6,6
clean/lethal_necrosis/real/lethal_necrosis_multi_desease_real_16608092.jpeg,multi_desease,4,4,lethal_necrosis,lethal_necrosis,0.8327177166938782,4,4,4
clean/fall_armyworm/real/fall_armyworm_corn_leaf_roboflow_real_81256645.jpg,corn_leaf_roboflow,1,1,fall_armyworm,fall_armyworm,0.859024703502655,1,1,1
clean/northern_corn_leaf_blight/real/northern_corn_leaf_blight_maize_africa_real_24560459.jpg,maize_africa,6,6,northern_corn_leaf_blight,northern_corn_leaf_blight,0.8341718912124634,6,6,6
clean/healthy/real/healthy_maize_desease_v1.1_real_3123.jpg,maize_desease_v1.1,3,3,healthy,healthy,0.8153480291366577,3,3,3
clean/northern_corn_leaf_blight/lab/northern_corn_leaf_blight_cropdg_lab_784.jpg,cropdg,6,6,northern_corn_leaf_blight,northern_corn_leaf_blight,0.8222252130508423,6,6,6
clean/healthy/real/healthy_maize_desease_v1.1_real_2297.jpg,maize_desease_v1.1,3,3,healthy,healthy,0.8159982562065125,3,3,3
clean/lethal_necrosis/real/lethal_necrosis_maize_africa_real_26213128.jpg,maize_africa,4,4,lethal_necrosis,lethal_necrosis,0.8404093384742737,4,4,4
clean/northern_corn_leaf_blight/real/northern_corn_leaf_blight_maize_africa_real_69254912.jpg,maize_africa,6,6,northern_corn_leaf_blight,northern_corn_leaf_blight,0.8329811692237854,6,6,6
clean/lethal_necrosis/real/lethal_necrosis_maize_africa_real_97771612.jpg,maize_africa,4,4,lethal_necrosis,lethal_necrosis,0.7864077687263489,4,4,4
clean/fall_armyworm/real/fall_armyworm_maize_africa_real_22109197.jpg,maize_africa,1,1,fall_armyworm,fall_armyworm,0.8444012999534607,1,1,1
clean/lethal_necrosis/real/lethal_necrosis_maize_africa_real_40653445.jpg,maize_africa,4,4,lethal_necrosis,lethal_necrosis,0.8394958972930908,4,4,4
clean/healthy/real/healthy_corn_leaf_roboflow_real_94549295.jpg,corn_leaf_roboflow,3,3,healthy,healthy,0.7951046228408813,3,3,3
clean/fall_armyworm/real/fall_armyworm_corn_leaf_roboflow_real_63383661.jpg,corn_leaf_roboflow,1,1,fall_armyworm,fall_armyworm,0.8451507687568665,1,1,1
clean/lethal_necrosis/real/lethal_necrosis_multi_desease_real_38639872.jpeg,multi_desease,4,4,lethal_necrosis,lethal_necrosis,0.8277829885482788,4,4,4
clean/healthy/real/healthy_maize_desease_v1.1_real_2472.jpg,maize_desease_v1.1,3,3,healthy,healthy,0.8181281089782715,3,3,3
clean/northern_corn_leaf_blight/real/northern_corn_leaf_blight_maize_africa_real_80305945.jpg,maize_africa,6,6,northern_corn_leaf_blight,northern_corn_leaf_blight,0.8323156237602234,6,6,6
clean/fall_armyworm/real/fall_armyworm_maize_africa_real_75649328.jpg,maize_africa,1,1,fall_armyworm,fall_armyworm,0.8515298366546631,1,1,1
clean/phosphorus_deficiency/real/phosphorus_deficiency_corn_leaf_roboflow_real_20193342.jpg,corn_leaf_roboflow,7,7,phosphorus_deficiency,phosphorus_deficiency,0.9286989569664,7,7,7
clean/fall_armyworm/real/fall_armyworm_multi_desease_real_89263292.jpg,multi_desease,1,1,fall_armyworm,fall_armyworm,0.8603610396385193,1,1,1
clean/lethal_necrosis/real/lethal_necrosis_maize_africa_real_94298547.jpg,maize_africa,4,4,lethal_necrosis,lethal_necrosis,0.8492322564125061,4,4,4
clean/nitrogen_deficiency/real/nitrogen_deficiency_corn_leaf_roboflow_real_31126392.jpg,corn_leaf_roboflow,5,5,nitrogen_deficiency,nitrogen_deficiency,0.8306921720504761,5,5,5
clean/phosphorus_deficiency/real/phosphorus_deficiency_maize_2_roboflow_real_c6e9c408.jpg,maize_2_roboflow,7,7,phosphorus_deficiency,phosphorus_deficiency,0.9356602430343628,7,7,7
clean/common_rust/lab/common_rust_multi_desease_lab_66793064.jpg,multi_desease,0,0,common_rust,common_rust,0.9102914929389954,0,0,0
clean/phosphorus_deficiency/real/phosphorus_deficiency_corn_leaf_roboflow_real_68660002.jpg,corn_leaf_roboflow,7,7,phosphorus_deficiency,phosphorus_deficiency,0.6219127178192139,7,1,7
clean/northern_corn_leaf_blight/real/northern_corn_leaf_blight_corn_leaf_roboflow_real_82887504.jpg,corn_leaf_roboflow,6,6,northern_corn_leaf_blight,northern_corn_leaf_blight,0.8488994836807251,6,6,6
clean/common_rust/lab/common_rust_multi_desease_lab_20462160.jpg,multi_desease,0,0,common_rust,common_rust,0.903595507144928,0,0,0
clean/lethal_necrosis/real/lethal_necrosis_multi_desease_real_73959867.jpeg,multi_desease,4,4,lethal_necrosis,lethal_necrosis,0.810851514339447,4,4,4
clean/northern_corn_leaf_blight/lab/northern_corn_leaf_blight_cropdg_lab_182.jpg,cropdg,6,6,northern_corn_leaf_blight,northern_corn_leaf_blight,0.8141735792160034,6,6,6
clean/fall_armyworm/real/fall_armyworm_multi_desease_real_86338898.jpg,multi_desease,1,1,fall_armyworm,fall_armyworm,0.8630284070968628,1,1,1
clean/phosphorus_deficiency/real/phosphorus_deficiency_maize_nutrient_real_19763829.jpeg,maize_nutrient,7,7,phosphorus_deficiency,phosphorus_deficiency,0.9536324739456176,7,7,7
clean/healthy/real/healthy_maize_desease_v1.1_real_4798.jpg,maize_desease_v1.1,3,3,healthy,healthy,0.8176659345626831,3,3,3
clean/healthy/real/healthy_maize_africa_v1.2_real_1282.jpg,maize_africa_v1.2,3,3,healthy,healthy,0.6517762541770935,3,3,1
clean/northern_corn_leaf_blight/real/northern_corn_leaf_blight_maize_desease_real_31251771.jpg,maize_desease,6,6,northern_corn_leaf_blight,northern_corn_leaf_blight,0.8266949653625488,6,6,6
clean/healthy/real/healthy_maize_africa_v1_real_329.jpg,maize_africa_v1,3,3,healthy,healthy,0.8179827332496643,3,3,3
clean/healthy/real/healthy_maize_desease_v1.1_real_3913.jpg,maize_desease_v1.1,3,3,healthy,healthy,0.8241719007492065,3,3,3
clean/gray_leaf_spot/real/gray_leaf_spot_corn_leaf_diseases_classification_roboflow_real_480c25b7.jpg,corn_leaf_diseases_classification_roboflow,2,2,gray_leaf_spot,gray_leaf_spot,0.8643913865089417,2,2,2
clean/northern_corn_leaf_blight/lab/northern_corn_leaf_blight_cropdg_lab_969.jpg,cropdg,6,6,northern_corn_leaf_blight,northern_corn_leaf_blight,0.8019373416900635,6,6,6
clean/northern_corn_leaf_blight/real/northern_corn_leaf_blight_maize_africa_real_75021405.jpg,maize_africa,6,6,northern_corn_leaf_blight,northern_corn_leaf_blight,0.8359475135803223,6,6,6
clean/gray_leaf_spot/real/gray_leaf_spot_maize_leaf_roboflow_real_cae1c389.jpg,maize_leaf_roboflow,2,2,gray_leaf_spot,gray_leaf_spot,0.9178996086120604,2,2,2
clean/lethal_necrosis/real/lethal_necrosis_maize_africa_real_68202023.jpg,maize_africa,4,4,lethal_necrosis,lethal_necrosis,0.8386105895042419,4,4,4
clean/northern_corn_leaf_blight/real/northern_corn_leaf_blight_maize_desease_real_28287303.jpg,maize_desease,6,6,northern_corn_leaf_blight,northern_corn_leaf_blight,0.834900975227356,6,6,6
clean/northern_corn_leaf_blight/real/northern_corn_leaf_blight_corn_leaf_roboflow_real_54762745.jpg,corn_leaf_roboflow,6,6,northern_corn_leaf_blight,northern_corn_leaf_blight,0.8560866117477417,6,6,6
clean/fall_armyworm/real/fall_armyworm_maize_africa_real_43410751.jpg,maize_africa,1,1,fall_armyworm,fall_armyworm,0.8590074777603149,1,1,1
clean/healthy/real/healthy_maize_africa_v1_real_451.jpg,maize_africa_v1,3,3,healthy,healthy,0.8150935173034668,3,3,3
clean/northern_corn_leaf_blight/real/northern_corn_leaf_blight_maize_africa_real_40223911.jpg,maize_africa,6,6,northern_corn_leaf_blight,northern_corn_leaf_blight,0.8271095156669617,6,6,6
clean/healthy/real/healthy_corn_leaf_roboflow_real_65669946.jpg,corn_leaf_roboflow,3,3,healthy,healthy,0.782325029373169,3,3,3
clean/common_rust/lab/common_rust_multi_desease_lab_49875490.jpg,multi_desease,0,0,common_rust,common_rust,0.9027165174484252,0,0,0
clean/lethal_necrosis/real/lethal_necrosis_maize_africa_real_59935971.jpg,maize_africa,4,4,lethal_necrosis,lethal_necrosis,0.8372478485107422,4,4,4
clean/common_rust/lab/common_rust_multi_desease_lab_33867908.jpg,multi_desease,0,0,common_rust,common_rust,0.9071995615959167,0,0,0
clean/common_rust/lab/common_rust_maize_desease_lab_13519631.jpg,maize_desease,0,0,common_rust,common_rust,0.9153589010238647,0,0,0
clean/phosphorus_deficiency/real/phosphorus_deficiency_corn_leaf_roboflow_real_65848126.jpg,corn_leaf_roboflow,7,7,phosphorus_deficiency,phosphorus_deficiency,0.9630468487739564,7,7,7
clean/northern_corn_leaf_blight/real/northern_corn_leaf_blight_maize_africa_real_62928811.jpg,maize_africa,6,6,northern_corn_leaf_blight,northern_corn_leaf_blight,0.8313854932785034,6,6,6
clean/northern_corn_leaf_blight/real/northern_corn_leaf_blight_maize_africa_real_83250073.jpg,maize_africa,6,6,northern_corn_leaf_blight,northern_corn_leaf_blight,0.8387489318847656,6,6,6
clean/healthy/real/healthy_maize_desease_v1.1_real_3786.jpg,maize_desease_v1.1,3,3,healthy,healthy,0.8134268522262573,3,3,3
clean/healthy/real/healthy_maize_desease_v1.1_real_148.jpg,maize_desease_v1.1,3,3,healthy,healthy,0.8093050718307495,3,3,3
clean/healthy/real/healthy_corn_leaf_roboflow_real_17755919.jpg,corn_leaf_roboflow,3,3,healthy,healthy,0.8099675178527832,3,3,3
clean/healthy/real/healthy_maize_desease_v1.1_real_432.jpg,maize_desease_v1.1,3,3,healthy,healthy,0.8157080411911011,3,3,3
clean/fall_armyworm/real/fall_armyworm_multi_desease_real_48555670.jpg,multi_desease,1,1,fall_armyworm,fall_armyworm,0.8610982894897461,1,1,1
clean/healthy/real/healthy_maize_desease_v1.1_real_2846.jpg,maize_desease_v1.1,3,3,healthy,healthy,0.8285627961158752,3,3,3
clean/fall_armyworm/real/fall_armyworm_multi_desease_real_37586012.jpg,multi_desease,1,1,fall_armyworm,fall_armyworm,0.8594868183135986,1,1,1
clean/lethal_necrosis/real/lethal_necrosis_multi_desease_real_26528907.jpeg,multi_desease,4,4,lethal_necrosis,lethal_necrosis,0.8458377122879028,4,4,4
clean/healthy/real/healthy_maize_africa_v1.2_real_533.jpg,maize_africa_v1.2,3,3,healthy,healthy,0.8227149248123169,3,3,3
clean/healthy/real/healthy_maize_africa_v1_real_5.jpg,maize_africa_v1,3,3,healthy,healthy,0.7794684171676636,3,3,3
clean/lethal_necrosis/real/lethal_necrosis_maize_africa_real_12557785.jpg,maize_africa,4,4,lethal_necrosis,lethal_necrosis,0.8371207118034363,4,4,4
clean/lethal_necrosis/real/lethal_necrosis_maize_africa_real_52876581.jpg,maize_africa,4,4,lethal_necrosis,lethal_necrosis,0.8477243185043335,4,4,4
clean/lethal_necrosis/real/lethal_necrosis_maize_africa_real_98455217.jpg,maize_africa,4,4,lethal_necrosis,lethal_necrosis,0.8498857021331787,4,4,4
clean/fall_armyworm/real/fall_armyworm_maize_africa_real_23961245.jpg,maize_africa,1,1,fall_armyworm,fall_armyworm,0.8351240158081055,1,1,1
clean/healthy/real/healthy_maize_desease_v1.1_real_4707.jpg,maize_desease_v1.1,3,3,healthy,healthy,0.8094208240509033,3,3,3
clean/common_rust/lab/common_rust_multi_desease_lab_49435800.jpg,multi_desease,0,0,common_rust,common_rust,0.9061919450759888,0,0,0
clean/healthy/real/healthy_maize_desease_v1.1_real_3083.jpg,maize_desease_v1.1,3,3,healthy,healthy,0.823323130607605,3,3,3
clean/fall_armyworm/real/fall_armyworm_maize_africa_real_31873886.jpg,maize_africa,1,1,fall_armyworm,fall_armyworm,0.8506667017936707,1,1,1
clean/northern_corn_leaf_blight/real/northern_corn_leaf_blight_maize_desease_real_49712027.jpg,maize_desease,6,6,northern_corn_leaf_blight,northern_corn_leaf_blight,0.8376736640930176,6,6,6
clean/northern_corn_leaf_blight/lab/northern_corn_leaf_blight_cropdg_lab_257.jpg,cropdg,6,6,northern_corn_leaf_blight,northern_corn_leaf_blight,0.8194969892501831,6,6,6
clean/healthy/real/healthy_maize_desease_v1.1_real_3559.jpg,maize_desease_v1.1,3,3,healthy,healthy,0.815473198890686,3,3,3
clean/fall_armyworm/real/fall_armyworm_multi_desease_real_23219574.jpg,multi_desease,1,1,fall_armyworm,fall_armyworm,0.8595117330551147,1,1,1
clean/potassium_deficiency/real/potassium_deficiency_maize_2_roboflow_real_beeae30a.jpg,maize_2_roboflow,8,8,potassium_deficiency,potassium_deficiency,0.9688884019851683,8,8,8
clean/phosphorus_deficiency/real/phosphorus_deficiency_corn_leaf_roboflow_real_70602615.jpg,corn_leaf_roboflow,7,7,phosphorus_deficiency,phosphorus_deficiency,0.7025883793830872,3,7,7
clean/common_rust/lab/common_rust_maize_desease_lab_59895341.jpg,maize_desease,0,0,common_rust,common_rust,0.9086697101593018,0,0,0
clean/healthy/real/healthy_cropdg_real_324.jpg,cropdg,3,3,healthy,healthy,0.8304275870323181,3,3,3
clean/lethal_necrosis/real/lethal_necrosis_maize_africa_real_11356930.jpg,maize_africa,4,4,lethal_necrosis,lethal_necrosis,0.8273422718048096,4,4,4
clean/healthy/real/healthy_maize_africa_v1.2_real_704.jpg,maize_africa_v1.2,3,3,healthy,healthy,0.7931222915649414,3,3,3
clean/nitrogen_deficiency/real/nitrogen_deficiency_corn_leaf_roboflow_real_13925276.jpg,corn_leaf_roboflow,5,5,nitrogen_deficiency,nitrogen_deficiency,0.8837035894393921,5,5,5
clean/northern_corn_leaf_blight/real/northern_corn_leaf_blight_maize_africa_real_38384677.jpg,maize_africa,6,6,northern_corn_leaf_blight,northern_corn_leaf_blight,0.8276833295822144,6,6,6
clean/lethal_necrosis/real/lethal_necrosis_multi_desease_real_37885345.jpeg,multi_desease,4,4,lethal_necrosis,lethal_necrosis,0.8586226105690002,4,4,4
clean/northern_corn_leaf_blight/real/northern_corn_leaf_blight_maize_africa_real_56748351.jpg,maize_africa,6,6,northern_corn_leaf_blight,northern_corn_leaf_blight,0.8340747356414795,6,6,6
clean/northern_corn_leaf_blight/real/northern_corn_leaf_blight_maize_field_real_93018832.jpg,maize_field,6,6,northern_corn_leaf_blight,northern_corn_leaf_blight,0.7167192697525024,6,6,6
clean/phosphorus_deficiency/real/phosphorus_deficiency_corn_leaf_roboflow_real_16893761.jpg,corn_leaf_roboflow,7,7,phosphorus_deficiency,phosphorus_deficiency,0.9266745448112488,7,7,7
clean/potassium_deficiency/real/potassium_deficiency_maize_2_roboflow_real_e084f38c.jpg,maize_2_roboflow,8,8,potassium_deficiency,potassium_deficiency,0.7907100915908813,8,8,7
clean/lethal_necrosis/real/lethal_necrosis_multi_desease_real_28989299.jpeg,multi_desease,4,4,lethal_necrosis,lethal_necrosis,0.8423680067062378,4,4,4
clean/common_rust/lab/common_rust_maize_desease_lab_30573800.jpg,maize_desease,0,0,common_rust,common_rust,0.9078067541122437,0,0,0
clean/common_rust/lab/common_rust_multi_desease_lab_17669594.jpg,multi_desease,0,0,common_rust,common_rust,0.8997132778167725,0,0,0
clean/northern_corn_leaf_blight/lab/northern_corn_leaf_blight_cropdg_lab_104.jpg,cropdg,6,6,northern_corn_leaf_blight,northern_corn_leaf_blight,0.533034086227417,2,6,6
clean/northern_corn_leaf_blight/real/northern_corn_leaf_blight_maize_africa_real_90611318.jpg,maize_africa,6,6,northern_corn_leaf_blight,northern_corn_leaf_blight,0.8284628391265869,6,6,6
clean/nitrogen_deficiency/real/nitrogen_deficiency_maize_deficiency_scanner_roboflow_real_651f4208.jpg,maize_deficiency_scanner_roboflow,5,5,nitrogen_deficiency,nitrogen_deficiency,0.9448388814926147,5,5,5
clean/fall_armyworm/real/fall_armyworm_maize_africa_real_30661830.jpg,maize_africa,1,1,fall_armyworm,fall_armyworm,0.794384777545929,1,1,1
clean/phosphorus_deficiency/real/phosphorus_deficiency_maize_2_roboflow_real_5601a63f.jpg,maize_2_roboflow,7,7,phosphorus_deficiency,phosphorus_deficiency,0.9254110455513,7,7,7
clean/northern_corn_leaf_blight/real/northern_corn_leaf_blight_maize_africa_real_37965077.jpg,maize_africa,6,6,northern_corn_leaf_blight,northern_corn_leaf_blight,0.8207559585571289,6,6,6
clean/fall_armyworm/real/fall_armyworm_corn_leaf_roboflow_real_82650522.jpg,corn_leaf_roboflow,1,1,fall_armyworm,fall_armyworm,0.8449368476867676,1,1,1
clean/healthy/real/healthy_maize_desease_v1.1_real_441.jpg,maize_desease_v1.1,3,3,healthy,healthy,0.8263654708862305,3,3,3
clean/fall_armyworm/real/fall_armyworm_maize_africa_real_17154705.jpg,maize_africa,1,1,fall_armyworm,fall_armyworm,0.8313087224960327,1,1,1
clean/fall_armyworm/real/fall_armyworm_multi_desease_real_31037916.jpg,multi_desease,1,1,fall_armyworm,fall_armyworm,0.8466944694519043,1,1,1
clean/nitrogen_deficiency/real/nitrogen_deficiency_maize_deficiency_scanner_roboflow_real_855f09af.jpg,maize_deficiency_scanner_roboflow,5,5,nitrogen_deficiency,nitrogen_deficiency,0.3557350933551788,8,5,5
clean/gray_leaf_spot/real/gray_leaf_spot_maize_leaf_roboflow_real_0cefd261.jpg,maize_leaf_roboflow,2,2,gray_leaf_spot,gray_leaf_spot,0.9205646514892578,2,2,2
clean/lethal_necrosis/real/lethal_necrosis_multi_desease_real_21251773.jpeg,multi_desease,4,4,lethal_necrosis,lethal_necrosis,0.8488703966140747,4,4,4
clean/nitrogen_deficiency/real/nitrogen_deficiency_maize_2_roboflow_real_9f9f7149.jpg,maize_2_roboflow,5,5,nitrogen_deficiency,nitrogen_deficiency,0.9320768117904664,5,5,5
clean/gray_leaf_spot/real/gray_leaf_spot_corn_leaf_diseases_classification_roboflow_real_5a6de576.jpg,corn_leaf_diseases_classification_roboflow,2,2,gray_leaf_spot,gray_leaf_spot,0.9194815754890442,2,2,2
clean/common_rust/lab/common_rust_maize_desease_lab_51308407.jpg,maize_desease,0,0,common_rust,common_rust,0.9085549116134644,0,0,0
clean/phosphorus_deficiency/real/phosphorus_deficiency_corn_leaf_roboflow_real_74530629.jpg,corn_leaf_roboflow,7,7,phosphorus_deficiency,phosphorus_deficiency,0.9420689940452576,7,7,7
clean/northern_corn_leaf_blight/real/northern_corn_leaf_blight_maize_desease_real_76487347.jpg,maize_desease,6,6,northern_corn_leaf_blight,northern_corn_leaf_blight,0.8315746784210205,6,6,6
clean/fall_armyworm/real/fall_armyworm_maize_africa_real_41528255.jpg,maize_africa,1,1,fall_armyworm,fall_armyworm,0.8526140451431274,1,1,1
clean/fall_armyworm/real/fall_armyworm_maize_africa_real_63268328.jpg,maize_africa,1,1,fall_armyworm,fall_armyworm,0.8564764261245728,1,1,1
clean/fall_armyworm/real/fall_armyworm_corn_leaf_roboflow_real_48495601.jpg,corn_leaf_roboflow,1,1,fall_armyworm,fall_armyworm,0.8493484258651733,1,1,1
clean/common_rust/lab/common_rust_maize_desease_lab_17392153.jpg,maize_desease,0,0,common_rust,common_rust,0.89152592420578,0,0,0
clean/healthy/real/healthy_maize_desease_v1.1_real_5248.jpg,maize_desease_v1.1,3,3,healthy,healthy,0.8209068179130554,3,3,3
clean/healthy/real/healthy_maize_desease_v1.1_real_1845.jpg,maize_desease_v1.1,3,3,healthy,healthy,0.8070648312568665,3,3,3
clean/common_rust/lab/common_rust_multi_desease_lab_68976014.jpg,multi_desease,0,0,common_rust,common_rust,0.9081878662109376,0,0,0
clean/healthy/real/healthy_maize_desease_v1.1_real_674.jpg,maize_desease_v1.1,3,3,healthy,healthy,0.8075144290924072,3,3,3
clean/lethal_necrosis/real/lethal_necrosis_maize_africa_real_12564810.jpg,maize_africa,4,4,lethal_necrosis,lethal_necrosis,0.8304125070571899,4,4,4
clean/northern_corn_leaf_blight/real/northern_corn_leaf_blight_maize_africa_real_63452647.jpg,maize_africa,6,6,northern_corn_leaf_blight,northern_corn_leaf_blight,0.8273621797561646,6,6,6
clean/potassium_deficiency/real/potassium_deficiency_maize_2_roboflow_real_f480a426.jpg,maize_2_roboflow,8,8,potassium_deficiency,potassium_deficiency,0.9606940746307372,8,8,8
clean/northern_corn_leaf_blight/real/northern_corn_leaf_blight_maize_africa_real_22358276.jpg,maize_africa,6,6,northern_corn_leaf_blight,northern_corn_leaf_blight,0.8346555233001709,6,6,6
clean/lethal_necrosis/real/lethal_necrosis_maize_africa_real_91018552.jpg,maize_africa,4,4,lethal_necrosis,lethal_necrosis,0.8378580212593079,4,4,4
clean/northern_corn_leaf_blight/real/northern_corn_leaf_blight_maize_africa_real_47633049.jpg,maize_africa,6,6,northern_corn_leaf_blight,northern_corn_leaf_blight,0.8322917819023132,6,6,6
clean/gray_leaf_spot/real/gray_leaf_spot_maize_field_real_22276738.jpg,maize_field,2,2,gray_leaf_spot,gray_leaf_spot,0.9021892547607422,2,2,2
clean/healthy/real/healthy_maize_desease_v1.1_real_224.jpg,maize_desease_v1.1,3,3,healthy,healthy,0.8270684480667114,3,3,3
clean/northern_corn_leaf_blight/real/northern_corn_leaf_blight_maize_africa_real_23306407.jpg,maize_africa,6,6,northern_corn_leaf_blight,northern_corn_leaf_blight,0.8263422846794128,6,6,6
clean/nitrogen_deficiency/real/nitrogen_deficiency_maize_nutrient_real_80811773.jpeg,maize_nutrient,5,5,nitrogen_deficiency,nitrogen_deficiency,0.5815849900245667,5,5,5
clean/healthy/real/healthy_maize_desease_v1.1_real_2175.jpg,maize_desease_v1.1,3,3,healthy,healthy,0.8271469473838806,3,3,3
clean/lethal_necrosis/real/lethal_necrosis_multi_desease_real_89537665.jpeg,multi_desease,4,4,lethal_necrosis,lethal_necrosis,0.8408411741256714,4,4,4
clean/fall_armyworm/real/fall_armyworm_maize_africa_real_31371906.jpg,maize_africa,1,1,fall_armyworm,fall_armyworm,0.8443467617034912,1,1,1
clean/healthy/real/healthy_maize_desease_v1.1_real_1905.jpg,maize_desease_v1.1,3,3,healthy,healthy,0.818376898765564,3,3,3
clean/healthy/real/healthy_maize_africa_v1.2_real_462.jpg,maize_africa_v1.2,3,3,healthy,healthy,0.8264021873474121,3,3,3
clean/healthy/real/healthy_maize_africa_v1.2_real_1627.jpg,maize_africa_v1.2,3,3,healthy,healthy,0.820174515247345,3,3,3
clean/gray_leaf_spot/lab/gray_leaf_spot_cropdg_lab_63235089.jpg,cropdg,2,2,gray_leaf_spot,gray_leaf_spot,0.9313437342643738,2,2,2
clean/lethal_necrosis/real/lethal_necrosis_multi_desease_real_24231913.jpeg,multi_desease,4,4,lethal_necrosis,lethal_necrosis,0.852444589138031,4,4,4
clean/healthy/real/healthy_maize_desease_v1.1_real_572.jpg,maize_desease_v1.1,3,3,healthy,healthy,0.8126968741416931,3,3,3
clean/northern_corn_leaf_blight/real/northern_corn_leaf_blight_maize_africa_real_75335816.jpg,maize_africa,6,6,northern_corn_leaf_blight,northern_corn_leaf_blight,0.8062769174575806,6,6,6
clean/lethal_necrosis/real/lethal_necrosis_maize_africa_real_54458226.jpg,maize_africa,4,4,lethal_necrosis,lethal_necrosis,0.8363175392150879,4,4,4
clean/northern_corn_leaf_blight/real/northern_corn_leaf_blight_maize_desease_real_71937667.jpg,maize_desease,6,6,northern_corn_leaf_blight,northern_corn_leaf_blight,0.8403220176696777,6,6,6
clean/healthy/real/healthy_maize_africa_v1.2_real_1026.jpg,maize_africa_v1.2,3,3,healthy,healthy,0.8203461170196533,3,3,3
clean/lethal_necrosis/real/lethal_necrosis_multi_desease_real_34401427.jpeg,multi_desease,4,4,lethal_necrosis,lethal_necrosis,0.8442789316177368,4,4,4
clean/healthy/real/healthy_maize_africa_v1_real_294.jpg,maize_africa_v1,3,3,healthy,healthy,0.8127452731132507,3,3,3
clean/gray_leaf_spot/real/gray_leaf_spot_maize_field_real_43670654.jpg,maize_field,2,2,gray_leaf_spot,gray_leaf_spot,0.900364100933075,2,2,2
clean/northern_corn_leaf_blight/real/northern_corn_leaf_blight_maize_africa_real_63771988.jpg,maize_africa,6,6,northern_corn_leaf_blight,northern_corn_leaf_blight,0.8300876617431641,6,6,6
clean/gray_leaf_spot/real/gray_leaf_spot_maize_field_real_18941505.jpg,maize_field,2,2,gray_leaf_spot,gray_leaf_spot,0.9162368774414062,2,2,2
clean/fall_armyworm/real/fall_armyworm_maize_africa_real_90896252.jpg,maize_africa,1,3,fall_armyworm,healthy,0.5455111265182495,3,1,3
clean/northern_corn_leaf_blight/real/northern_corn_leaf_blight_maize_desease_real_22142319.jpg,maize_desease,6,6,northern_corn_leaf_blight,northern_corn_leaf_blight,0.8319511413574219,6,6,6
clean/healthy/real/healthy_maize_africa_v1.2_real_1712.jpg,maize_africa_v1.2,3,3,healthy,healthy,0.8099806308746338,3,3,3
clean/phosphorus_deficiency/real/phosphorus_deficiency_corn_leaf_roboflow_real_82083196.jpg,corn_leaf_roboflow,7,7,phosphorus_deficiency,phosphorus_deficiency,0.9449655413627625,7,7,7
clean/potassium_deficiency/real/potassium_deficiency_maize_nutrient_real_74712899.jpeg,maize_nutrient,8,8,potassium_deficiency,potassium_deficiency,0.8837406635284424,8,8,8
clean/lethal_necrosis/real/lethal_necrosis_multi_desease_real_49235036.jpeg,multi_desease,4,4,lethal_necrosis,lethal_necrosis,0.8363085985183716,4,4,4
clean/healthy/real/healthy_cropdg_real_367.jpg,cropdg,3,3,healthy,healthy,0.8256245851516724,3,3,3
clean/fall_armyworm/real/fall_armyworm_maize_africa_real_13047206.jpg,maize_africa,1,1,fall_armyworm,fall_armyworm,0.8588783740997314,1,1,1
clean/fall_armyworm/real/fall_armyworm_multi_desease_real_43245771.jpg,multi_desease,1,1,fall_armyworm,fall_armyworm,0.8550906181335449,1,1,1
clean/northern_corn_leaf_blight/lab/northern_corn_leaf_blight_cropdg_lab_676.jpg,cropdg,6,6,northern_corn_leaf_blight,northern_corn_leaf_blight,0.8240638971328735,6,6,6
clean/healthy/real/healthy_corn_leaf_roboflow_real_90567612.jpg,corn_leaf_roboflow,3,3,healthy,healthy,0.8112859725952148,3,3,3
clean/healthy/real/healthy_maize_desease_v1.1_real_2830.jpg,maize_desease_v1.1,3,3,healthy,healthy,0.8217615485191345,3,3,3
clean/lethal_necrosis/real/lethal_necrosis_maize_africa_real_49767513.jpg,maize_africa,4,4,lethal_necrosis,lethal_necrosis,0.8558230400085449,4,4,4
clean/fall_armyworm/real/fall_armyworm_maize_africa_real_65096071.jpg,maize_africa,1,1,fall_armyworm,fall_armyworm,0.8683280348777771,1,1,1
clean/potassium_deficiency/real/potassium_deficiency_maize_2_roboflow_real_21026aa5.jpg,maize_2_roboflow,8,8,potassium_deficiency,potassium_deficiency,0.9566676020622252,8,8,8
clean/phosphorus_deficiency/real/phosphorus_deficiency_corn_leaf_roboflow_real_16686873.jpg,corn_leaf_roboflow,7,7,phosphorus_deficiency,phosphorus_deficiency,0.939112663269043,7,7,7
clean/lethal_necrosis/real/lethal_necrosis_maize_africa_real_57507262.jpg,maize_africa,4,4,lethal_necrosis,lethal_necrosis,0.83750981092453,4,4,4
clean/potassium_deficiency/real/potassium_deficiency_maize_2_roboflow_real_35651ee1.jpg,maize_2_roboflow,8,8,potassium_deficiency,potassium_deficiency,0.9548158645629884,8,8,8
clean/healthy/real/healthy_maize_africa_v1.2_real_1319.jpg,maize_africa_v1.2,3,3,healthy,healthy,0.6414191126823425,3,3,1
clean/healthy/real/healthy_cropdg_real_1157.jpg,cropdg,3,3,healthy,healthy,0.8117827773094177,3,3,3
clean/northern_corn_leaf_blight/real/northern_corn_leaf_blight_maize_africa_real_16494866.jpg,maize_africa,6,6,northern_corn_leaf_blight,northern_corn_leaf_blight,0.8342657685279846,6,6,6
clean/northern_corn_leaf_blight/real/northern_corn_leaf_blight_maize_africa_real_59064760.jpg,maize_africa,6,6,northern_corn_leaf_blight,northern_corn_leaf_blight,0.8322302103042603,6,6,6
clean/lethal_necrosis/real/lethal_necrosis_multi_desease_real_42000143.jpeg,multi_desease,4,4,lethal_necrosis,lethal_necrosis,0.8470489382743835,4,4,4
clean/healthy/real/healthy_maize_desease_v1.1_real_2831.jpg,maize_desease_v1.1,3,3,healthy,healthy,0.8131685256958008,3,3,3
clean/fall_armyworm/real/fall_armyworm_maize_africa_real_45474449.jpg,maize_africa,1,1,fall_armyworm,fall_armyworm,0.8554260730743408,1,1,1
clean/fall_armyworm/real/fall_armyworm_maize_africa_real_84371720.jpg,maize_africa,1,1,fall_armyworm,fall_armyworm,0.8528434038162231,1,1,1
clean/common_rust/lab/common_rust_maize_desease_lab_66434689.jpg,maize_desease,0,0,common_rust,common_rust,0.909864068031311,0,0,0
clean/fall_armyworm/real/fall_armyworm_corn_leaf_roboflow_real_33812287.jpg,corn_leaf_roboflow,1,1,fall_armyworm,fall_armyworm,0.8526531457901001,1,1,1
clean/northern_corn_leaf_blight/real/northern_corn_leaf_blight_maize_field_real_31810716.jpg,maize_field,6,6,northern_corn_leaf_blight,northern_corn_leaf_blight,0.7318831086158752,6,6,6
clean/common_rust/lab/common_rust_multi_desease_lab_72311216.jpg,multi_desease,0,0,common_rust,common_rust,0.9037799835205078,0,0,0
clean/healthy/real/healthy_maize_desease_v1.1_real_2751.jpg,maize_desease_v1.1,3,3,healthy,healthy,0.8267301321029663,3,3,3
clean/healthy/real/healthy_maize_desease_v1.1_real_4033.jpg,maize_desease_v1.1,3,3,healthy,healthy,0.8233629465103149,3,3,3
clean/fall_armyworm/real/fall_armyworm_corn_leaf_roboflow_real_86021623.jpg,corn_leaf_roboflow,1,1,fall_armyworm,fall_armyworm,0.8522712588310242,1,1,1
clean/fall_armyworm/real/fall_armyworm_maize_africa_real_40801975.jpg,maize_africa,1,1,fall_armyworm,fall_armyworm,0.8763033747673035,1,1,1
clean/lethal_necrosis/real/lethal_necrosis_maize_africa_real_64798414.jpg,maize_africa,4,4,lethal_necrosis,lethal_necrosis,0.8444644212722778,4,4,4
clean/lethal_necrosis/real/lethal_necrosis_multi_desease_real_62057688.jpeg,multi_desease,4,4,lethal_necrosis,lethal_necrosis,0.8519302606582642,4,4,4
clean/lethal_necrosis/real/lethal_necrosis_multi_desease_real_86671977.jpeg,multi_desease,4,4,lethal_necrosis,lethal_necrosis,0.84941565990448,4,4,4
clean/gray_leaf_spot/real/gray_leaf_spot_maize_field_real_19130125.jpg,maize_field,2,2,gray_leaf_spot,gray_leaf_spot,0.9000177979469299,2,2,2
clean/lethal_necrosis/real/lethal_necrosis_maize_africa_real_36686416.jpg,maize_africa,4,4,lethal_necrosis,lethal_necrosis,0.8415392637252808,4,4,4
clean/northern_corn_leaf_blight/lab/northern_corn_leaf_blight_cropdg_lab_464.jpg,cropdg,6,6,northern_corn_leaf_blight,northern_corn_leaf_blight,0.8238437175750732,6,6,6
clean/northern_corn_leaf_blight/real/northern_corn_leaf_blight_maize_desease_real_30735298.jpg,maize_desease,6,6,northern_corn_leaf_blight,northern_corn_leaf_blight,0.8386602401733398,6,6,6
clean/lethal_necrosis/real/lethal_necrosis_multi_desease_real_55417732.jpeg,multi_desease,4,4,lethal_necrosis,lethal_necrosis,0.8442109823226929,4,4,4
clean/healthy/real/healthy_maize_africa_v1.2_real_1224.jpg,maize_africa_v1.2,3,3,healthy,healthy,0.8116260766983032,3,3,3
clean/healthy/real/healthy_maize_africa_v1.2_real_1302.jpg,maize_africa_v1.2,3,3,healthy,healthy,0.8235480785369873,3,3,3
clean/common_rust/lab/common_rust_multi_desease_lab_40181815.jpg,multi_desease,0,0,common_rust,common_rust,0.910685420036316,0,0,0
clean/fall_armyworm/real/fall_armyworm_corn_leaf_roboflow_real_48681810.jpg,corn_leaf_roboflow,1,1,fall_armyworm,fall_armyworm,0.5800457000732422,1,1,1
clean/common_rust/lab/common_rust_multi_desease_lab_53843602.jpg,multi_desease,0,0,common_rust,common_rust,0.9020985960960388,0,0,0
clean/gray_leaf_spot/real/gray_leaf_spot_corn_leaf_diseases_classification_roboflow_real_58fda700.jpg,corn_leaf_diseases_classification_roboflow,2,2,gray_leaf_spot,gray_leaf_spot,0.9123643040657043,2,2,2
clean/lethal_necrosis/real/lethal_necrosis_maize_africa_real_19031952.jpg,maize_africa,4,4,lethal_necrosis,lethal_necrosis,0.8448984622955322,4,4,4
clean/healthy/real/healthy_maize_africa_v1.2_real_395.jpg,maize_africa_v1.2,3,3,healthy,healthy,0.8119469881057739,3,3,3
clean/healthy/real/healthy_cropdg_real_573.jpg,cropdg,3,3,healthy,healthy,0.8125560879707336,3,3,3
clean/healthy/real/healthy_maize_africa_v1_real_157.jpg,maize_africa_v1,3,3,healthy,healthy,0.8291964530944824,3,3,3
clean/fall_armyworm/real/fall_armyworm_maize_africa_real_60216120.jpg,maize_africa,1,1,fall_armyworm,fall_armyworm,0.8535146713256836,1,1,1
clean/northern_corn_leaf_blight/real/northern_corn_leaf_blight_corn_leaf_roboflow_real_29505371.jpg,corn_leaf_roboflow,6,6,northern_corn_leaf_blight,northern_corn_leaf_blight,0.7830947637557983,6,6,6
clean/northern_corn_leaf_blight/real/northern_corn_leaf_blight_maize_africa_real_44816688.jpg,maize_africa,6,6,northern_corn_leaf_blight,northern_corn_leaf_blight,0.8100342154502869,6,6,6
clean/common_rust/lab/common_rust_maize_desease_lab_96204566.jpg,maize_desease,0,0,common_rust,common_rust,0.8999567627906799,0,0,0
clean/healthy/real/healthy_cropdg_real_431.jpg,cropdg,3,3,healthy,healthy,0.7687001824378967,3,3,3
clean/northern_corn_leaf_blight/lab/northern_corn_leaf_blight_cropdg_lab_713.jpg,cropdg,6,6,northern_corn_leaf_blight,northern_corn_leaf_blight,0.8115872740745544,6,6,6
clean/healthy/real/healthy_maize_desease_v1.1_real_3209.jpg,maize_desease_v1.1,3,3,healthy,healthy,0.8192026019096375,3,3,3
clean/healthy/real/healthy_cropdg_real_1099.jpg,cropdg,3,3,healthy,healthy,0.8099156618118286,3,3,3
clean/common_rust/lab/common_rust_multi_desease_lab_95127248.jpg,multi_desease,0,0,common_rust,common_rust,0.9039536118507384,0,0,0
clean/healthy/real/healthy_cropdg_real_769.jpg,cropdg,3,3,healthy,healthy,0.8179225325584412,3,3,3
clean/nitrogen_deficiency/real/nitrogen_deficiency_corn_leaf_roboflow_real_35767177.jpg,corn_leaf_roboflow,5,5,nitrogen_deficiency,nitrogen_deficiency,0.928491711616516,5,5,5
clean/fall_armyworm/real/fall_armyworm_maize_africa_real_33800903.jpg,maize_africa,1,1,fall_armyworm,fall_armyworm,0.8608001470565796,1,1,1
clean/healthy/real/healthy_maize_africa_v1.2_real_721.jpg,maize_africa_v1.2,3,3,healthy,healthy,0.8168362975120544,3,3,3
clean/phosphorus_deficiency/real/phosphorus_deficiency_maize_deficiency_scanner_roboflow_real_01933ea3.jpg,maize_deficiency_scanner_roboflow,7,7,phosphorus_deficiency,phosphorus_deficiency,0.9361976385116576,7,7,7
clean/lethal_necrosis/real/lethal_necrosis_multi_desease_real_15275111.jpeg,multi_desease,4,4,lethal_necrosis,lethal_necrosis,0.8525924682617188,4,4,4
clean/healthy/real/healthy_maize_desease_v1.1_real_4877.jpg,maize_desease_v1.1,3,3,healthy,healthy,0.8281306028366089,3,3,3
clean/gray_leaf_spot/real/gray_leaf_spot_maize_leaf_roboflow_real_e79e3631.jpg,maize_leaf_roboflow,2,2,gray_leaf_spot,gray_leaf_spot,0.9133776426315308,2,2,2
clean/northern_corn_leaf_blight/real/northern_corn_leaf_blight_maize_africa_real_62850912.jpg,maize_africa,6,6,northern_corn_leaf_blight,northern_corn_leaf_blight,0.8284578919410706,6,6,6
clean/northern_corn_leaf_blight/lab/northern_corn_leaf_blight_cropdg_lab_636.jpg,cropdg,6,6,northern_corn_leaf_blight,northern_corn_leaf_blight,0.8345019817352295,6,6,6
clean/healthy/real/healthy_maize_desease_v1.1_real_1582.jpg,maize_desease_v1.1,3,3,healthy,healthy,0.8184197545051575,3,3,3
clean/healthy/real/healthy_maize_desease_v1.1_real_3885.jpg,maize_desease_v1.1,3,3,healthy,healthy,0.8217126131057739,3,3,3
clean/lethal_necrosis/real/lethal_necrosis_maize_africa_real_96238480.jpg,maize_africa,4,4,lethal_necrosis,lethal_necrosis,0.8462592363357544,4,4,4
clean/gray_leaf_spot/real/gray_leaf_spot_corn_leaf_diseases_classification_roboflow_real_54d0101c.jpg,corn_leaf_diseases_classification_roboflow,2,2,gray_leaf_spot,gray_leaf_spot,0.9216032028198242,2,2,2
clean/northern_corn_leaf_blight/real/northern_corn_leaf_blight_maize_africa_real_48249415.jpg,maize_africa,6,6,northern_corn_leaf_blight,northern_corn_leaf_blight,0.8332555294036865,6,6,6
clean/healthy/real/healthy_cropdg_real_140.jpg,cropdg,3,3,healthy,healthy,0.8192325234413147,3,3,3
clean/healthy/real/healthy_maize_africa_v1_real_197.jpg,maize_africa_v1,3,3,healthy,healthy,0.8425784111022949,3,3,3
clean/fall_armyworm/real/fall_armyworm_multi_desease_real_17826770.jpg,multi_desease,1,1,fall_armyworm,fall_armyworm,0.8637276887893677,1,1,1
clean/lethal_necrosis/real/lethal_necrosis_maize_africa_real_15149353.jpg,maize_africa,4,4,lethal_necrosis,lethal_necrosis,0.8542689085006714,4,4,4
clean/lethal_necrosis/real/lethal_necrosis_maize_africa_real_19628528.jpg,maize_africa,4,4,lethal_necrosis,lethal_necrosis,0.8430944085121155,4,4,4
clean/fall_armyworm/real/fall_armyworm_corn_leaf_roboflow_real_99078169.jpg,corn_leaf_roboflow,1,1,fall_armyworm,fall_armyworm,0.8589257001876831,1,1,1
clean/northern_corn_leaf_blight/real/northern_corn_leaf_blight_maize_africa_real_26885769.jpg,maize_africa,6,6,northern_corn_leaf_blight,northern_corn_leaf_blight,0.8332311511039734,6,6,6
clean/healthy/real/healthy_cropdg_real_1001.jpg,cropdg,3,3,healthy,healthy,0.7985091209411621,3,3,3
clean/northern_corn_leaf_blight/real/northern_corn_leaf_blight_maize_africa_real_29676373.jpg,maize_africa,6,6,northern_corn_leaf_blight,northern_corn_leaf_blight,0.8334833979606628,6,6,6
clean/fall_armyworm/real/fall_armyworm_maize_africa_real_97167604.jpg,maize_africa,1,1,fall_armyworm,fall_armyworm,0.8507950305938721,1,1,1
clean/common_rust/lab/common_rust_maize_desease_lab_15476407.jpg,maize_desease,0,0,common_rust,common_rust,0.9029316902160645,0,0,0
clean/healthy/real/healthy_maize_africa_v1.2_real_1218.jpg,maize_africa_v1.2,3,3,healthy,healthy,0.8301885724067688,3,3,3
clean/healthy/real/healthy_cropdg_real_812.jpg,cropdg,3,3,healthy,healthy,0.8116089105606079,3,3,3
clean/common_rust/lab/common_rust_maize_desease_lab_91231117.jpg,maize_desease,0,0,common_rust,common_rust,0.8882664442062378,0,0,0
clean/healthy/real/healthy_cropdg_real_889.jpg,cropdg,3,3,healthy,healthy,0.8137926459312439,3,3,3
clean/lethal_necrosis/real/lethal_necrosis_multi_desease_real_64584207.jpeg,multi_desease,4,4,lethal_necrosis,lethal_necrosis,0.8422280550003052,4,4,4
clean/lethal_necrosis/real/lethal_necrosis_multi_desease_real_71899401.jpeg,multi_desease,4,4,lethal_necrosis,lethal_necrosis,0.8466490507125854,4,4,4
clean/nitrogen_deficiency/real/nitrogen_deficiency_corn_leaf_roboflow_real_57106181.jpg,corn_leaf_roboflow,5,5,nitrogen_deficiency,nitrogen_deficiency,0.9521692991256714,5,5,5
clean/fall_armyworm/real/fall_armyworm_maize_africa_real_59277981.jpg,maize_africa,1,1,fall_armyworm,fall_armyworm,0.8561198711395264,1,1,1
clean/healthy/real/healthy_maize_desease_v1.1_real_1966.jpg,maize_desease_v1.1,3,3,healthy,healthy,0.8199540376663208,3,3,3
clean/potassium_deficiency/real/potassium_deficiency_maize_2_roboflow_real_71434a14.jpg,maize_2_roboflow,8,8,potassium_deficiency,potassium_deficiency,0.9555535316467284,8,8,8
clean/northern_corn_leaf_blight/real/northern_corn_leaf_blight_maize_africa_real_70043461.jpg,maize_africa,6,6,northern_corn_leaf_blight,northern_corn_leaf_blight,0.8459705114364624,6,6,6
clean/lethal_necrosis/real/lethal_necrosis_multi_desease_real_18605582.jpeg,multi_desease,4,4,lethal_necrosis,lethal_necrosis,0.8454644680023193,4,4,4
clean/fall_armyworm/real/fall_armyworm_maize_africa_real_90675135.jpg,maize_africa,1,1,fall_armyworm,fall_armyworm,0.8367781639099121,1,1,1
clean/gray_leaf_spot/real/gray_leaf_spot_maize_leaf_roboflow_real_4b0f49b8.jpg,maize_leaf_roboflow,2,2,gray_leaf_spot,gray_leaf_spot,0.91399484872818,2,2,2
clean/northern_corn_leaf_blight/real/northern_corn_leaf_blight_maize_africa_real_82478335.jpg,maize_africa,6,6,northern_corn_leaf_blight,northern_corn_leaf_blight,0.827678918838501,6,6,6
clean/healthy/real/healthy_cropdg_real_1122.jpg,cropdg,3,3,healthy,healthy,0.8239526748657227,3,3,3
clean/northern_corn_leaf_blight/real/northern_corn_leaf_blight_maize_desease_real_40787652.jpg,maize_desease,6,6,northern_corn_leaf_blight,northern_corn_leaf_blight,0.8281635046005249,6,6,6
clean/healthy/real/healthy_maize_desease_v1.1_real_2271.jpg,maize_desease_v1.1,3,3,healthy,healthy,0.8100818395614624,3,3,3
clean/potassium_deficiency/real/potassium_deficiency_maize_2_roboflow_real_4c8dab0c.jpg,maize_2_roboflow,8,8,potassium_deficiency,potassium_deficiency,0.5714892745018005,8,8,5
clean/gray_leaf_spot/real/gray_leaf_spot_corn_leaf_diseases_classification_roboflow_real_16d83c8f.jpg,corn_leaf_diseases_classification_roboflow,2,2,gray_leaf_spot,gray_leaf_spot,0.928313970565796,2,2,2
clean/gray_leaf_spot/lab/gray_leaf_spot_cropdg_lab_86753908.jpg,cropdg,2,6,gray_leaf_spot,northern_corn_leaf_blight,0.4631891846656799,2,6,6
clean/fall_armyworm/real/fall_armyworm_multi_desease_real_30702634.jpg,multi_desease,1,1,fall_armyworm,fall_armyworm,0.8584064245223999,1,1,1
clean/healthy/real/healthy_maize_desease_v1.1_real_2917.jpg,maize_desease_v1.1,3,3,healthy,healthy,0.8192107081413269,3,3,3
clean/potassium_deficiency/real/potassium_deficiency_corn_leaf_roboflow_real_30802443.jpg,corn_leaf_roboflow,8,5,potassium_deficiency,nitrogen_deficiency,0.5837013721466064,8,5,5
clean/healthy/real/healthy_maize_nutrient_real_64.jpeg,maize_nutrient,3,3,healthy,healthy,0.7108052968978882,3,3,3
clean/fall_armyworm/real/fall_armyworm_multi_desease_real_19336958.jpg,multi_desease,1,1,fall_armyworm,fall_armyworm,0.6962075233459473,1,1,1
clean/lethal_necrosis/real/lethal_necrosis_multi_desease_real_33543071.jpeg,multi_desease,4,4,lethal_necrosis,lethal_necrosis,0.8432077765464783,4,4,4
clean/healthy/real/healthy_maize_desease_v1.1_real_2825.jpg,maize_desease_v1.1,3,3,healthy,healthy,0.8231909275054932,3,3,3
clean/fall_armyworm/real/fall_armyworm_corn_leaf_roboflow_real_33260510.jpg,corn_leaf_roboflow,1,1,fall_armyworm,fall_armyworm,0.8585792183876038,1,1,1
clean/healthy/real/healthy_maize_africa_v1.2_real_711.jpg,maize_africa_v1.2,3,3,healthy,healthy,0.8076263666152954,3,3,3
clean/fall_armyworm/real/fall_armyworm_maize_africa_real_33915835.jpg,maize_africa,1,1,fall_armyworm,fall_armyworm,0.8525143265724182,1,1,1
clean/lethal_necrosis/real/lethal_necrosis_multi_desease_real_89983759.jpeg,multi_desease,4,4,lethal_necrosis,lethal_necrosis,0.8366153240203857,4,4,4
clean/healthy/real/healthy_cropdg_real_1073.jpg,cropdg,3,3,healthy,healthy,0.8080716729164124,3,3,3
clean/lethal_necrosis/real/lethal_necrosis_maize_africa_real_97942665.jpg,maize_africa,4,4,lethal_necrosis,lethal_necrosis,0.8432376980781555,4,4,4
clean/healthy/real/healthy_corn_leaf_roboflow_real_30625592.jpg,corn_leaf_roboflow,3,3,healthy,healthy,0.8094469308853149,3,3,3
clean/healthy/real/healthy_corn_leaf_roboflow_real_31194616.jpg,corn_leaf_roboflow,3,3,healthy,healthy,0.8100525140762329,3,3,3
clean/northern_corn_leaf_blight/real/northern_corn_leaf_blight_maize_desease_real_14661546.jpg,maize_desease,6,6,northern_corn_leaf_blight,northern_corn_leaf_blight,0.8372943997383118,6,6,6
clean/healthy/real/healthy_maize_desease_v1.1_real_1485.jpg,maize_desease_v1.1,3,3,healthy,healthy,0.8222675919532776,3,3,3
clean/northern_corn_leaf_blight/lab/northern_corn_leaf_blight_cropdg_lab_391.jpg,cropdg,6,6,northern_corn_leaf_blight,northern_corn_leaf_blight,0.8293588161468506,6,6,6
clean/lethal_necrosis/real/lethal_necrosis_maize_africa_real_60903571.jpg,maize_africa,4,4,lethal_necrosis,lethal_necrosis,0.8441163897514343,4,4,4
clean/fall_armyworm/real/fall_armyworm_multi_desease_real_29107930.jpg,multi_desease,1,1,fall_armyworm,fall_armyworm,0.8499805927276611,1,1,1
clean/gray_leaf_spot/real/gray_leaf_spot_maize_field_real_69733089.jpg,maize_field,2,2,gray_leaf_spot,gray_leaf_spot,0.9230819940567015,2,2,2
clean/common_rust/lab/common_rust_multi_desease_lab_95686674.jpg,multi_desease,0,0,common_rust,common_rust,0.9034491777420044,0,0,0
clean/healthy/real/healthy_maize_desease_v1.1_real_5227.jpg,maize_desease_v1.1,3,3,healthy,healthy,0.8287736773490906,3,3,3
clean/northern_corn_leaf_blight/real/northern_corn_leaf_blight_maize_africa_real_63827822.jpg,maize_africa,6,6,northern_corn_leaf_blight,northern_corn_leaf_blight,0.8227810859680176,6,6,6
clean/northern_corn_leaf_blight/real/northern_corn_leaf_blight_corn_leaf_roboflow_real_67403781.jpg,corn_leaf_roboflow,6,1,northern_corn_leaf_blight,fall_armyworm,0.6091235280036926,1,1,6
clean/phosphorus_deficiency/real/phosphorus_deficiency_maize_2_roboflow_real_de141857.jpg,maize_2_roboflow,7,7,phosphorus_deficiency,phosphorus_deficiency,0.7649695873260498,7,7,5
clean/healthy/real/healthy_corn_leaf_roboflow_real_16191649.jpg,corn_leaf_roboflow,3,3,healthy,healthy,0.82622230052948,3,3,3
clean/common_rust/lab/common_rust_multi_desease_lab_50379063.jpg,multi_desease,0,0,common_rust,common_rust,0.9063414335250854,0,0,0
clean/lethal_necrosis/real/lethal_necrosis_multi_desease_real_93431529.jpeg,multi_desease,4,4,lethal_necrosis,lethal_necrosis,0.837019681930542,4,4,4
clean/gray_leaf_spot/lab/gray_leaf_spot_cropdg_lab_46073172.jpg,cropdg,2,6,gray_leaf_spot,northern_corn_leaf_blight,0.7759236693382263,6,6,6
clean/lethal_necrosis/real/lethal_necrosis_maize_africa_real_63692089.jpg,maize_africa,4,4,lethal_necrosis,lethal_necrosis,0.8450549244880676,4,4,4
clean/healthy/real/healthy_cropdg_real_1063.jpg,cropdg,3,3,healthy,healthy,0.8239066004753113,3,3,3
clean/lethal_necrosis/real/lethal_necrosis_maize_africa_real_84055231.jpg,maize_africa,4,4,lethal_necrosis,lethal_necrosis,0.8361230492591858,4,4,4
clean/northern_corn_leaf_blight/real/northern_corn_leaf_blight_maize_africa_real_15618585.jpg,maize_africa,6,6,northern_corn_leaf_blight,northern_corn_leaf_blight,0.8225914239883423,6,6,6
clean/healthy/real/healthy_maize_desease_v1.1_real_4927.jpg,maize_desease_v1.1,3,3,healthy,healthy,0.8162833452224731,3,3,3
clean/northern_corn_leaf_blight/real/northern_corn_leaf_blight_maize_africa_real_92857273.jpg,maize_africa,6,6,northern_corn_leaf_blight,northern_corn_leaf_blight,0.8323289155960083,6,6,6
clean/healthy/real/healthy_maize_desease_v1.1_real_4131.jpg,maize_desease_v1.1,3,3,healthy,healthy,0.8186148405075073,3,3,3
clean/fall_armyworm/real/fall_armyworm_maize_africa_real_33877159.jpg,maize_africa,1,1,fall_armyworm,fall_armyworm,0.8584426045417786,1,1,1
clean/northern_corn_leaf_blight/real/northern_corn_leaf_blight_maize_africa_real_39005342.jpg,maize_africa,6,6,northern_corn_leaf_blight,northern_corn_leaf_blight,0.8253326416015625,6,6,6
clean/lethal_necrosis/real/lethal_necrosis_maize_africa_real_48673807.jpg,maize_africa,4,4,lethal_necrosis,lethal_necrosis,0.8516880869865417,4,4,4
clean/lethal_necrosis/real/lethal_necrosis_maize_africa_real_19760699.jpg,maize_africa,4,4,lethal_necrosis,lethal_necrosis,0.8446478247642517,4,4,4
clean/healthy/real/healthy_maize_desease_v1.1_real_1859.jpg,maize_desease_v1.1,3,3,healthy,healthy,0.8231813907623291,3,3,3
clean/northern_corn_leaf_blight/real/northern_corn_leaf_blight_maize_africa_real_37377285.jpg,maize_africa,6,6,northern_corn_leaf_blight,northern_corn_leaf_blight,0.825198769569397,6,6,6
clean/healthy/real/healthy_maize_desease_v1.1_real_5326.jpg,maize_desease_v1.1,3,3,healthy,healthy,0.8153047561645508,3,3,3
clean/lethal_necrosis/real/lethal_necrosis_maize_africa_real_36477395.jpg,maize_africa,4,4,lethal_necrosis,lethal_necrosis,0.8284966349601746,4,4,4
clean/lethal_necrosis/real/lethal_necrosis_maize_africa_real_85338012.jpg,maize_africa,4,4,lethal_necrosis,lethal_necrosis,0.8475318551063538,4,4,4
clean/northern_corn_leaf_blight/real/northern_corn_leaf_blight_maize_desease_real_39343837.jpg,maize_desease,6,6,northern_corn_leaf_blight,northern_corn_leaf_blight,0.8265911936759949,6,6,6
clean/fall_armyworm/real/fall_armyworm_multi_desease_real_49258863.jpg,multi_desease,1,1,fall_armyworm,fall_armyworm,0.8652973771095276,1,1,1
clean/healthy/real/healthy_maize_desease_v1.1_real_1055.jpg,maize_desease_v1.1,3,3,healthy,healthy,0.8233287334442139,3,3,3
clean/gray_leaf_spot/real/gray_leaf_spot_corn_leaf_diseases_classification_roboflow_real_4fbf4674.jpg,corn_leaf_diseases_classification_roboflow,2,2,gray_leaf_spot,gray_leaf_spot,0.9348958134651184,2,2,2
clean/healthy/real/healthy_maize_desease_v1.1_real_4384.jpg,maize_desease_v1.1,3,3,healthy,healthy,0.8120356798171997,3,3,3
clean/common_rust/lab/common_rust_maize_desease_lab_22076958.jpg,maize_desease,0,0,common_rust,common_rust,0.9093132019042968,0,0,0
clean/healthy/real/healthy_maize_desease_v1.1_real_3125.jpg,maize_desease_v1.1,3,3,healthy,healthy,0.8277032375335693,3,3,3
clean/lethal_necrosis/real/lethal_necrosis_multi_desease_real_89619201.jpeg,multi_desease,4,4,lethal_necrosis,lethal_necrosis,0.8430427312850952,4,4,4
clean/nitrogen_deficiency/real/nitrogen_deficiency_maize_2_roboflow_real_64f8399f.jpg,maize_2_roboflow,5,5,nitrogen_deficiency,nitrogen_deficiency,0.9317200183868408,5,5,5
clean/healthy/real/healthy_cropdg_real_366.jpg,cropdg,3,3,healthy,healthy,0.8321852684020996,3,3,3
clean/healthy/real/healthy_maize_desease_v1.1_real_2439.jpg,maize_desease_v1.1,3,3,healthy,healthy,0.8208800554275513,3,3,3
clean/common_rust/lab/common_rust_maize_desease_lab_95346329.jpg,maize_desease,0,0,common_rust,common_rust,0.9105715751647948,0,0,0
clean/healthy/real/healthy_maize_desease_v1.1_real_979.jpg,maize_desease_v1.1,3,3,healthy,healthy,0.8292706608772278,3,3,3
clean/healthy/real/healthy_maize_desease_v1.1_real_4134.jpg,maize_desease_v1.1,3,3,healthy,healthy,0.8203960657119751,3,3,3
clean/common_rust/lab/common_rust_multi_desease_lab_33287005.jpg,multi_desease,0,0,common_rust,common_rust,0.9088212251663208,0,0,0
clean/lethal_necrosis/real/lethal_necrosis_multi_desease_real_22155636.jpeg,multi_desease,4,4,lethal_necrosis,lethal_necrosis,0.8383102416992188,4,4,4
clean/nitrogen_deficiency/real/nitrogen_deficiency_maize_2_roboflow_real_78d7c341.jpg,maize_2_roboflow,5,5,nitrogen_deficiency,nitrogen_deficiency,0.7181001305580139,5,5,8
clean/gray_leaf_spot/real/gray_leaf_spot_maize_leaf_roboflow_real_3fe779ec.jpg,maize_leaf_roboflow,2,2,gray_leaf_spot,gray_leaf_spot,0.8134046792984009,2,2,2
clean/northern_corn_leaf_blight/lab/northern_corn_leaf_blight_cropdg_lab_548.jpg,cropdg,6,6,northern_corn_leaf_blight,northern_corn_leaf_blight,0.8289741277694702,6,6,6
clean/lethal_necrosis/real/lethal_necrosis_multi_desease_real_48355531.jpeg,multi_desease,4,4,lethal_necrosis,lethal_necrosis,0.8401743173599243,4,4,4
clean/fall_armyworm/real/fall_armyworm_multi_desease_real_51172275.jpg,multi_desease,1,1,fall_armyworm,fall_armyworm,0.8611419200897217,1,1,1
clean/healthy/real/healthy_maize_africa_v1.2_real_490.jpg,maize_africa_v1.2,3,3,healthy,healthy,0.8175365328788757,3,3,3
clean/healthy/real/healthy_maize_desease_v1.1_real_3434.jpg,maize_desease_v1.1,3,3,healthy,healthy,0.8202705383300781,3,3,3
clean/healthy/real/healthy_maize_africa_v1.2_real_736.jpg,maize_africa_v1.2,3,3,healthy,healthy,0.821629524230957,3,3,3
clean/lethal_necrosis/real/lethal_necrosis_maize_africa_real_62714862.jpg,maize_africa,4,4,lethal_necrosis,lethal_necrosis,0.8513122797012329,4,4,4
clean/gray_leaf_spot/lab/gray_leaf_spot_cropdg_lab_59786444.jpg,cropdg,2,6,gray_leaf_spot,northern_corn_leaf_blight,0.830681562423706,6,6,6
clean/lethal_necrosis/real/lethal_necrosis_multi_desease_real_46996206.jpeg,multi_desease,4,4,lethal_necrosis,lethal_necrosis,0.8406682014465332,4,4,4
clean/lethal_necrosis/real/lethal_necrosis_multi_desease_real_81649875.jpeg,multi_desease,4,4,lethal_necrosis,lethal_necrosis,0.8381228446960449,4,4,4
clean/healthy/real/healthy_maize_desease_v1.1_real_1096.jpg,maize_desease_v1.1,3,3,healthy,healthy,0.8079689741134644,3,3,3
clean/common_rust/lab/common_rust_maize_desease_lab_13487886.jpg,maize_desease,0,0,common_rust,common_rust,0.905519962310791,0,0,0
clean/northern_corn_leaf_blight/real/northern_corn_leaf_blight_maize_africa_real_30851060.jpg,maize_africa,6,6,northern_corn_leaf_blight,northern_corn_leaf_blight,0.8260477781295776,6,6,6
clean/northern_corn_leaf_blight/real/northern_corn_leaf_blight_maize_desease_real_13750977.jpg,maize_desease,6,6,northern_corn_leaf_blight,northern_corn_leaf_blight,0.8403100967407227,6,6,6
clean/northern_corn_leaf_blight/real/northern_corn_leaf_blight_maize_africa_real_11246361.jpg,maize_africa,6,6,northern_corn_leaf_blight,northern_corn_leaf_blight,0.826379656791687,6,6,6
clean/healthy/real/healthy_cropdg_real_66.jpg,cropdg,3,3,healthy,healthy,0.8215371370315552,3,3,3
clean/lethal_necrosis/real/lethal_necrosis_multi_desease_real_23660240.jpeg,multi_desease,4,4,lethal_necrosis,lethal_necrosis,0.8397319912910461,4,4,4
clean/northern_corn_leaf_blight/real/northern_corn_leaf_blight_maize_africa_real_42285431.jpg,maize_africa,6,6,northern_corn_leaf_blight,northern_corn_leaf_blight,0.8339938521385193,6,6,6
clean/healthy/real/healthy_maize_desease_v1.1_real_394.jpg,maize_desease_v1.1,3,3,healthy,healthy,0.8268153071403503,3,3,3
clean/fall_armyworm/real/fall_armyworm_maize_africa_real_38189813.jpg,maize_africa,1,1,fall_armyworm,fall_armyworm,0.8526518940925598,1,1,1
clean/gray_leaf_spot/real/gray_leaf_spot_maize_field_real_78320109.jpg,maize_field,2,2,gray_leaf_spot,gray_leaf_spot,0.9173898696899414,2,2,2
clean/healthy/real/healthy_corn_leaf_roboflow_real_22622887.jpg,corn_leaf_roboflow,3,3,healthy,healthy,0.8171838521957397,3,3,3
clean/fall_armyworm/real/fall_armyworm_maize_africa_real_37540683.jpg,maize_africa,1,1,fall_armyworm,fall_armyworm,0.8621680736541748,1,1,1
clean/healthy/real/healthy_maize_desease_v1.1_real_1316.jpg,maize_desease_v1.1,3,3,healthy,healthy,0.817296028137207,3,3,3
clean/northern_corn_leaf_blight/real/northern_corn_leaf_blight_maize_africa_real_86894999.jpg,maize_africa,6,6,northern_corn_leaf_blight,northern_corn_leaf_blight,0.8368788361549377,6,6,6
clean/lethal_necrosis/real/lethal_necrosis_multi_desease_real_28328524.jpeg,multi_desease,4,4,lethal_necrosis,lethal_necrosis,0.8520103096961975,4,4,4
clean/common_rust/lab/common_rust_multi_desease_lab_64974839.jpg,multi_desease,0,0,common_rust,common_rust,0.8950424194335938,0,0,0
clean/gray_leaf_spot/real/gray_leaf_spot_corn_leaf_diseases_classification_roboflow_real_28346a35.jpg,corn_leaf_diseases_classification_roboflow,2,2,gray_leaf_spot,gray_leaf_spot,0.9048279523849488,2,2,2
clean/healthy/real/healthy_cropdg_real_996.jpg,cropdg,3,3,healthy,healthy,0.8218017816543579,3,3,3
clean/phosphorus_deficiency/real/phosphorus_deficiency_corn_leaf_roboflow_real_17571811.jpg,corn_leaf_roboflow,7,7,phosphorus_deficiency,phosphorus_deficiency,0.9454967975616456,7,7,7
clean/northern_corn_leaf_blight/lab/northern_corn_leaf_blight_cropdg_lab_353.jpg,cropdg,6,6,northern_corn_leaf_blight,northern_corn_leaf_blight,0.8236901164054871,6,6,6
clean/fall_armyworm/real/fall_armyworm_maize_africa_real_19721445.jpg,maize_africa,1,1,fall_armyworm,fall_armyworm,0.8670303821563721,1,1,1
clean/lethal_necrosis/real/lethal_necrosis_maize_africa_real_52927474.jpg,maize_africa,4,4,lethal_necrosis,lethal_necrosis,0.8412164449691772,4,4,4
clean/lethal_necrosis/real/lethal_necrosis_multi_desease_real_99723584.jpeg,multi_desease,4,4,lethal_necrosis,lethal_necrosis,0.8363279104232788,4,4,4
clean/northern_corn_leaf_blight/real/northern_corn_leaf_blight_maize_field_real_79320170.jpg,maize_field,6,6,northern_corn_leaf_blight,northern_corn_leaf_blight,0.7326635122299194,6,6,6
clean/lethal_necrosis/real/lethal_necrosis_multi_desease_real_23622489.jpeg,multi_desease,4,4,lethal_necrosis,lethal_necrosis,0.8396930694580078,4,4,4
clean/healthy/real/healthy_maize_africa_v1.2_real_549.jpg,maize_africa_v1.2,3,3,healthy,healthy,0.8185728788375854,3,3,3
clean/lethal_necrosis/real/lethal_necrosis_multi_desease_real_65412056.jpeg,multi_desease,4,4,lethal_necrosis,lethal_necrosis,0.8326595425605774,4,4,4
clean/northern_corn_leaf_blight/real/northern_corn_leaf_blight_maize_africa_real_81001712.jpg,maize_africa,6,6,northern_corn_leaf_blight,northern_corn_leaf_blight,0.8299210071563721,6,6,6
clean/phosphorus_deficiency/real/phosphorus_deficiency_maize_2_roboflow_real_19918ec0.jpg,maize_2_roboflow,7,7,phosphorus_deficiency,phosphorus_deficiency,0.8632315993309021,7,7,7
clean/healthy/real/healthy_maize_desease_v1.1_real_182.jpg,maize_desease_v1.1,3,3,healthy,healthy,0.8149889707565308,3,3,3
clean/fall_armyworm/real/fall_armyworm_maize_africa_real_31559411.jpg,maize_africa,1,1,fall_armyworm,fall_armyworm,0.7464151382446289,1,1,1
clean/fall_armyworm/real/fall_armyworm_maize_africa_real_48284878.jpg,maize_africa,1,1,fall_armyworm,fall_armyworm,0.8593253493309021,1,1,1
clean/healthy/real/healthy_maize_desease_v1.1_real_917.jpg,maize_desease_v1.1,3,3,healthy,healthy,0.8110020756721497,3,3,3
clean/gray_leaf_spot/real/gray_leaf_spot_corn_leaf_diseases_classification_roboflow_real_953d1d0c.jpg,corn_leaf_diseases_classification_roboflow,2,2,gray_leaf_spot,gray_leaf_spot,0.9293230772018432,2,2,2
clean/phosphorus_deficiency/real/phosphorus_deficiency_corn_leaf_roboflow_real_90879181.jpg,corn_leaf_roboflow,7,7,phosphorus_deficiency,phosphorus_deficiency,0.9306057691574096,7,7,7
clean/northern_corn_leaf_blight/real/northern_corn_leaf_blight_maize_desease_real_59576543.jpg,maize_desease,6,6,northern_corn_leaf_blight,northern_corn_leaf_blight,0.8176349997520447,6,6,6
clean/fall_armyworm/real/fall_armyworm_multi_desease_real_58171348.jpg,multi_desease,1,1,fall_armyworm,fall_armyworm,0.8632040619850159,1,1,1
clean/northern_corn_leaf_blight/real/northern_corn_leaf_blight_maize_africa_real_19790023.jpg,maize_africa,6,6,northern_corn_leaf_blight,northern_corn_leaf_blight,0.8274783492088318,6,6,6
clean/healthy/real/healthy_maize_africa_v1.2_real_1815.jpg,maize_africa_v1.2,3,3,healthy,healthy,0.8069278001785278,3,3,3
clean/fall_armyworm/real/fall_armyworm_multi_desease_real_35950595.jpg,multi_desease,1,1,fall_armyworm,fall_armyworm,0.8590929508209229,1,1,1
clean/healthy/real/healthy_maize_africa_v1.2_real_1261.jpg,maize_africa_v1.2,3,3,healthy,healthy,0.821152925491333,3,3,3
clean/phosphorus_deficiency/real/phosphorus_deficiency_maize_2_roboflow_real_cd54125e.jpg,maize_2_roboflow,7,7,phosphorus_deficiency,phosphorus_deficiency,0.9054035544395448,7,7,7
clean/common_rust/lab/common_rust_maize_desease_lab_90660865.jpg,maize_desease,0,0,common_rust,common_rust,0.9048816561698914,0,0,0
clean/northern_corn_leaf_blight/real/northern_corn_leaf_blight_maize_africa_real_11211629.jpg,maize_africa,6,6,northern_corn_leaf_blight,northern_corn_leaf_blight,0.8235117793083191,6,6,6
clean/northern_corn_leaf_blight/real/northern_corn_leaf_blight_maize_africa_real_39391351.jpg,maize_africa,6,6,northern_corn_leaf_blight,northern_corn_leaf_blight,0.8296717405319214,6,6,6
clean/lethal_necrosis/real/lethal_necrosis_multi_desease_real_92041941.jpeg,multi_desease,4,4,lethal_necrosis,lethal_necrosis,0.8497176170349121,4,4,4
clean/nitrogen_deficiency/real/nitrogen_deficiency_maize_2_roboflow_real_8198856b.jpg,maize_2_roboflow,5,5,nitrogen_deficiency,nitrogen_deficiency,0.8849231600761414,5,5,5
clean/healthy/real/healthy_maize_africa_v1.2_real_841.jpg,maize_africa_v1.2,3,3,healthy,healthy,0.8115444779396057,3,3,3
clean/northern_corn_leaf_blight/real/northern_corn_leaf_blight_maize_africa_real_68588280.jpg,maize_africa,6,6,northern_corn_leaf_blight,northern_corn_leaf_blight,0.8255653977394104,6,6,6
clean/northern_corn_leaf_blight/real/northern_corn_leaf_blight_maize_africa_real_75156838.jpg,maize_africa,6,6,northern_corn_leaf_blight,northern_corn_leaf_blight,0.8352015614509583,6,6,6
clean/healthy/real/healthy_maize_africa_v1.2_real_932.jpg,maize_africa_v1.2,3,3,healthy,healthy,0.817022442817688,3,3,3
clean/northern_corn_leaf_blight/real/northern_corn_leaf_blight_maize_africa_real_84601243.jpg,maize_africa,6,6,northern_corn_leaf_blight,northern_corn_leaf_blight,0.8276720643043518,6,6,6
clean/northern_corn_leaf_blight/real/northern_corn_leaf_blight_maize_desease_real_11299426.jpg,maize_desease,6,6,northern_corn_leaf_blight,northern_corn_leaf_blight,0.8297528624534607,6,6,6
clean/healthy/real/healthy_maize_africa_v1_real_288.jpg,maize_africa_v1,3,3,healthy,healthy,0.7650257349014282,3,3,3
clean/lethal_necrosis/real/lethal_necrosis_maize_africa_real_96594829.jpg,maize_africa,4,4,lethal_necrosis,lethal_necrosis,0.8462549448013306,4,4,4
clean/lethal_necrosis/real/lethal_necrosis_maize_africa_real_53021057.jpg,maize_africa,4,4,lethal_necrosis,lethal_necrosis,0.842591404914856,4,4,4
clean/healthy/real/healthy_cropdg_real_245.jpg,cropdg,3,3,healthy,healthy,0.8228731155395508,3,3,3
clean/lethal_necrosis/real/lethal_necrosis_multi_desease_real_71412521.jpeg,multi_desease,4,4,lethal_necrosis,lethal_necrosis,0.8450281620025635,4,4,4
clean/phosphorus_deficiency/real/phosphorus_deficiency_maize_2_roboflow_real_5a076047.jpg,maize_2_roboflow,7,7,phosphorus_deficiency,phosphorus_deficiency,0.9406731724739076,7,7,7
clean/fall_armyworm/real/fall_armyworm_maize_africa_real_22496783.jpg,maize_africa,1,1,fall_armyworm,fall_armyworm,0.8626431822776794,1,1,1
clean/lethal_necrosis/real/lethal_necrosis_multi_desease_real_42530666.jpeg,multi_desease,4,4,lethal_necrosis,lethal_necrosis,0.8446289300918579,4,4,4
clean/common_rust/lab/common_rust_multi_desease_lab_15562513.jpg,multi_desease,0,0,common_rust,common_rust,0.9062606692314148,0,0,0
clean/lethal_necrosis/real/lethal_necrosis_multi_desease_real_45899170.jpeg,multi_desease,4,4,lethal_necrosis,lethal_necrosis,0.6527936458587646,4,4,4
clean/healthy/real/healthy_maize_desease_v1.1_real_1565.jpg,maize_desease_v1.1,3,3,healthy,healthy,0.8166409730911255,3,3,3
clean/lethal_necrosis/real/lethal_necrosis_maize_africa_real_72504739.jpg,maize_africa,4,4,lethal_necrosis,lethal_necrosis,0.8372763395309448,4,4,4
clean/healthy/real/healthy_maize_africa_v1_real_398.jpg,maize_africa_v1,3,3,healthy,healthy,0.8184162378311157,3,3,3
clean/healthy/real/healthy_maize_desease_v1.1_real_3565.jpg,maize_desease_v1.1,3,3,healthy,healthy,0.807750403881073,3,3,3
clean/northern_corn_leaf_blight/real/northern_corn_leaf_blight_maize_africa_real_84542757.jpg,maize_africa,6,6,northern_corn_leaf_blight,northern_corn_leaf_blight,0.8294847011566162,6,6,6
clean/northern_corn_leaf_blight/real/northern_corn_leaf_blight_corn_leaf_roboflow_real_33868820.jpg,corn_leaf_roboflow,6,6,northern_corn_leaf_blight,northern_corn_leaf_blight,0.8303568959236145,6,6,6
clean/lethal_necrosis/real/lethal_necrosis_multi_desease_real_96897455.jpeg,multi_desease,4,4,lethal_necrosis,lethal_necrosis,0.8439483046531677,4,4,4
clean/lethal_necrosis/real/lethal_necrosis_multi_desease_real_64026779.jpeg,multi_desease,4,4,lethal_necrosis,lethal_necrosis,0.8267323970794678,4,4,4
clean/healthy/real/healthy_maize_desease_v1.1_real_4909.jpg,maize_desease_v1.1,3,3,healthy,healthy,0.8194917440414429,3,3,3
clean/phosphorus_deficiency/real/phosphorus_deficiency_maize_nutrient_real_18871752.jpeg,maize_nutrient,7,7,phosphorus_deficiency,phosphorus_deficiency,0.8645578026771545,7,7,7
clean/healthy/real/healthy_maize_desease_v1.1_real_3069.jpg,maize_desease_v1.1,3,3,healthy,healthy,0.8181053996086121,3,3,3
clean/lethal_necrosis/real/lethal_necrosis_maize_africa_real_40076480.jpg,maize_africa,4,4,lethal_necrosis,lethal_necrosis,0.8468037247657776,4,4,4
clean/northern_corn_leaf_blight/real/northern_corn_leaf_blight_maize_africa_real_83759633.jpg,maize_africa,6,6,northern_corn_leaf_blight,northern_corn_leaf_blight,0.8233128190040588,6,6,6
clean/northern_corn_leaf_blight/real/northern_corn_leaf_blight_maize_africa_real_84471542.jpg,maize_africa,6,6,northern_corn_leaf_blight,northern_corn_leaf_blight,0.8156002759933472,6,6,6
clean/northern_corn_leaf_blight/real/northern_corn_leaf_blight_maize_africa_real_97876971.jpg,maize_africa,6,6,northern_corn_leaf_blight,northern_corn_leaf_blight,0.7993083000183105,6,6,6
clean/lethal_necrosis/real/lethal_necrosis_multi_desease_real_93226000.jpeg,multi_desease,4,4,lethal_necrosis,lethal_necrosis,0.8419106006622314,4,4,4
clean/fall_armyworm/real/fall_armyworm_maize_africa_real_13227117.jpg,maize_africa,1,1,fall_armyworm,fall_armyworm,0.8605843782424927,1,1,1
clean/lethal_necrosis/real/lethal_necrosis_multi_desease_real_69599175.jpeg,multi_desease,4,4,lethal_necrosis,lethal_necrosis,0.846435010433197,4,4,4
clean/healthy/real/healthy_maize_africa_v1.2_real_720.jpg,maize_africa_v1.2,3,3,healthy,healthy,0.8212070465087891,3,3,3
clean/fall_armyworm/real/fall_armyworm_maize_africa_real_70428624.jpg,maize_africa,1,1,fall_armyworm,fall_armyworm,0.8591004610061646,1,1,1
clean/lethal_necrosis/real/lethal_necrosis_maize_africa_real_91229131.jpg,maize_africa,4,4,lethal_necrosis,lethal_necrosis,0.8389147520065308,4,4,4
clean/healthy/real/healthy_maize_desease_v1.1_real_2188.jpg,maize_desease_v1.1,3,3,healthy,healthy,0.8224064111709595,3,3,3
clean/northern_corn_leaf_blight/real/northern_corn_leaf_blight_maize_africa_real_59333153.jpg,maize_africa,6,6,northern_corn_leaf_blight,northern_corn_leaf_blight,0.8225371241569519,6,6,6
clean/healthy/real/healthy_maize_desease_v1.1_real_390.jpg,maize_desease_v1.1,3,3,healthy,healthy,0.8169118165969849,3,3,3
clean/lethal_necrosis/real/lethal_necrosis_multi_desease_real_51530250.jpeg,multi_desease,4,4,lethal_necrosis,lethal_necrosis,0.8502583503723145,4,4,4
clean/gray_leaf_spot/real/gray_leaf_spot_maize_field_real_20468570.jpg,maize_field,2,2,gray_leaf_spot,gray_leaf_spot,0.896490216255188,2,2,2
clean/northern_corn_leaf_blight/real/northern_corn_leaf_blight_corn_leaf_roboflow_real_62105815.jpg,corn_leaf_roboflow,6,6,northern_corn_leaf_blight,northern_corn_leaf_blight,0.3834300339221954,6,6,2
clean/healthy/real/healthy_corn_leaf_roboflow_real_96546196.jpg,corn_leaf_roboflow,3,3,healthy,healthy,0.8134748935699463,3,3,3
clean/northern_corn_leaf_blight/real/northern_corn_leaf_blight_maize_desease_real_67688573.jpg,maize_desease,6,6,northern_corn_leaf_blight,northern_corn_leaf_blight,0.8413509726524353,6,6,6
clean/gray_leaf_spot/real/gray_leaf_spot_maize_field_real_63917093.jpg,maize_field,2,2,gray_leaf_spot,gray_leaf_spot,0.7550042271614075,2,2,2
clean/phosphorus_deficiency/real/phosphorus_deficiency_corn_leaf_roboflow_real_68642353.jpg,corn_leaf_roboflow,7,1,phosphorus_deficiency,fall_armyworm,0.490751177072525,1,7,1
clean/fall_armyworm/real/fall_armyworm_multi_desease_real_70313658.jpg,multi_desease,1,1,fall_armyworm,fall_armyworm,0.644456684589386,3,1,1
clean/lethal_necrosis/real/lethal_necrosis_maize_africa_real_14163400.jpg,maize_africa,4,4,lethal_necrosis,lethal_necrosis,0.8408566117286682,4,4,4
clean/phosphorus_deficiency/real/phosphorus_deficiency_maize_2_roboflow_real_9026d45b.jpg,maize_2_roboflow,7,7,phosphorus_deficiency,phosphorus_deficiency,0.943406581878662,7,7,7
clean/healthy/real/healthy_maize_desease_v1.1_real_4375.jpg,maize_desease_v1.1,3,3,healthy,healthy,0.8107184171676636,3,3,3
clean/fall_armyworm/real/fall_armyworm_maize_africa_real_89203456.jpg,maize_africa,1,1,fall_armyworm,fall_armyworm,0.8530713319778442,1,1,1
clean/healthy/real/healthy_corn_leaf_roboflow_real_42901669.jpg,corn_leaf_roboflow,3,3,healthy,healthy,0.7400126457214355,3,3,3
clean/healthy/real/healthy_maize_desease_v1.1_real_1817.jpg,maize_desease_v1.1,3,3,healthy,healthy,0.8069624900817871,3,3,3
clean/healthy/real/healthy_maize_africa_v1.2_real_558.jpg,maize_africa_v1.2,3,3,healthy,healthy,0.8152969479560852,3,3,3
clean/healthy/real/healthy_cropdg_real_720.jpg,cropdg,3,3,healthy,healthy,0.8242738246917725,3,3,3
clean/healthy/real/healthy_cropdg_real_824.jpg,cropdg,3,3,healthy,healthy,0.8154231905937195,3,3,3
clean/healthy/real/healthy_cropdg_real_325.jpg,cropdg,3,3,healthy,healthy,0.816514790058136,3,3,3
clean/healthy/real/healthy_maize_africa_v1.2_real_1502.jpg,maize_africa_v1.2,3,3,healthy,healthy,0.8212310075759888,3,3,3
clean/healthy/real/healthy_maize_desease_v1.1_real_1505.jpg,maize_desease_v1.1,3,3,healthy,healthy,0.8180979490280151,3,3,3
clean/healthy/real/healthy_corn_leaf_roboflow_real_48363418.jpg,corn_leaf_roboflow,3,3,healthy,healthy,0.8134949803352356,3,3,3
clean/healthy/real/healthy_maize_desease_v1.1_real_4883.jpg,maize_desease_v1.1,3,3,healthy,healthy,0.7647226452827454,3,3,3
clean/lethal_necrosis/real/lethal_necrosis_maize_africa_real_40168042.jpg,maize_africa,4,4,lethal_necrosis,lethal_necrosis,0.8358907699584961,4,4,4
clean/healthy/real/healthy_maize_africa_v1.2_real_1692.jpg,maize_africa_v1.2,3,3,healthy,healthy,0.8133434057235718,3,3,3
clean/healthy/real/healthy_maize_desease_v1.1_real_267.jpg,maize_desease_v1.1,3,3,healthy,healthy,0.8249915838241577,3,3,3
clean/healthy/real/healthy_maize_desease_v1.1_real_1984.jpg,maize_desease_v1.1,3,3,healthy,healthy,0.8149949908256531,3,3,3
clean/lethal_necrosis/real/lethal_necrosis_maize_africa_real_85238625.jpg,maize_africa,4,4,lethal_necrosis,lethal_necrosis,0.8350100517272949,4,4,4
clean/northern_corn_leaf_blight/real/northern_corn_leaf_blight_corn_leaf_roboflow_real_15372512.jpg,corn_leaf_roboflow,6,6,northern_corn_leaf_blight,northern_corn_leaf_blight,0.8501381874084473,6,6,6
clean/healthy/real/healthy_cropdg_real_74.jpg,cropdg,3,3,healthy,healthy,0.8117201924324036,3,3,3
clean/healthy/real/healthy_corn_leaf_roboflow_real_78282442.jpg,corn_leaf_roboflow,3,3,healthy,healthy,0.8175140619277954,3,3,3
clean/phosphorus_deficiency/real/phosphorus_deficiency_corn_leaf_roboflow_real_64166235.jpg,corn_leaf_roboflow,7,7,phosphorus_deficiency,phosphorus_deficiency,0.9382433891296388,7,7,7
clean/northern_corn_leaf_blight/lab/northern_corn_leaf_blight_cropdg_lab_329.jpg,cropdg,6,6,northern_corn_leaf_blight,northern_corn_leaf_blight,0.8045170903205872,6,6,6
clean/healthy/real/healthy_maize_desease_v1.1_real_662.jpg,maize_desease_v1.1,3,3,healthy,healthy,0.8283270597457886,3,3,3
clean/healthy/real/healthy_maize_desease_v1.1_real_2766.jpg,maize_desease_v1.1,3,3,healthy,healthy,0.8216550350189209,3,3,3
clean/healthy/real/healthy_maize_africa_v1.2_real_1640.jpg,maize_africa_v1.2,3,3,healthy,healthy,0.8141496181488037,3,3,3
clean/northern_corn_leaf_blight/lab/northern_corn_leaf_blight_cropdg_lab_549.jpg,cropdg,6,6,northern_corn_leaf_blight,northern_corn_leaf_blight,0.8125944137573242,6,6,6
clean/healthy/real/healthy_cropdg_real_1055.jpg,cropdg,3,3,healthy,healthy,0.8238023519515991,3,3,3
clean/northern_corn_leaf_blight/real/northern_corn_leaf_blight_maize_africa_real_97596838.jpg,maize_africa,6,6,northern_corn_leaf_blight,northern_corn_leaf_blight,0.8295626640319824,6,6,6
clean/gray_leaf_spot/lab/gray_leaf_spot_cropdg_lab_45298336.jpg,cropdg,2,2,gray_leaf_spot,gray_leaf_spot,0.5771809816360474,2,6,2
clean/lethal_necrosis/real/lethal_necrosis_maize_africa_real_45142370.jpg,maize_africa,4,4,lethal_necrosis,lethal_necrosis,0.8379720449447632,4,4,4
clean/fall_armyworm/real/fall_armyworm_maize_africa_real_69567942.jpg,maize_africa,1,1,fall_armyworm,fall_armyworm,0.8623262643814087,1,1,1
clean/lethal_necrosis/real/lethal_necrosis_multi_desease_real_12137039.jpeg,multi_desease,4,4,lethal_necrosis,lethal_necrosis,0.8374452590942383,4,4,4
clean/healthy/real/healthy_cropdg_real_39.jpg,cropdg,3,3,healthy,healthy,0.8225985169410706,3,3,3
clean/common_rust/lab/common_rust_multi_desease_lab_18586989.jpg,multi_desease,0,0,common_rust,common_rust,0.90203595161438,0,0,0
clean/fall_armyworm/real/fall_armyworm_maize_africa_real_17495368.jpg,maize_africa,1,1,fall_armyworm,fall_armyworm,0.8537692427635193,1,1,1
clean/healthy/real/healthy_maize_desease_v1.1_real_3736.jpg,maize_desease_v1.1,3,3,healthy,healthy,0.8161685466766357,3,3,3
clean/gray_leaf_spot/real/gray_leaf_spot_maize_field_real_26129154.jpg,maize_field,2,2,gray_leaf_spot,gray_leaf_spot,0.8553261160850525,2,2,2
clean/lethal_necrosis/real/lethal_necrosis_maize_africa_real_94012122.jpg,maize_africa,4,4,lethal_necrosis,lethal_necrosis,0.8539108633995056,4,4,4
clean/northern_corn_leaf_blight/real/northern_corn_leaf_blight_maize_africa_real_56515830.jpg,maize_africa,6,6,northern_corn_leaf_blight,northern_corn_leaf_blight,0.8219135403633118,6,6,6
clean/healthy/real/healthy_cropdg_real_41.jpg,cropdg,3,3,healthy,healthy,0.8167920708656311,3,3,3
clean/nitrogen_deficiency/real/nitrogen_deficiency_corn_leaf_roboflow_real_29039929.jpg,corn_leaf_roboflow,5,5,nitrogen_deficiency,nitrogen_deficiency,0.8390305042266846,5,5,5
clean/healthy/real/healthy_maize_desease_v1.1_real_2894.jpg,maize_desease_v1.1,3,3,healthy,healthy,0.8121609687805176,3,3,3
clean/nitrogen_deficiency/real/nitrogen_deficiency_corn_leaf_roboflow_real_72494325.jpg,corn_leaf_roboflow,5,5,nitrogen_deficiency,nitrogen_deficiency,0.8463963270187378,5,5,5
clean/northern_corn_leaf_blight/real/northern_corn_leaf_blight_maize_africa_real_11648337.jpg,maize_africa,6,6,northern_corn_leaf_blight,northern_corn_leaf_blight,0.8406499624252319,6,6,6
clean/gray_leaf_spot/real/gray_leaf_spot_maize_field_real_96725353.jpg,maize_field,2,2,gray_leaf_spot,gray_leaf_spot,0.9189655184745787,2,2,2
clean/northern_corn_leaf_blight/real/northern_corn_leaf_blight_maize_africa_real_72015742.jpg,maize_africa,6,6,northern_corn_leaf_blight,northern_corn_leaf_blight,0.8351860046386719,6,6,6
clean/nitrogen_deficiency/real/nitrogen_deficiency_maize_2_roboflow_real_8f217606.jpg,maize_2_roboflow,5,5,nitrogen_deficiency,nitrogen_deficiency,0.7136987447738647,8,5,5
clean/northern_corn_leaf_blight/real/northern_corn_leaf_blight_maize_field_real_24759715.jpg,maize_field,6,6,northern_corn_leaf_blight,northern_corn_leaf_blight,0.8335627317428589,6,6,6
clean/fall_armyworm/real/fall_armyworm_maize_africa_real_44524996.jpg,maize_africa,1,1,fall_armyworm,fall_armyworm,0.8528488278388977,1,1,1
clean/healthy/real/healthy_maize_desease_v1.1_real_4547.jpg,maize_desease_v1.1,3,3,healthy,healthy,0.8145149946212769,3,3,3
clean/potassium_deficiency/real/potassium_deficiency_maize_deficiency_scanner_roboflow_real_cf3a0ec0.jpg,maize_deficiency_scanner_roboflow,8,8,potassium_deficiency,potassium_deficiency,0.9571996927261353,8,8,8
clean/lethal_necrosis/real/lethal_necrosis_maize_africa_real_50734915.jpg,maize_africa,4,4,lethal_necrosis,lethal_necrosis,0.8452159762382507,4,4,4
clean/healthy/real/healthy_corn_leaf_roboflow_real_10557753.jpg,corn_leaf_roboflow,3,3,healthy,healthy,0.8113234043121338,3,3,3
clean/lethal_necrosis/real/lethal_necrosis_multi_desease_real_72732138.jpeg,multi_desease,4,4,lethal_necrosis,lethal_necrosis,0.8492176532745361,4,4,4
clean/fall_armyworm/real/fall_armyworm_corn_leaf_roboflow_real_62776794.jpg,corn_leaf_roboflow,1,1,fall_armyworm,fall_armyworm,0.8506789207458496,1,1,1
clean/common_rust/lab/common_rust_multi_desease_lab_45986025.jpg,multi_desease,0,0,common_rust,common_rust,0.9023272395133972,0,0,0
clean/healthy/real/healthy_maize_desease_v1.1_real_3793.jpg,maize_desease_v1.1,3,3,healthy,healthy,0.8236032724380493,3,3,3
clean/northern_corn_leaf_blight/real/northern_corn_leaf_blight_maize_africa_real_57075623.jpg,maize_africa,6,6,northern_corn_leaf_blight,northern_corn_leaf_blight,0.8356008529663086,6,6,6
clean/common_rust/lab/common_rust_maize_desease_lab_45041043.jpg,maize_desease,0,0,common_rust,common_rust,0.9032039642333984,0,0,0
clean/gray_leaf_spot/lab/gray_leaf_spot_cropdg_lab_30074806.jpg,cropdg,2,2,gray_leaf_spot,gray_leaf_spot,0.9123594760894777,2,2,2
clean/lethal_necrosis/real/lethal_necrosis_maize_africa_real_45491171.jpg,maize_africa,4,4,lethal_necrosis,lethal_necrosis,0.840863049030304,4,4,4
clean/healthy/real/healthy_maize_africa_v1.2_real_650.jpg,maize_africa_v1.2,3,3,healthy,healthy,0.7876057028770447,3,3,3
clean/healthy/real/healthy_cropdg_real_96.jpg,cropdg,3,3,healthy,healthy,0.8238797187805176,3,3,3
clean/northern_corn_leaf_blight/real/northern_corn_leaf_blight_maize_africa_real_87976408.jpg,maize_africa,6,6,northern_corn_leaf_blight,northern_corn_leaf_blight,0.8275558352470398,6,6,6
clean/healthy/real/healthy_maize_desease_v1.1_real_2838.jpg,maize_desease_v1.1,3,3,healthy,healthy,0.8207253217697144,3,3,3
clean/phosphorus_deficiency/real/phosphorus_deficiency_corn_leaf_roboflow_real_26805153.jpg,corn_leaf_roboflow,7,1,phosphorus_deficiency,fall_armyworm,0.5779927968978882,1,1,3
clean/fall_armyworm/real/fall_armyworm_maize_africa_real_22917771.jpg,maize_africa,1,1,fall_armyworm,fall_armyworm,0.8729511499404907,1,1,1
clean/healthy/real/healthy_cropdg_real_740.jpg,cropdg,3,3,healthy,healthy,0.8262485861778259,3,3,3
clean/fall_armyworm/real/fall_armyworm_multi_desease_real_83177752.jpg,multi_desease,1,1,fall_armyworm,fall_armyworm,0.8612788915634155,1,1,1
clean/fall_armyworm/real/fall_armyworm_maize_africa_real_44737947.jpg,maize_africa,1,1,fall_armyworm,fall_armyworm,0.8401667475700378,1,1,1
clean/healthy/real/healthy_maize_desease_v1.1_real_3886.jpg,maize_desease_v1.1,3,3,healthy,healthy,0.8230098485946655,3,3,3
clean/healthy/real/healthy_maize_africa_v1.2_real_449.jpg,maize_africa_v1.2,3,3,healthy,healthy,0.8204267024993896,3,3,3
clean/lethal_necrosis/real/lethal_necrosis_maize_africa_real_48123489.jpg,maize_africa,4,4,lethal_necrosis,lethal_necrosis,0.8389005064964294,4,4,4
clean/lethal_necrosis/real/lethal_necrosis_maize_africa_real_21529811.jpg,maize_africa,4,4,lethal_necrosis,lethal_necrosis,0.845808207988739,4,4,4
clean/lethal_necrosis/real/lethal_necrosis_maize_africa_real_73483533.jpg,maize_africa,4,4,lethal_necrosis,lethal_necrosis,0.8470930457115173,4,4,4
clean/lethal_necrosis/real/lethal_necrosis_multi_desease_real_27183853.jpeg,multi_desease,4,4,lethal_necrosis,lethal_necrosis,0.8373959064483643,4,4,4
clean/northern_corn_leaf_blight/real/northern_corn_leaf_blight_corn_leaf_roboflow_real_66797557.jpg,corn_leaf_roboflow,6,6,northern_corn_leaf_blight,northern_corn_leaf_blight,0.8467679023742676,6,6,6
clean/healthy/real/healthy_maize_africa_v1.2_real_1345.jpg,maize_africa_v1.2,3,3,healthy,healthy,0.8214563131332397,3,3,3
clean/fall_armyworm/real/fall_armyworm_multi_desease_real_30587195.jpg,multi_desease,1,1,fall_armyworm,fall_armyworm,0.864860475063324,1,1,1
clean/northern_corn_leaf_blight/real/northern_corn_leaf_blight_maize_desease_real_51974864.jpg,maize_desease,6,6,northern_corn_leaf_blight,northern_corn_leaf_blight,0.8285855650901794,6,6,6
clean/fall_armyworm/real/fall_armyworm_maize_africa_real_33475826.jpg,maize_africa,1,1,fall_armyworm,fall_armyworm,0.8675785064697266,1,1,1
clean/lethal_necrosis/real/lethal_necrosis_multi_desease_real_42239665.jpeg,multi_desease,4,4,lethal_necrosis,lethal_necrosis,0.8334845304489136,4,4,4
clean/nitrogen_deficiency/real/nitrogen_deficiency_maize_2_roboflow_real_307dda1d.jpg,maize_2_roboflow,5,5,nitrogen_deficiency,nitrogen_deficiency,0.7756302356719971,5,5,5
clean/fall_armyworm/real/fall_armyworm_maize_africa_real_62265936.jpg,maize_africa,1,1,fall_armyworm,fall_armyworm,0.8596808910369873,1,1,1
clean/gray_leaf_spot/lab/gray_leaf_spot_cropdg_lab_52164614.jpg,cropdg,2,2,gray_leaf_spot,gray_leaf_spot,0.7897934913635254,2,2,2
clean/common_rust/lab/common_rust_multi_desease_lab_88401501.jpg,multi_desease,0,0,common_rust,common_rust,0.8990123271942139,0,0,0
clean/lethal_necrosis/real/lethal_necrosis_maize_africa_real_11768787.jpg,maize_africa,4,4,lethal_necrosis,lethal_necrosis,0.8440377712249756,4,4,4
clean/phosphorus_deficiency/real/phosphorus_deficiency_corn_leaf_roboflow_real_48028643.jpg,corn_leaf_roboflow,7,7,phosphorus_deficiency,phosphorus_deficiency,0.9551191329956056,7,7,7
clean/northern_corn_leaf_blight/lab/northern_corn_leaf_blight_cropdg_lab_167.jpg,cropdg,6,6,northern_corn_leaf_blight,northern_corn_leaf_blight,0.8313068747520447,6,6,6
clean/northern_corn_leaf_blight/real/northern_corn_leaf_blight_maize_africa_real_16773597.jpg,maize_africa,6,6,northern_corn_leaf_blight,northern_corn_leaf_blight,0.8316833972930908,6,6,6
clean/fall_armyworm/real/fall_armyworm_multi_desease_real_65042912.jpg,multi_desease,1,1,fall_armyworm,fall_armyworm,0.8531931042671204,1,1,1
clean/fall_armyworm/real/fall_armyworm_maize_africa_real_14291926.jpg,maize_africa,1,1,fall_armyworm,fall_armyworm,0.8550219535827637,1,1,1
clean/common_rust/lab/common_rust_maize_desease_lab_63300420.jpg,maize_desease,0,0,common_rust,common_rust,0.9098085165023804,0,0,0
clean/lethal_necrosis/real/lethal_necrosis_multi_desease_real_32112700.jpeg,multi_desease,4,4,lethal_necrosis,lethal_necrosis,0.8460148572921753,4,4,4
clean/fall_armyworm/real/fall_armyworm_maize_africa_real_42702268.jpg,maize_africa,1,1,fall_armyworm,fall_armyworm,0.8759424090385437,1,1,1
clean/northern_corn_leaf_blight/real/northern_corn_leaf_blight_maize_africa_real_76142874.jpg,maize_africa,6,6,northern_corn_leaf_blight,northern_corn_leaf_blight,0.8245880007743835,6,6,6
clean/healthy/real/healthy_maize_desease_v1.1_real_3479.jpg,maize_desease_v1.1,3,3,healthy,healthy,0.8140709400177002,3,3,3
clean/lethal_necrosis/real/lethal_necrosis_multi_desease_real_39449538.jpeg,multi_desease,4,4,lethal_necrosis,lethal_necrosis,0.8462965488433838,4,4,4
clean/gray_leaf_spot/real/gray_leaf_spot_corn_leaf_diseases_classification_roboflow_real_64da5462.jpg,corn_leaf_diseases_classification_roboflow,2,2,gray_leaf_spot,gray_leaf_spot,0.9195676445961,2,2,2
clean/northern_corn_leaf_blight/lab/northern_corn_leaf_blight_cropdg_lab_232.jpg,cropdg,6,6,northern_corn_leaf_blight,northern_corn_leaf_blight,0.826725959777832,6,6,6
clean/healthy/real/healthy_maize_desease_v1.1_real_2777.jpg,maize_desease_v1.1,3,3,healthy,healthy,0.8163037300109863,3,3,3
clean/common_rust/lab/common_rust_maize_desease_lab_98502798.jpg,maize_desease,0,0,common_rust,common_rust,0.908342182636261,0,0,0
clean/healthy/real/healthy_maize_africa_v1_real_117.jpg,maize_africa_v1,3,3,healthy,healthy,0.8287789821624756,3,3,3
clean/northern_corn_leaf_blight/real/northern_corn_leaf_blight_maize_africa_real_58229087.jpg,maize_africa,6,6,northern_corn_leaf_blight,northern_corn_leaf_blight,0.838994026184082,6,6,6
clean/northern_corn_leaf_blight/lab/northern_corn_leaf_blight_cropdg_lab_511.jpg,cropdg,6,6,northern_corn_leaf_blight,northern_corn_leaf_blight,0.8390152454376221,6,6,6
clean/phosphorus_deficiency/real/phosphorus_deficiency_corn_leaf_roboflow_real_58123930.jpg,corn_leaf_roboflow,7,7,phosphorus_deficiency,phosphorus_deficiency,0.9330899715423584,7,7,7
clean/fall_armyworm/real/fall_armyworm_maize_africa_real_30766271.jpg,maize_africa,1,1,fall_armyworm,fall_armyworm,0.8198564052581787,1,1,1
clean/fall_armyworm/real/fall_armyworm_maize_africa_real_80147903.jpg,maize_africa,1,1,fall_armyworm,fall_armyworm,0.8637345433235168,1,1,1
clean/fall_armyworm/real/fall_armyworm_corn_leaf_roboflow_real_95677299.jpg,corn_leaf_roboflow,1,1,fall_armyworm,fall_armyworm,0.8552431464195251,1,1,1
clean/healthy/real/healthy_maize_desease_v1.1_real_785.jpg,maize_desease_v1.1,3,3,healthy,healthy,0.8226587176322937,3,3,3
clean/healthy/real/healthy_maize_desease_v1.1_real_707.jpg,maize_desease_v1.1,3,3,healthy,healthy,0.8214169144630432,3,3,3
clean/healthy/real/healthy_maize_desease_v1.1_real_4485.jpg,maize_desease_v1.1,3,3,healthy,healthy,0.8147790431976318,3,3,3
clean/fall_armyworm/real/fall_armyworm_multi_desease_real_77626584.jpg,multi_desease,1,1,fall_armyworm,fall_armyworm,0.8551400899887085,1,1,1
clean/healthy/real/healthy_maize_desease_v1.1_real_2986.jpg,maize_desease_v1.1,3,3,healthy,healthy,0.8231633305549622,3,3,3
clean/nitrogen_deficiency/real/nitrogen_deficiency_corn_leaf_roboflow_real_43021728.jpg,corn_leaf_roboflow,5,5,nitrogen_deficiency,nitrogen_deficiency,0.9329109191894532,5,5,5
clean/gray_leaf_spot/real/gray_leaf_spot_maize_leaf_roboflow_real_0f1f24dc.jpg,maize_leaf_roboflow,2,2,gray_leaf_spot,gray_leaf_spot,0.9186179041862488,2,2,2
clean/healthy/real/healthy_maize_desease_v1.1_real_3276.jpg,maize_desease_v1.1,3,3,healthy,healthy,0.7505933046340942,3,3,3
clean/common_rust/lab/common_rust_multi_desease_lab_85846881.jpg,multi_desease,0,0,common_rust,common_rust,0.9127601981163024,0,0,0
clean/lethal_necrosis/real/lethal_necrosis_multi_desease_real_70284308.jpeg,multi_desease,4,4,lethal_necrosis,lethal_necrosis,0.8451677560806274,4,4,4
clean/northern_corn_leaf_blight/real/northern_corn_leaf_blight_corn_leaf_roboflow_real_85811227.jpg,corn_leaf_roboflow,6,6,northern_corn_leaf_blight,northern_corn_leaf_blight,0.836942195892334,6,6,6
clean/fall_armyworm/real/fall_armyworm_maize_africa_real_61451447.jpg,maize_africa,1,1,fall_armyworm,fall_armyworm,0.8039700984954834,1,1,1
clean/northern_corn_leaf_blight/real/northern_corn_leaf_blight_maize_africa_real_75200754.jpg,maize_africa,6,6,northern_corn_leaf_blight,northern_corn_leaf_blight,0.8221241235733032,6,6,6
clean/fall_armyworm/real/fall_armyworm_multi_desease_real_49382023.jpg,multi_desease,1,1,fall_armyworm,fall_armyworm,0.8582042455673218,1,1,1
clean/nitrogen_deficiency/real/nitrogen_deficiency_corn_leaf_roboflow_real_45504202.jpg,corn_leaf_roboflow,5,5,nitrogen_deficiency,nitrogen_deficiency,0.7495067119598389,5,5,5
clean/northern_corn_leaf_blight/real/northern_corn_leaf_blight_maize_africa_real_69804900.jpg,maize_africa,6,6,northern_corn_leaf_blight,northern_corn_leaf_blight,0.8224191665649414,6,6,6
clean/northern_corn_leaf_blight/real/northern_corn_leaf_blight_maize_africa_real_47653683.jpg,maize_africa,6,6,northern_corn_leaf_blight,northern_corn_leaf_blight,0.8282486796379089,6,6,6
clean/common_rust/lab/common_rust_multi_desease_lab_93714530.jpg,multi_desease,0,0,common_rust,common_rust,0.9024035334587096,0,0,0
clean/northern_corn_leaf_blight/real/northern_corn_leaf_blight_maize_desease_real_18834823.jpg,maize_desease,6,6,northern_corn_leaf_blight,northern_corn_leaf_blight,0.8190827965736389,6,6,6
clean/lethal_necrosis/real/lethal_necrosis_maize_africa_real_28242422.jpg,maize_africa,4,4,lethal_necrosis,lethal_necrosis,0.8483985662460327,4,4,4
clean/healthy/real/healthy_maize_desease_v1.1_real_129.jpg,maize_desease_v1.1,3,3,healthy,healthy,0.8120293617248535,3,3,3
clean/fall_armyworm/real/fall_armyworm_maize_africa_real_90612824.jpg,maize_africa,1,1,fall_armyworm,fall_armyworm,0.8580666780471802,1,1,1
clean/healthy/real/healthy_maize_desease_v1.1_real_1453.jpg,maize_desease_v1.1,3,3,healthy,healthy,0.8220661282539368,3,3,3
clean/fall_armyworm/real/fall_armyworm_maize_africa_real_14704506.jpg,maize_africa,1,1,fall_armyworm,fall_armyworm,0.7835888862609863,1,1,1
clean/lethal_necrosis/real/lethal_necrosis_multi_desease_real_51068724.jpeg,multi_desease,4,4,lethal_necrosis,lethal_necrosis,0.8387736082077026,4,4,4
clean/healthy/real/healthy_maize_africa_v1.2_real_1095.jpg,maize_africa_v1.2,3,3,healthy,healthy,0.8243712186813354,3,3,3
clean/northern_corn_leaf_blight/real/northern_corn_leaf_blight_corn_leaf_roboflow_real_82925135.jpg,corn_leaf_roboflow,6,6,northern_corn_leaf_blight,northern_corn_leaf_blight,0.7573498487472534,6,6,6
clean/common_rust/lab/common_rust_multi_desease_lab_74594121.jpg,multi_desease,0,0,common_rust,common_rust,0.9108322858810424,0,0,0
clean/healthy/real/healthy_maize_desease_v1.1_real_3628.jpg,maize_desease_v1.1,3,3,healthy,healthy,0.8174134492874146,3,3,3
clean/lethal_necrosis/real/lethal_necrosis_maize_africa_real_95667620.jpg,maize_africa,4,4,lethal_necrosis,lethal_necrosis,0.8396565914154053,4,4,4
clean/healthy/real/healthy_maize_africa_v1.2_real_1182.jpg,maize_africa_v1.2,3,3,healthy,healthy,0.8205971121788025,3,3,3
clean/common_rust/lab/common_rust_maize_desease_lab_48501606.jpg,maize_desease,0,0,common_rust,common_rust,0.9078267812728882,0,0,0
clean/lethal_necrosis/real/lethal_necrosis_multi_desease_real_41092463.jpeg,multi_desease,4,4,lethal_necrosis,lethal_necrosis,0.8474256992340088,4,4,4
clean/northern_corn_leaf_blight/real/northern_corn_leaf_blight_maize_africa_real_78268323.jpg,maize_africa,6,6,northern_corn_leaf_blight,northern_corn_leaf_blight,0.843315601348877,6,6,6
clean/healthy/real/healthy_maize_africa_v1.2_real_389.jpg,maize_africa_v1.2,3,3,healthy,healthy,0.8247085213661194,3,3,3
clean/lethal_necrosis/real/lethal_necrosis_multi_desease_real_64308386.jpeg,multi_desease,4,4,lethal_necrosis,lethal_necrosis,0.835659384727478,4,4,4
clean/phosphorus_deficiency/real/phosphorus_deficiency_corn_leaf_roboflow_real_23205290.jpg,corn_leaf_roboflow,7,7,phosphorus_deficiency,phosphorus_deficiency,0.9443883895874025,7,7,7
clean/healthy/real/healthy_maize_desease_v1.1_real_1403.jpg,maize_desease_v1.1,3,3,healthy,healthy,0.8077162504196167,3,3,3
clean/gray_leaf_spot/real/gray_leaf_spot_maize_field_real_57534215.jpg,maize_field,2,2,gray_leaf_spot,gray_leaf_spot,0.8946304321289062,2,2,2
clean/northern_corn_leaf_blight/real/northern_corn_leaf_blight_corn_leaf_roboflow_real_87502652.jpg,corn_leaf_roboflow,6,6,northern_corn_leaf_blight,northern_corn_leaf_blight,0.8128632307052612,6,6,6
clean/lethal_necrosis/real/lethal_necrosis_maize_africa_real_44734133.jpg,maize_africa,4,4,lethal_necrosis,lethal_necrosis,0.8396636247634888,4,4,4
clean/gray_leaf_spot/real/gray_leaf_spot_maize_field_real_14354404.jpg,maize_field,2,2,gray_leaf_spot,gray_leaf_spot,0.9238815307617188,2,2,2
clean/healthy/real/healthy_maize_africa_v1.2_real_520.jpg,maize_africa_v1.2,3,3,healthy,healthy,0.8121377229690552,3,3,3
clean/fall_armyworm/real/fall_armyworm_multi_desease_real_31484324.jpg,multi_desease,1,1,fall_armyworm,fall_armyworm,0.8621075749397278,1,1,1
clean/lethal_necrosis/real/lethal_necrosis_maize_africa_real_56991972.jpg,maize_africa,4,4,lethal_necrosis,lethal_necrosis,0.8496289849281311,4,4,4
clean/gray_leaf_spot/real/gray_leaf_spot_corn_leaf_diseases_classification_roboflow_real_4f59625b.jpg,corn_leaf_diseases_classification_roboflow,2,2,gray_leaf_spot,gray_leaf_spot,0.9168143272399902,2,2,2
clean/healthy/real/healthy_maize_desease_v1.1_real_3568.jpg,maize_desease_v1.1,3,3,healthy,healthy,0.8170225620269775,3,3,3
clean/lethal_necrosis/real/lethal_necrosis_multi_desease_real_43507149.jpeg,multi_desease,4,4,lethal_necrosis,lethal_necrosis,0.8308378458023071,4,4,4
clean/healthy/real/healthy_maize_desease_v1.1_real_3394.jpg,maize_desease_v1.1,3,3,healthy,healthy,0.8226681351661682,3,3,3
clean/lethal_necrosis/real/lethal_necrosis_maize_africa_real_40188896.jpg,maize_africa,4,4,lethal_necrosis,lethal_necrosis,0.8405948281288147,4,4,4
clean/fall_armyworm/real/fall_armyworm_corn_leaf_roboflow_real_84217531.jpg,corn_leaf_roboflow,1,1,fall_armyworm,fall_armyworm,0.8498561382293701,1,1,1
clean/healthy/real/healthy_maize_africa_v1_real_417.jpg,maize_africa_v1,3,3,healthy,healthy,0.8083186149597168,3,3,3
clean/gray_leaf_spot/real/gray_leaf_spot_corn_leaf_diseases_classification_roboflow_real_5b860732.jpg,corn_leaf_diseases_classification_roboflow,2,1,gray_leaf_spot,fall_armyworm,0.4372904896736145,2,2,1
clean/healthy/real/healthy_maize_desease_v1.1_real_3897.jpg,maize_desease_v1.1,3,3,healthy,healthy,0.8185533285140991,3,3,3
clean/healthy/real/healthy_maize_nutrient_real_4.jpeg,maize_nutrient,3,3,healthy,healthy,0.8185176849365234,3,3,3
clean/healthy/real/healthy_maize_desease_v1.1_real_2400.jpg,maize_desease_v1.1,3,3,healthy,healthy,0.812950849533081,3,3,3
clean/fall_armyworm/real/fall_armyworm_maize_africa_real_78274253.jpg,maize_africa,1,1,fall_armyworm,fall_armyworm,0.8551594614982605,1,1,1
clean/healthy/real/healthy_maize_desease_v1.1_real_3166.jpg,maize_desease_v1.1,3,3,healthy,healthy,0.8210545778274536,3,3,3
clean/fall_armyworm/real/fall_armyworm_multi_desease_real_33698145.jpg,multi_desease,1,1,fall_armyworm,fall_armyworm,0.8609279990196228,1,1,1
clean/lethal_necrosis/real/lethal_necrosis_multi_desease_real_34920903.jpeg,multi_desease,4,4,lethal_necrosis,lethal_necrosis,0.8388957381248474,4,4,4
clean/lethal_necrosis/real/lethal_necrosis_maize_africa_real_12547932.jpg,maize_africa,4,4,lethal_necrosis,lethal_necrosis,0.8370241522789001,4,4,4
clean/fall_armyworm/real/fall_armyworm_maize_africa_real_43216014.jpg,maize_africa,1,1,fall_armyworm,fall_armyworm,0.8649224042892456,1,1,1
clean/lethal_necrosis/real/lethal_necrosis_maize_africa_real_75462622.jpg,maize_africa,4,4,lethal_necrosis,lethal_necrosis,0.835578203201294,4,4,4
clean/healthy/real/healthy_maize_africa_v1.2_real_948.jpg,maize_africa_v1.2,3,3,healthy,healthy,0.5277525186538696,3,3,3
clean/lethal_necrosis/real/lethal_necrosis_multi_desease_real_79644912.jpeg,multi_desease,4,4,lethal_necrosis,lethal_necrosis,0.8352633118629456,4,4,4
clean/gray_leaf_spot/real/gray_leaf_spot_corn_leaf_diseases_classification_roboflow_real_6d7ac267.jpg,corn_leaf_diseases_classification_roboflow,2,2,gray_leaf_spot,gray_leaf_spot,0.9293972253799438,2,2,2
clean/northern_corn_leaf_blight/real/northern_corn_leaf_blight_maize_africa_real_68288378.jpg,maize_africa,6,6,northern_corn_leaf_blight,northern_corn_leaf_blight,0.7983490228652954,6,6,6
clean/fall_armyworm/real/fall_armyworm_maize_africa_real_71812813.jpg,maize_africa,1,1,fall_armyworm,fall_armyworm,0.8539907932281494,1,1,1
clean/fall_armyworm/real/fall_armyworm_maize_africa_real_19106583.jpg,maize_africa,1,1,fall_armyworm,fall_armyworm,0.8557107448577881,1,1,1
clean/nitrogen_deficiency/real/nitrogen_deficiency_maize_2_roboflow_real_b59c446a.jpg,maize_2_roboflow,5,5,nitrogen_deficiency,nitrogen_deficiency,0.4241476058959961,7,8,5
clean/fall_armyworm/real/fall_armyworm_multi_desease_real_15680711.jpg,multi_desease,1,1,fall_armyworm,fall_armyworm,0.8675214648246765,1,1,1
clean/northern_corn_leaf_blight/real/northern_corn_leaf_blight_maize_desease_real_84364448.jpg,maize_desease,6,6,northern_corn_leaf_blight,northern_corn_leaf_blight,0.8331725597381592,6,6,6
clean/fall_armyworm/real/fall_armyworm_multi_desease_real_15113233.jpg,multi_desease,1,1,fall_armyworm,fall_armyworm,0.8725348711013794,1,1,1
clean/lethal_necrosis/real/lethal_necrosis_multi_desease_real_67695999.jpeg,multi_desease,4,4,lethal_necrosis,lethal_necrosis,0.8372920155525208,4,4,4
clean/gray_leaf_spot/real/gray_leaf_spot_maize_field_real_98399385.jpg,maize_field,2,1,gray_leaf_spot,fall_armyworm,0.3600552678108215,1,3,1
clean/lethal_necrosis/real/lethal_necrosis_multi_desease_real_87018463.jpeg,multi_desease,4,4,lethal_necrosis,lethal_necrosis,0.834242582321167,4,4,4
clean/healthy/real/healthy_maize_africa_v1.2_real_1065.jpg,maize_africa_v1.2,3,3,healthy,healthy,0.8433805108070374,3,3,3
clean/healthy/real/healthy_maize_africa_v1.2_real_1020.jpg,maize_africa_v1.2,3,3,healthy,healthy,0.8210463523864746,3,3,3
clean/common_rust/lab/common_rust_maize_desease_lab_61340477.jpg,maize_desease,0,0,common_rust,common_rust,0.9091558456420898,0,0,0
clean/healthy/real/healthy_maize_desease_v1.1_real_3336.jpg,maize_desease_v1.1,3,3,healthy,healthy,0.8164260983467102,3,3,3
clean/northern_corn_leaf_blight/real/northern_corn_leaf_blight_maize_africa_real_21911125.jpg,maize_africa,6,6,northern_corn_leaf_blight,northern_corn_leaf_blight,0.8363070487976074,6,6,6
clean/healthy/real/healthy_maize_desease_v1.1_real_1264.jpg,maize_desease_v1.1,3,3,healthy,healthy,0.8118212223052979,3,3,3
clean/fall_armyworm/real/fall_armyworm_multi_desease_real_65208939.jpg,multi_desease,1,1,fall_armyworm,fall_armyworm,0.862108051776886,1,1,1
clean/northern_corn_leaf_blight/real/northern_corn_leaf_blight_maize_africa_real_34314253.jpg,maize_africa,6,6,northern_corn_leaf_blight,northern_corn_leaf_blight,0.8197370767593384,6,6,6
clean/healthy/real/healthy_maize_desease_v1.1_real_971.jpg,maize_desease_v1.1,3,3,healthy,healthy,0.8018053770065308,3,3,3
clean/healthy/real/healthy_maize_africa_v1.2_real_1120.jpg,maize_africa_v1.2,3,3,healthy,healthy,0.8307121992111206,3,3,3
clean/northern_corn_leaf_blight/real/northern_corn_leaf_blight_maize_desease_real_85086724.jpg,maize_desease,6,6,northern_corn_leaf_blight,northern_corn_leaf_blight,0.8087222576141357,6,6,6
clean/healthy/real/healthy_maize_africa_v1.2_real_1703.jpg,maize_africa_v1.2,3,3,healthy,healthy,0.8289850950241089,3,3,3
clean/common_rust/lab/common_rust_maize_desease_lab_58493314.jpg,maize_desease,0,0,common_rust,common_rust,0.8987643122673035,0,0,0
clean/common_rust/lab/common_rust_multi_desease_lab_13668533.jpg,multi_desease,0,0,common_rust,common_rust,0.912324845790863,0,0,0
clean/healthy/real/healthy_maize_africa_v1.2_real_232.jpg,maize_africa_v1.2,3,3,healthy,healthy,0.8209003210067749,3,3,3
clean/northern_corn_leaf_blight/real/northern_corn_leaf_blight_maize_africa_real_95021285.jpg,maize_africa,6,6,northern_corn_leaf_blight,northern_corn_leaf_blight,0.8189841508865356,6,6,6
clean/northern_corn_leaf_blight/real/northern_corn_leaf_blight_maize_africa_real_38090396.jpg,maize_africa,6,6,northern_corn_leaf_blight,northern_corn_leaf_blight,0.799494743347168,6,6,6
clean/healthy/real/healthy_maize_desease_v1.1_real_3399.jpg,maize_desease_v1.1,3,3,healthy,healthy,0.82151859998703,3,3,3
clean/lethal_necrosis/real/lethal_necrosis_multi_desease_real_82082748.jpeg,multi_desease,4,4,lethal_necrosis,lethal_necrosis,0.8510066866874695,4,4,4
clean/fall_armyworm/real/fall_armyworm_maize_africa_real_65533526.jpg,maize_africa,1,1,fall_armyworm,fall_armyworm,0.8570334315299988,1,1,1
clean/lethal_necrosis/real/lethal_necrosis_multi_desease_real_64186915.jpeg,multi_desease,4,4,lethal_necrosis,lethal_necrosis,0.8431474566459656,4,4,4
clean/fall_armyworm/real/fall_armyworm_maize_africa_real_93457008.jpg,maize_africa,1,1,fall_armyworm,fall_armyworm,0.8625545501708984,1,1,1
clean/phosphorus_deficiency/real/phosphorus_deficiency_maize_2_roboflow_real_ae7c5965.jpg,maize_2_roboflow,7,7,phosphorus_deficiency,phosphorus_deficiency,0.9333071112632751,7,7,7
clean/fall_armyworm/real/fall_armyworm_maize_africa_real_61701303.jpg,maize_africa,1,1,fall_armyworm,fall_armyworm,0.8562897443771362,1,1,1
clean/northern_corn_leaf_blight/real/northern_corn_leaf_blight_maize_desease_real_60462901.jpg,maize_desease,6,6,northern_corn_leaf_blight,northern_corn_leaf_blight,0.8262348175048828,6,6,6
clean/northern_corn_leaf_blight/real/northern_corn_leaf_blight_maize_africa_real_94518566.jpg,maize_africa,6,6,northern_corn_leaf_blight,northern_corn_leaf_blight,0.8333096504211426,6,6,6
clean/fall_armyworm/real/fall_armyworm_maize_africa_real_71877200.jpg,maize_africa,1,1,fall_armyworm,fall_armyworm,0.8584213256835938,1,1,1
clean/common_rust/lab/common_rust_multi_desease_lab_16164212.jpg,multi_desease,0,0,common_rust,common_rust,0.9102702140808104,0,0,0
clean/lethal_necrosis/real/lethal_necrosis_maize_africa_real_43423660.jpg,maize_africa,4,4,lethal_necrosis,lethal_necrosis,0.8535716533660889,4,4,4
clean/lethal_necrosis/real/lethal_necrosis_multi_desease_real_70725780.jpeg,multi_desease,4,4,lethal_necrosis,lethal_necrosis,0.8418464660644531,4,4,4
clean/healthy/real/healthy_maize_desease_v1.1_real_2426.jpg,maize_desease_v1.1,3,3,healthy,healthy,0.8156118988990784,3,3,3
clean/phosphorus_deficiency/real/phosphorus_deficiency_maize_nutrient_real_93984002.jpeg,maize_nutrient,7,7,phosphorus_deficiency,phosphorus_deficiency,0.6409692168235779,7,7,7
clean/northern_corn_leaf_blight/real/northern_corn_leaf_blight_maize_africa_real_65227538.jpg,maize_africa,6,6,northern_corn_leaf_blight,northern_corn_leaf_blight,0.8385493755340576,6,6,6
clean/northern_corn_leaf_blight/real/northern_corn_leaf_blight_maize_field_real_34548486.jpg,maize_field,6,6,northern_corn_leaf_blight,northern_corn_leaf_blight,0.5326719284057617,6,6,6
clean/nitrogen_deficiency/real/nitrogen_deficiency_corn_leaf_roboflow_real_19762482.jpg,corn_leaf_roboflow,5,5,nitrogen_deficiency,nitrogen_deficiency,0.4027635455131531,5,1,5
clean/gray_leaf_spot/real/gray_leaf_spot_corn_leaf_diseases_classification_roboflow_real_4a631d91.jpg,corn_leaf_diseases_classification_roboflow,2,2,gray_leaf_spot,gray_leaf_spot,0.9192100763320924,2,2,2
clean/nitrogen_deficiency/real/nitrogen_deficiency_corn_leaf_roboflow_real_21413214.jpg,corn_leaf_roboflow,5,5,nitrogen_deficiency,nitrogen_deficiency,0.8273627758026123,5,5,5
clean/northern_corn_leaf_blight/real/northern_corn_leaf_blight_maize_africa_real_74471966.jpg,maize_africa,6,6,northern_corn_leaf_blight,northern_corn_leaf_blight,0.8390878438949585,6,6,6
clean/healthy/real/healthy_maize_desease_v1.1_real_912.jpg,maize_desease_v1.1,3,3,healthy,healthy,0.8007190227508545,3,3,3
clean/lethal_necrosis/real/lethal_necrosis_maize_africa_real_21967262.jpg,maize_africa,4,4,lethal_necrosis,lethal_necrosis,0.844578742980957,4,4,4
clean/northern_corn_leaf_blight/lab/northern_corn_leaf_blight_cropdg_lab_424.jpg,cropdg,6,6,northern_corn_leaf_blight,northern_corn_leaf_blight,0.8268007040023804,6,6,6
clean/northern_corn_leaf_blight/real/northern_corn_leaf_blight_maize_africa_real_34321143.jpg,maize_africa,6,6,northern_corn_leaf_blight,northern_corn_leaf_blight,0.8239169716835022,6,6,6
clean/healthy/real/healthy_maize_desease_v1.1_real_2242.jpg,maize_desease_v1.1,3,3,healthy,healthy,0.8117810487747192,3,3,3
clean/northern_corn_leaf_blight/lab/northern_corn_leaf_blight_cropdg_lab_964.jpg,cropdg,6,6,northern_corn_leaf_blight,northern_corn_leaf_blight,0.8293642401695251,6,6,6
clean/gray_leaf_spot/real/gray_leaf_spot_maize_field_real_14808849.jpg,maize_field,2,2,gray_leaf_spot,gray_leaf_spot,0.6618069410324097,2,2,0
clean/northern_corn_leaf_blight/real/northern_corn_leaf_blight_maize_africa_real_18739020.jpg,maize_africa,6,6,northern_corn_leaf_blight,northern_corn_leaf_blight,0.8313590288162231,6,6,6
clean/northern_corn_leaf_blight/real/northern_corn_leaf_blight_maize_africa_real_71566141.jpg,maize_africa,6,6,northern_corn_leaf_blight,northern_corn_leaf_blight,0.827856183052063,6,6,6
clean/nitrogen_deficiency/real/nitrogen_deficiency_maize_nutrient_real_82792333.jpeg,maize_nutrient,5,6,nitrogen_deficiency,northern_corn_leaf_blight,0.403231143951416,8,6,8
clean/fall_armyworm/real/fall_armyworm_multi_desease_real_82117842.jpg,multi_desease,1,1,fall_armyworm,fall_armyworm,0.8706926703453064,1,1,1
clean/northern_corn_leaf_blight/real/northern_corn_leaf_blight_maize_africa_real_82138150.jpg,maize_africa,6,6,northern_corn_leaf_blight,northern_corn_leaf_blight,0.824598491191864,6,6,6
clean/fall_armyworm/real/fall_armyworm_multi_desease_real_23214862.jpg,multi_desease,1,1,fall_armyworm,fall_armyworm,0.866376519203186,1,1,1
clean/healthy/real/healthy_maize_desease_v1.1_real_4397.jpg,maize_desease_v1.1,3,3,healthy,healthy,0.8182679414749146,3,3,3
clean/healthy/real/healthy_cropdg_real_899.jpg,cropdg,3,3,healthy,healthy,0.8102751970291138,3,3,3
clean/fall_armyworm/real/fall_armyworm_multi_desease_real_48588100.jpg,multi_desease,1,1,fall_armyworm,fall_armyworm,0.8563764095306396,1,1,1
clean/northern_corn_leaf_blight/real/northern_corn_leaf_blight_maize_africa_real_98947866.jpg,maize_africa,6,6,northern_corn_leaf_blight,northern_corn_leaf_blight,0.8294810056686401,6,6,6
clean/healthy/real/healthy_maize_desease_v1.1_real_2482.jpg,maize_desease_v1.1,3,3,healthy,healthy,0.8148795366287231,3,3,3
clean/healthy/real/healthy_cropdg_real_827.jpg,cropdg,3,3,healthy,healthy,0.8207197189331055,3,3,3
clean/northern_corn_leaf_blight/real/northern_corn_leaf_blight_maize_africa_real_16676691.jpg,maize_africa,6,6,northern_corn_leaf_blight,northern_corn_leaf_blight,0.831231415271759,6,6,6
clean/healthy/real/healthy_maize_desease_v1.1_real_2226.jpg,maize_desease_v1.1,3,3,healthy,healthy,0.8124287128448486,3,3,3
clean/healthy/real/healthy_maize_desease_v1.1_real_4170.jpg,maize_desease_v1.1,3,3,healthy,healthy,0.8194512128829956,3,3,3
clean/lethal_necrosis/real/lethal_necrosis_multi_desease_real_15450535.jpeg,multi_desease,4,4,lethal_necrosis,lethal_necrosis,0.835187554359436,4,4,4
clean/common_rust/lab/common_rust_maize_desease_lab_40405028.jpg,maize_desease,0,0,common_rust,common_rust,0.9061606526374816,0,0,0
clean/healthy/real/healthy_maize_desease_v1.1_real_4366.jpg,maize_desease_v1.1,3,3,healthy,healthy,0.8085809350013733,3,3,3
clean/healthy/real/healthy_corn_leaf_roboflow_real_19306173.jpg,corn_leaf_roboflow,3,3,healthy,healthy,0.8099029064178467,3,3,3
clean/healthy/real/healthy_maize_desease_v1.1_real_4962.jpg,maize_desease_v1.1,3,3,healthy,healthy,0.7624396085739136,3,3,3
clean/healthy/real/healthy_maize_desease_v1.1_real_3256.jpg,maize_desease_v1.1,3,3,healthy,healthy,0.8289195895195007,3,3,3
clean/healthy/real/healthy_maize_desease_v1.1_real_590.jpg,maize_desease_v1.1,3,3,healthy,healthy,0.8169617652893066,3,3,3
clean/gray_leaf_spot/real/gray_leaf_spot_corn_leaf_diseases_classification_roboflow_real_6937124f.jpg,corn_leaf_diseases_classification_roboflow,2,2,gray_leaf_spot,gray_leaf_spot,0.9257214069366456,2,2,2
clean/lethal_necrosis/real/lethal_necrosis_maize_africa_real_85156148.jpg,maize_africa,4,4,lethal_necrosis,lethal_necrosis,0.8377941846847534,4,4,4
clean/healthy/real/healthy_cropdg_real_239.jpg,cropdg,3,3,healthy,healthy,0.8260626196861267,3,3,3
clean/northern_corn_leaf_blight/real/northern_corn_leaf_blight_maize_africa_real_22308986.jpg,maize_africa,6,6,northern_corn_leaf_blight,northern_corn_leaf_blight,0.8322591781616211,6,6,6
clean/potassium_deficiency/real/potassium_deficiency_maize_deficiency_scanner_roboflow_real_25376d6a.jpg,maize_deficiency_scanner_roboflow,8,8,potassium_deficiency,potassium_deficiency,0.8821581602096558,8,8,8
clean/lethal_necrosis/real/lethal_necrosis_maize_africa_real_82840561.jpg,maize_africa,4,4,lethal_necrosis,lethal_necrosis,0.8462079167366028,4,4,4
clean/lethal_necrosis/real/lethal_necrosis_multi_desease_real_89437480.jpeg,multi_desease,4,4,lethal_necrosis,lethal_necrosis,0.8470717668533325,4,4,4
clean/lethal_necrosis/real/lethal_necrosis_maize_africa_real_31539606.jpg,maize_africa,4,4,lethal_necrosis,lethal_necrosis,0.8372122049331665,4,4,4
clean/healthy/real/healthy_maize_desease_v1.1_real_1936.jpg,maize_desease_v1.1,3,3,healthy,healthy,0.8142904043197632,3,3,3
clean/lethal_necrosis/real/lethal_necrosis_multi_desease_real_38885141.jpeg,multi_desease,4,4,lethal_necrosis,lethal_necrosis,0.8366022706031799,4,4,4
clean/common_rust/lab/common_rust_multi_desease_lab_46818582.jpg,multi_desease,0,0,common_rust,common_rust,0.9079102277755736,0,0,0
clean/northern_corn_leaf_blight/real/northern_corn_leaf_blight_corn_leaf_roboflow_real_86628681.jpg,corn_leaf_roboflow,6,6,northern_corn_leaf_blight,northern_corn_leaf_blight,0.8128572702407837,6,6,6
clean/healthy/real/healthy_maize_desease_v1.1_real_1926.jpg,maize_desease_v1.1,3,3,healthy,healthy,0.8247380256652832,3,3,3
clean/fall_armyworm/real/fall_armyworm_maize_africa_real_66884348.jpg,maize_africa,1,1,fall_armyworm,fall_armyworm,0.8465210199356079,1,1,1
clean/lethal_necrosis/real/lethal_necrosis_multi_desease_real_98023520.jpeg,multi_desease,4,4,lethal_necrosis,lethal_necrosis,0.8431318402290344,4,4,4
clean/fall_armyworm/real/fall_armyworm_corn_leaf_roboflow_real_90390234.jpg,corn_leaf_roboflow,1,1,fall_armyworm,fall_armyworm,0.5903854966163635,1,1,6
clean/nitrogen_deficiency/real/nitrogen_deficiency_maize_nutrient_real_55337263.jpeg,maize_nutrient,5,1,nitrogen_deficiency,fall_armyworm,0.7793999910354614,1,1,1
clean/healthy/real/healthy_cropdg_real_546.jpg,cropdg,3,3,healthy,healthy,0.8256649374961853,3,3,3
clean/lethal_necrosis/real/lethal_necrosis_maize_africa_real_55065704.jpg,maize_africa,4,4,lethal_necrosis,lethal_necrosis,0.8325151205062866,4,4,4
clean/healthy/real/healthy_corn_leaf_roboflow_real_94451215.jpg,corn_leaf_roboflow,3,3,healthy,healthy,0.7287291884422302,3,3,3
clean/lethal_necrosis/real/lethal_necrosis_maize_africa_real_37623776.jpg,maize_africa,4,4,lethal_necrosis,lethal_necrosis,0.8395464420318604,4,4,4
clean/healthy/real/healthy_maize_desease_v1.1_real_653.jpg,maize_desease_v1.1,3,3,healthy,healthy,0.812704861164093,3,3,3
clean/northern_corn_leaf_blight/real/northern_corn_leaf_blight_maize_africa_real_65128442.jpg,maize_africa,6,6,northern_corn_leaf_blight,northern_corn_leaf_blight,0.8323730826377869,6,6,6
clean/fall_armyworm/real/fall_armyworm_multi_desease_real_22151468.jpg,multi_desease,1,1,fall_armyworm,fall_armyworm,0.862496018409729,1,1,1
clean/common_rust/lab/common_rust_multi_desease_lab_53574835.jpg,multi_desease,0,0,common_rust,common_rust,0.9062250256538392,0,0,0
clean/northern_corn_leaf_blight/real/northern_corn_leaf_blight_maize_africa_real_70579712.jpg,maize_africa,6,6,northern_corn_leaf_blight,northern_corn_leaf_blight,0.8278191685676575,6,6,6
clean/northern_corn_leaf_blight/real/northern_corn_leaf_blight_corn_leaf_roboflow_real_18534673.jpg,corn_leaf_roboflow,6,6,northern_corn_leaf_blight,northern_corn_leaf_blight,0.5626444816589355,6,6,6
clean/northern_corn_leaf_blight/real/northern_corn_leaf_blight_maize_africa_real_41010714.jpg,maize_africa,6,6,northern_corn_leaf_blight,northern_corn_leaf_blight,0.8306970596313477,6,6,6
clean/fall_armyworm/real/fall_armyworm_maize_africa_real_93411725.jpg,maize_africa,1,1,fall_armyworm,fall_armyworm,0.8560965657234192,1,1,1
clean/common_rust/lab/common_rust_multi_desease_lab_95111732.jpg,multi_desease,0,0,common_rust,common_rust,0.9097462892532348,0,0,0
clean/northern_corn_leaf_blight/lab/northern_corn_leaf_blight_cropdg_lab_324.jpg,cropdg,6,6,northern_corn_leaf_blight,northern_corn_leaf_blight,0.7494219541549683,6,6,6
clean/lethal_necrosis/real/lethal_necrosis_multi_desease_real_64429181.jpeg,multi_desease,4,4,lethal_necrosis,lethal_necrosis,0.8424955606460571,4,4,4
clean/lethal_necrosis/real/lethal_necrosis_multi_desease_real_74292019.jpeg,multi_desease,4,4,lethal_necrosis,lethal_necrosis,0.8340369462966919,4,4,4
clean/fall_armyworm/real/fall_armyworm_maize_africa_real_56996556.jpg,maize_africa,1,1,fall_armyworm,fall_armyworm,0.8611488342285156,1,1,1
clean/northern_corn_leaf_blight/lab/northern_corn_leaf_blight_cropdg_lab_584.jpg,cropdg,6,6,northern_corn_leaf_blight,northern_corn_leaf_blight,0.8252453207969666,6,6,6
clean/common_rust/lab/common_rust_multi_desease_lab_33058863.jpg,multi_desease,0,0,common_rust,common_rust,0.9033255577087402,0,0,0
clean/lethal_necrosis/real/lethal_necrosis_maize_africa_real_38180275.jpg,maize_africa,4,4,lethal_necrosis,lethal_necrosis,0.8504403829574585,4,4,4
clean/healthy/real/healthy_maize_desease_v1.1_real_2324.jpg,maize_desease_v1.1,3,3,healthy,healthy,0.8133386373519897,3,3,3
clean/healthy/real/healthy_maize_desease_v1.1_real_1775.jpg,maize_desease_v1.1,3,3,healthy,healthy,0.8257788419723511,3,3,3
clean/northern_corn_leaf_blight/real/northern_corn_leaf_blight_maize_africa_real_26037659.jpg,maize_africa,6,6,northern_corn_leaf_blight,northern_corn_leaf_blight,0.8261033296585083,6,6,6
clean/lethal_necrosis/real/lethal_necrosis_maize_africa_real_26621861.jpg,maize_africa,4,4,lethal_necrosis,lethal_necrosis,0.8526339530944824,4,4,4
clean/northern_corn_leaf_blight/real/northern_corn_leaf_blight_maize_africa_real_75211143.jpg,maize_africa,6,6,northern_corn_leaf_blight,northern_corn_leaf_blight,0.831275224685669,6,6,6
clean/lethal_necrosis/real/lethal_necrosis_maize_africa_real_60506044.jpg,maize_africa,4,4,lethal_necrosis,lethal_necrosis,0.8434522747993469,4,4,4
clean/healthy/real/healthy_maize_desease_v1.1_real_1423.jpg,maize_desease_v1.1,3,3,healthy,healthy,0.820690393447876,3,3,3
clean/healthy/real/healthy_maize_desease_v1.1_real_3401.jpg,maize_desease_v1.1,3,3,healthy,healthy,0.8031861782073975,3,3,3
clean/fall_armyworm/real/fall_armyworm_maize_africa_real_58356091.jpg,maize_africa,1,1,fall_armyworm,fall_armyworm,0.8606749773025513,1,1,1
clean/fall_armyworm/real/fall_armyworm_multi_desease_real_95418769.jpg,multi_desease,1,1,fall_armyworm,fall_armyworm,0.8398308753967285,1,1,1
clean/fall_armyworm/real/fall_armyworm_maize_africa_real_96809111.jpg,maize_africa,1,1,fall_armyworm,fall_armyworm,0.831619381904602,1,1,1
clean/healthy/real/healthy_maize_desease_v1.1_real_4205.jpg,maize_desease_v1.1,3,3,healthy,healthy,0.8239340782165527,3,3,3
clean/lethal_necrosis/real/lethal_necrosis_maize_africa_real_79460130.jpg,maize_africa,4,4,lethal_necrosis,lethal_necrosis,0.8439923524856567,4,4,4
clean/fall_armyworm/real/fall_armyworm_maize_africa_real_91996088.jpg,maize_africa,1,1,fall_armyworm,fall_armyworm,0.7810319662094116,1,1,1
clean/northern_corn_leaf_blight/real/northern_corn_leaf_blight_maize_africa_real_64808054.jpg,maize_africa,6,6,northern_corn_leaf_blight,northern_corn_leaf_blight,0.8361844420433044,6,6,6
clean/healthy/real/healthy_maize_desease_v1.1_real_2173.jpg,maize_desease_v1.1,3,3,healthy,healthy,0.7644726037979126,3,3,3
clean/phosphorus_deficiency/real/phosphorus_deficiency_corn_leaf_roboflow_real_39127250.jpg,corn_leaf_roboflow,7,7,phosphorus_deficiency,phosphorus_deficiency,0.6119301319122314,6,7,7
clean/potassium_deficiency/real/potassium_deficiency_maize_2_roboflow_real_eff9d489.jpg,maize_2_roboflow,8,5,potassium_deficiency,nitrogen_deficiency,0.9594579935073853,5,5,5
clean/northern_corn_leaf_blight/real/northern_corn_leaf_blight_corn_leaf_roboflow_real_57085799.jpg,corn_leaf_roboflow,6,6,northern_corn_leaf_blight,northern_corn_leaf_blight,0.8374217748641968,6,6,6
clean/lethal_necrosis/real/lethal_necrosis_multi_desease_real_87156742.jpeg,multi_desease,4,4,lethal_necrosis,lethal_necrosis,0.8479295969009399,4,4,4
clean/lethal_necrosis/real/lethal_necrosis_multi_desease_real_60679439.jpeg,multi_desease,4,4,lethal_necrosis,lethal_necrosis,0.8398033380508423,4,4,4
clean/common_rust/lab/common_rust_multi_desease_lab_46935721.jpg,multi_desease,0,0,common_rust,common_rust,0.9065908789634703,0,0,0
clean/healthy/real/healthy_maize_desease_v1.1_real_3425.jpg,maize_desease_v1.1,3,3,healthy,healthy,0.8247714042663574,3,3,3
clean/lethal_necrosis/real/lethal_necrosis_multi_desease_real_29460927.jpeg,multi_desease,4,4,lethal_necrosis,lethal_necrosis,0.845015287399292,4,4,4
clean/common_rust/lab/common_rust_multi_desease_lab_40135601.jpg,multi_desease,0,0,common_rust,common_rust,0.9077218770980836,0,0,0
clean/lethal_necrosis/real/lethal_necrosis_multi_desease_real_53352124.jpeg,multi_desease,4,4,lethal_necrosis,lethal_necrosis,0.8487391471862793,4,4,4
clean/gray_leaf_spot/real/gray_leaf_spot_maize_field_real_88141217.jpg,maize_field,2,2,gray_leaf_spot,gray_leaf_spot,0.9248415231704712,2,2,2
clean/northern_corn_leaf_blight/real/northern_corn_leaf_blight_maize_desease_real_26589671.jpg,maize_desease,6,6,northern_corn_leaf_blight,northern_corn_leaf_blight,0.837742269039154,6,6,6
clean/fall_armyworm/real/fall_armyworm_maize_africa_real_84494899.jpg,maize_africa,1,1,fall_armyworm,fall_armyworm,0.8457440137863159,1,1,1
clean/northern_corn_leaf_blight/lab/northern_corn_leaf_blight_cropdg_lab_709.jpg,cropdg,6,6,northern_corn_leaf_blight,northern_corn_leaf_blight,0.8214507699012756,6,6,6
clean/gray_leaf_spot/lab/gray_leaf_spot_cropdg_lab_80705514.jpg,cropdg,2,6,gray_leaf_spot,northern_corn_leaf_blight,0.4810822308063507,6,6,2
clean/phosphorus_deficiency/real/phosphorus_deficiency_maize_nutrient_real_23068973.jpeg,maize_nutrient,7,7,phosphorus_deficiency,phosphorus_deficiency,0.5433571338653564,7,7,5
clean/fall_armyworm/real/fall_armyworm_multi_desease_real_65383982.jpg,multi_desease,1,1,fall_armyworm,fall_armyworm,0.8661333918571472,1,1,1
clean/healthy/real/healthy_maize_africa_v1.2_real_527.jpg,maize_africa_v1.2,3,3,healthy,healthy,0.8225592374801636,3,3,3
clean/healthy/real/healthy_corn_leaf_roboflow_real_24603328.jpg,corn_leaf_roboflow,3,3,healthy,healthy,0.8207950592041016,3,3,3
clean/fall_armyworm/real/fall_armyworm_multi_desease_real_30814075.jpg,multi_desease,1,1,fall_armyworm,fall_armyworm,0.8609443306922913,1,1,1
clean/lethal_necrosis/real/lethal_necrosis_maize_africa_real_44642709.jpg,maize_africa,4,4,lethal_necrosis,lethal_necrosis,0.844107985496521,4,4,4
clean/healthy/real/healthy_maize_africa_v1.2_real_1167.jpg,maize_africa_v1.2,3,3,healthy,healthy,0.8101222515106201,3,3,3
clean/lethal_necrosis/real/lethal_necrosis_multi_desease_real_33050727.jpeg,multi_desease,4,4,lethal_necrosis,lethal_necrosis,0.844241738319397,4,4,4
clean/northern_corn_leaf_blight/lab/northern_corn_leaf_blight_cropdg_lab_673.jpg,cropdg,6,6,northern_corn_leaf_blight,northern_corn_leaf_blight,0.8549356460571289,6,6,6
clean/northern_corn_leaf_blight/real/northern_corn_leaf_blight_maize_africa_real_82501690.jpg,maize_africa,6,6,northern_corn_leaf_blight,northern_corn_leaf_blight,0.8331485390663147,6,6,6
clean/lethal_necrosis/real/lethal_necrosis_maize_africa_real_39828296.jpg,maize_africa,4,4,lethal_necrosis,lethal_necrosis,0.8487405180931091,4,4,4
clean/northern_corn_leaf_blight/real/northern_corn_leaf_blight_maize_africa_real_60023627.jpg,maize_africa,6,6,northern_corn_leaf_blight,northern_corn_leaf_blight,0.8257936239242554,6,6,6
clean/lethal_necrosis/real/lethal_necrosis_maize_africa_real_72395337.jpg,maize_africa,4,4,lethal_necrosis,lethal_necrosis,0.8363579511642456,4,4,4
clean/healthy/real/healthy_maize_desease_v1.1_real_3832.jpg,maize_desease_v1.1,3,3,healthy,healthy,0.817771852016449,3,3,3
clean/northern_corn_leaf_blight/real/northern_corn_leaf_blight_maize_desease_real_73077330.jpg,maize_desease,6,6,northern_corn_leaf_blight,northern_corn_leaf_blight,0.8338037729263306,6,6,6
clean/healthy/real/healthy_maize_africa_v1.2_real_1220.jpg,maize_africa_v1.2,3,3,healthy,healthy,0.8119570016860962,3,3,3
clean/healthy/real/healthy_maize_africa_v1.2_real_1042.jpg,maize_africa_v1.2,3,3,healthy,healthy,0.8232067227363586,3,3,3
clean/gray_leaf_spot/real/gray_leaf_spot_maize_field_real_15877015.jpg,maize_field,2,2,gray_leaf_spot,gray_leaf_spot,0.914604663848877,2,2,2
clean/healthy/real/healthy_maize_africa_v1.2_real_1545.jpg,maize_africa_v1.2,3,3,healthy,healthy,0.793037474155426,3,3,3
clean/northern_corn_leaf_blight/lab/northern_corn_leaf_blight_cropdg_lab_476.jpg,cropdg,6,6,northern_corn_leaf_blight,northern_corn_leaf_blight,0.8224012851715088,6,6,6
clean/nitrogen_deficiency/real/nitrogen_deficiency_maize_nutrient_real_43526839.jpeg,maize_nutrient,5,5,nitrogen_deficiency,nitrogen_deficiency,0.8269517421722412,5,5,5
clean/fall_armyworm/real/fall_armyworm_multi_desease_real_10181652.jpg,multi_desease,1,1,fall_armyworm,fall_armyworm,0.8558077216148376,1,1,1
clean/lethal_necrosis/real/lethal_necrosis_multi_desease_real_45350209.jpeg,multi_desease,4,4,lethal_necrosis,lethal_necrosis,0.8423453569412231,4,4,4
clean/healthy/real/healthy_maize_africa_v1.2_real_797.jpg,maize_africa_v1.2,3,3,healthy,healthy,0.8160378336906433,3,3,3
clean/potassium_deficiency/real/potassium_deficiency_maize_2_roboflow_real_f209bfcb.jpg,maize_2_roboflow,8,8,potassium_deficiency,potassium_deficiency,0.9544903039932252,8,8,8
clean/lethal_necrosis/real/lethal_necrosis_multi_desease_real_34015052.jpeg,multi_desease,4,4,lethal_necrosis,lethal_necrosis,0.8443590402603149,4,4,4
clean/lethal_necrosis/real/lethal_necrosis_maize_africa_real_96812737.jpg,maize_africa,4,4,lethal_necrosis,lethal_necrosis,0.8396049737930298,4,4,4
clean/healthy/real/healthy_maize_desease_v1.1_real_1219.jpg,maize_desease_v1.1,3,3,healthy,healthy,0.8166759014129639,3,3,3
clean/lethal_necrosis/real/lethal_necrosis_multi_desease_real_43580350.jpeg,multi_desease,4,4,lethal_necrosis,lethal_necrosis,0.8349691033363342,4,4,4
clean/healthy/real/healthy_maize_desease_v1.1_real_3472.jpg,maize_desease_v1.1,3,3,healthy,healthy,0.8228632807731628,3,3,3
clean/healthy/real/healthy_maize_desease_v1.1_real_2695.jpg,maize_desease_v1.1,3,3,healthy,healthy,0.811322033405304,3,3,3
clean/common_rust/lab/common_rust_maize_desease_lab_63671176.jpg,maize_desease,0,0,common_rust,common_rust,0.9032304286956788,0,0,0
clean/nitrogen_deficiency/real/nitrogen_deficiency_corn_leaf_roboflow_real_27855294.jpg,corn_leaf_roboflow,5,5,nitrogen_deficiency,nitrogen_deficiency,0.9454602003097534,5,5,5
clean/lethal_necrosis/real/lethal_necrosis_multi_desease_real_62809309.jpeg,multi_desease,4,4,lethal_necrosis,lethal_necrosis,0.868118166923523,4,4,4
clean/lethal_necrosis/real/lethal_necrosis_maize_africa_real_49410472.jpg,maize_africa,4,4,lethal_necrosis,lethal_necrosis,0.8201693892478943,4,4,4
clean/fall_armyworm/real/fall_armyworm_multi_desease_real_68860553.jpg,multi_desease,1,1,fall_armyworm,fall_armyworm,0.8694647550582886,1,1,1
clean/nitrogen_deficiency/real/nitrogen_deficiency_corn_leaf_roboflow_real_30027370.jpg,corn_leaf_roboflow,5,5,nitrogen_deficiency,nitrogen_deficiency,0.86850905418396,5,5,5
clean/fall_armyworm/real/fall_armyworm_multi_desease_real_18280725.jpg,multi_desease,1,1,fall_armyworm,fall_armyworm,0.8718221187591553,1,1,1
clean/gray_leaf_spot/real/gray_leaf_spot_corn_leaf_diseases_classification_roboflow_real_7eefab1a.jpg,corn_leaf_diseases_classification_roboflow,2,2,gray_leaf_spot,gray_leaf_spot,0.9207404255867004,2,2,2
clean/lethal_necrosis/real/lethal_necrosis_maize_africa_real_56719146.jpg,maize_africa,4,4,lethal_necrosis,lethal_necrosis,0.8340259194374084,4,4,4
clean/potassium_deficiency/real/potassium_deficiency_corn_leaf_roboflow_real_56106602.jpg,corn_leaf_roboflow,8,7,potassium_deficiency,phosphorus_deficiency,0.59931480884552,8,7,7
clean/northern_corn_leaf_blight/real/northern_corn_leaf_blight_maize_africa_real_82147259.jpg,maize_africa,6,6,northern_corn_leaf_blight,northern_corn_leaf_blight,0.8318048715591431,6,6,6
clean/healthy/real/healthy_maize_africa_v1.2_real_1852.jpg,maize_africa_v1.2,3,3,healthy,healthy,0.7706393003463745,3,3,3
clean/northern_corn_leaf_blight/real/northern_corn_leaf_blight_maize_africa_real_90457496.jpg,maize_africa,6,6,northern_corn_leaf_blight,northern_corn_leaf_blight,0.8357791304588318,6,6,6
clean/healthy/real/healthy_maize_africa_v1.2_real_1339.jpg,maize_africa_v1.2,3,3,healthy,healthy,0.8188638687133789,3,3,3
clean/potassium_deficiency/real/potassium_deficiency_corn_leaf_roboflow_real_91267887.jpg,corn_leaf_roboflow,8,8,potassium_deficiency,potassium_deficiency,0.9532898664474488,8,8,8
clean/lethal_necrosis/real/lethal_necrosis_multi_desease_real_82408041.jpeg,multi_desease,4,4,lethal_necrosis,lethal_necrosis,0.8181357383728027,4,4,4
clean/fall_armyworm/real/fall_armyworm_multi_desease_real_85348892.jpg,multi_desease,1,1,fall_armyworm,fall_armyworm,0.8627496957778931,1,1,1
clean/lethal_necrosis/real/lethal_necrosis_multi_desease_real_63847838.jpeg,multi_desease,4,4,lethal_necrosis,lethal_necrosis,0.8431010246276855,4,4,4
clean/northern_corn_leaf_blight/real/northern_corn_leaf_blight_maize_africa_real_37841384.jpg,maize_africa,6,6,northern_corn_leaf_blight,northern_corn_leaf_blight,0.8350151777267456,6,6,6
clean/lethal_necrosis/real/lethal_necrosis_multi_desease_real_47632704.jpeg,multi_desease,4,4,lethal_necrosis,lethal_necrosis,0.8217055201530457,4,4,4
clean/healthy/real/healthy_maize_desease_v1.1_real_3081.jpg,maize_desease_v1.1,3,3,healthy,healthy,0.829680323600769,3,3,3
clean/northern_corn_leaf_blight/real/northern_corn_leaf_blight_maize_africa_real_10041039.jpg,maize_africa,6,6,northern_corn_leaf_blight,northern_corn_leaf_blight,0.8273987174034119,6,6,6
clean/healthy/real/healthy_corn_leaf_roboflow_real_59379984.jpg,corn_leaf_roboflow,3,3,healthy,healthy,0.8208721876144409,3,3,3
clean/healthy/real/healthy_maize_desease_v1.1_real_3731.jpg,maize_desease_v1.1,3,3,healthy,healthy,0.8149843215942383,3,3,3
clean/northern_corn_leaf_blight/real/northern_corn_leaf_blight_maize_africa_real_65783922.jpg,maize_africa,6,6,northern_corn_leaf_blight,northern_corn_leaf_blight,0.8370562791824341,6,6,6
clean/lethal_necrosis/real/lethal_necrosis_multi_desease_real_34636035.jpeg,multi_desease,4,4,lethal_necrosis,lethal_necrosis,0.8157970905303955,4,4,4
clean/northern_corn_leaf_blight/real/northern_corn_leaf_blight_maize_africa_real_83187100.jpg,maize_africa,6,6,northern_corn_leaf_blight,northern_corn_leaf_blight,0.8255428075790405,6,6,6
clean/healthy/real/healthy_maize_africa_v1.2_real_888.jpg,maize_africa_v1.2,3,3,healthy,healthy,0.7816708087921143,3,3,3
clean/phosphorus_deficiency/real/phosphorus_deficiency_maize_2_roboflow_real_6e20cd92.jpg,maize_2_roboflow,7,7,phosphorus_deficiency,phosphorus_deficiency,0.4757698178291321,7,8,7
clean/lethal_necrosis/real/lethal_necrosis_multi_desease_real_46172797.jpeg,multi_desease,4,4,lethal_necrosis,lethal_necrosis,0.8338577151298523,4,4,4
clean/healthy/real/healthy_maize_desease_v1.1_real_4187.jpg,maize_desease_v1.1,3,3,healthy,healthy,0.8169232606887817,3,3,3
clean/lethal_necrosis/real/lethal_necrosis_maize_africa_real_74302337.jpg,maize_africa,4,4,lethal_necrosis,lethal_necrosis,0.8365457653999329,4,4,4
clean/potassium_deficiency/real/potassium_deficiency_maize_2_roboflow_real_705469e8.jpg,maize_2_roboflow,8,8,potassium_deficiency,potassium_deficiency,0.9566800594329834,8,8,8
clean/northern_corn_leaf_blight/real/northern_corn_leaf_blight_maize_africa_real_81229132.jpg,maize_africa,6,6,northern_corn_leaf_blight,northern_corn_leaf_blight,0.8306741714477539,6,6,6
clean/northern_corn_leaf_blight/real/northern_corn_leaf_blight_maize_field_real_61465003.jpg,maize_field,6,4,northern_corn_leaf_blight,lethal_necrosis,0.3331558406352997,6,4,4
clean/fall_armyworm/real/fall_armyworm_multi_desease_real_10681776.jpg,multi_desease,1,1,fall_armyworm,fall_armyworm,0.8441195487976074,1,1,1
clean/potassium_deficiency/real/potassium_deficiency_corn_leaf_roboflow_real_91673394.jpg,corn_leaf_roboflow,8,8,potassium_deficiency,potassium_deficiency,0.936386227607727,8,8,8
clean/potassium_deficiency/real/potassium_deficiency_maize_2_roboflow_real_5ef419bd.jpg,maize_2_roboflow,8,5,potassium_deficiency,nitrogen_deficiency,0.856283962726593,5,5,5
clean/healthy/real/healthy_maize_desease_v1.1_real_5178.jpg,maize_desease_v1.1,3,3,healthy,healthy,0.8179799318313599,3,3,3
clean/healthy/real/healthy_maize_desease_v1.1_real_1654.jpg,maize_desease_v1.1,3,3,healthy,healthy,0.8233610987663269,3,3,3
clean/healthy/real/healthy_maize_africa_v1.2_real_144.jpg,maize_africa_v1.2,3,3,healthy,healthy,0.7753643989562988,3,3,3
clean/fall_armyworm/real/fall_armyworm_multi_desease_real_54474871.jpg,multi_desease,1,1,fall_armyworm,fall_armyworm,0.7017738223075867,1,1,5
clean/phosphorus_deficiency/real/phosphorus_deficiency_maize_nutrient_real_55757074.jpeg,maize_nutrient,7,7,phosphorus_deficiency,phosphorus_deficiency,0.8292157649993896,7,7,7
clean/healthy/real/healthy_maize_desease_v1.1_real_582.jpg,maize_desease_v1.1,3,3,healthy,healthy,0.8160591125488281,3,3,3
clean/healthy/real/healthy_cropdg_real_618.jpg,cropdg,3,3,healthy,healthy,0.8158011436462402,3,3,3
clean/fall_armyworm/real/fall_armyworm_maize_africa_real_51721800.jpg,maize_africa,1,1,fall_armyworm,fall_armyworm,0.8533918261528015,1,1,1
clean/fall_armyworm/real/fall_armyworm_multi_desease_real_18535482.jpg,multi_desease,1,1,fall_armyworm,fall_armyworm,0.867429256439209,1,1,1
clean/gray_leaf_spot/real/gray_leaf_spot_corn_leaf_diseases_classification_roboflow_real_c3d4dec3.jpg,corn_leaf_diseases_classification_roboflow,2,2,gray_leaf_spot,gray_leaf_spot,0.9251552820205688,2,2,2
clean/lethal_necrosis/real/lethal_necrosis_maize_africa_real_46851457.jpg,maize_africa,4,4,lethal_necrosis,lethal_necrosis,0.8359183073043823,4,4,4
clean/northern_corn_leaf_blight/lab/northern_corn_leaf_blight_cropdg_lab_421.jpg,cropdg,6,6,northern_corn_leaf_blight,northern_corn_leaf_blight,0.8229556679725647,6,6,6
clean/phosphorus_deficiency/real/phosphorus_deficiency_corn_leaf_roboflow_real_68368423.jpg,corn_leaf_roboflow,7,7,phosphorus_deficiency,phosphorus_deficiency,0.9389697313308716,7,7,7
clean/lethal_necrosis/real/lethal_necrosis_multi_desease_real_86418611.jpeg,multi_desease,4,4,lethal_necrosis,lethal_necrosis,0.8193669319152832,4,4,4
clean/healthy/real/healthy_maize_desease_v1.1_real_4494.jpg,maize_desease_v1.1,3,3,healthy,healthy,0.8121735453605652,3,3,3
clean/northern_corn_leaf_blight/real/northern_corn_leaf_blight_maize_africa_real_76829033.jpg,maize_africa,6,6,northern_corn_leaf_blight,northern_corn_leaf_blight,0.8321812152862549,6,6,6
clean/northern_corn_leaf_blight/real/northern_corn_leaf_blight_maize_africa_real_19009121.jpg,maize_africa,6,6,northern_corn_leaf_blight,northern_corn_leaf_blight,0.8286468982696533,6,6,6
clean/lethal_necrosis/real/lethal_necrosis_maize_africa_real_18839170.jpg,maize_africa,4,4,lethal_necrosis,lethal_necrosis,0.8434314727783203,4,4,4
clean/lethal_necrosis/real/lethal_necrosis_maize_africa_real_61153580.jpg,maize_africa,4,4,lethal_necrosis,lethal_necrosis,0.8472951054573059,4,4,4
clean/fall_armyworm/real/fall_armyworm_multi_desease_real_10633341.jpg,multi_desease,1,1,fall_armyworm,fall_armyworm,0.8643730878829956,1,1,1
clean/fall_armyworm/real/fall_armyworm_maize_africa_real_80687010.jpg,maize_africa,1,1,fall_armyworm,fall_armyworm,0.8482160568237305,1,1,1
clean/healthy/real/healthy_maize_africa_v1.2_real_698.jpg,maize_africa_v1.2,3,3,healthy,healthy,0.8219286203384399,3,3,3
clean/common_rust/lab/common_rust_maize_desease_lab_14741500.jpg,maize_desease,0,0,common_rust,common_rust,0.9003301858901978,0,0,0
clean/healthy/real/healthy_maize_desease_v1.1_real_2043.jpg,maize_desease_v1.1,3,3,healthy,healthy,0.8168835639953613,3,3,3
clean/lethal_necrosis/real/lethal_necrosis_maize_africa_real_94254733.jpg,maize_africa,4,4,lethal_necrosis,lethal_necrosis,0.8320510387420654,4,4,4
clean/fall_armyworm/real/fall_armyworm_maize_africa_real_10717908.jpg,maize_africa,1,1,fall_armyworm,fall_armyworm,0.8674848675727844,1,1,1
clean/lethal_necrosis/real/lethal_necrosis_maize_africa_real_33269125.jpg,maize_africa,4,4,lethal_necrosis,lethal_necrosis,0.8397587537765503,4,4,4
clean/lethal_necrosis/real/lethal_necrosis_maize_africa_real_86370440.jpg,maize_africa,4,4,lethal_necrosis,lethal_necrosis,0.8493526577949524,4,4,4
clean/healthy/real/healthy_maize_desease_v1.1_real_4400.jpg,maize_desease_v1.1,3,3,healthy,healthy,0.8183168172836304,3,3,3
clean/lethal_necrosis/real/lethal_necrosis_multi_desease_real_87254157.jpeg,multi_desease,4,4,lethal_necrosis,lethal_necrosis,0.8552559614181519,4,4,4
clean/fall_armyworm/real/fall_armyworm_maize_africa_real_54531660.jpg,maize_africa,1,1,fall_armyworm,fall_armyworm,0.8509011268615723,1,1,1
clean/common_rust/lab/common_rust_multi_desease_lab_98481643.jpg,multi_desease,0,0,common_rust,common_rust,0.902243971824646,0,0,0
clean/northern_corn_leaf_blight/real/northern_corn_leaf_blight_maize_africa_real_25843351.jpg,maize_africa,6,6,northern_corn_leaf_blight,northern_corn_leaf_blight,0.8355192542076111,6,6,6
clean/healthy/real/healthy_maize_desease_v1.1_real_4900.jpg,maize_desease_v1.1,3,3,healthy,healthy,0.7968618869781494,3,3,3
clean/healthy/real/healthy_maize_desease_v1.1_real_4386.jpg,maize_desease_v1.1,3,3,healthy,healthy,0.8097905516624451,3,3,3
clean/healthy/real/healthy_cropdg_real_972.jpg,cropdg,3,3,healthy,healthy,0.8282990455627441,3,3,3
clean/healthy/real/healthy_maize_desease_v1.1_real_2414.jpg,maize_desease_v1.1,3,3,healthy,healthy,0.8289986252784729,3,3,3
clean/lethal_necrosis/real/lethal_necrosis_multi_desease_real_56740947.jpeg,multi_desease,4,4,lethal_necrosis,lethal_necrosis,0.8503798842430115,4,4,4
clean/northern_corn_leaf_blight/real/northern_corn_leaf_blight_maize_africa_real_84797323.jpg,maize_africa,6,6,northern_corn_leaf_blight,northern_corn_leaf_blight,0.8324791193008423,6,6,6
clean/northern_corn_leaf_blight/real/northern_corn_leaf_blight_maize_africa_real_10214253.jpg,maize_africa,6,6,northern_corn_leaf_blight,northern_corn_leaf_blight,0.8182900547981262,6,6,6
clean/nitrogen_deficiency/real/nitrogen_deficiency_corn_leaf_roboflow_real_65616361.jpg,corn_leaf_roboflow,5,5,nitrogen_deficiency,nitrogen_deficiency,0.9517375826835632,5,5,5
clean/healthy/real/healthy_maize_desease_v1.1_real_36.jpg,maize_desease_v1.1,3,3,healthy,healthy,0.7984955906867981,3,3,3
clean/lethal_necrosis/real/lethal_necrosis_maize_africa_real_78843295.jpg,maize_africa,4,4,lethal_necrosis,lethal_necrosis,0.8399254083633423,4,4,4
clean/healthy/real/healthy_maize_desease_v1.1_real_3742.jpg,maize_desease_v1.1,3,3,healthy,healthy,0.8180631399154663,3,3,3
clean/lethal_necrosis/real/lethal_necrosis_maize_africa_real_37903407.jpg,maize_africa,4,4,lethal_necrosis,lethal_necrosis,0.8351752758026123,4,4,4
clean/fall_armyworm/real/fall_armyworm_multi_desease_real_13479679.jpg,multi_desease,1,1,fall_armyworm,fall_armyworm,0.8645965456962585,1,1,1
clean/northern_corn_leaf_blight/real/northern_corn_leaf_blight_maize_desease_real_92548769.jpg,maize_desease,6,6,northern_corn_leaf_blight,northern_corn_leaf_blight,0.8225398063659668,6,6,6
clean/healthy/real/healthy_maize_africa_v1.2_real_445.jpg,maize_africa_v1.2,3,3,healthy,healthy,0.8172590732574463,3,3,3
clean/fall_armyworm/real/fall_armyworm_maize_africa_real_22394589.jpg,maize_africa,1,1,fall_armyworm,fall_armyworm,0.8584915399551392,1,1,1
clean/gray_leaf_spot/lab/gray_leaf_spot_cropdg_lab_23533250.jpg,cropdg,2,2,gray_leaf_spot,gray_leaf_spot,0.4528032541275024,2,6,6
clean/healthy/real/healthy_maize_africa_v1.2_real_1171.jpg,maize_africa_v1.2,3,3,healthy,healthy,0.8349334597587585,3,3,3
clean/northern_corn_leaf_blight/real/northern_corn_leaf_blight_maize_africa_real_99564550.jpg,maize_africa,6,6,northern_corn_leaf_blight,northern_corn_leaf_blight,0.8348547220230103,6,6,6
clean/lethal_necrosis/real/lethal_necrosis_maize_africa_real_21786339.jpg,maize_africa,4,4,lethal_necrosis,lethal_necrosis,0.8396974802017212,4,4,4
clean/fall_armyworm/real/fall_armyworm_corn_leaf_roboflow_real_62140075.jpg,corn_leaf_roboflow,1,1,fall_armyworm,fall_armyworm,0.8473204970359802,1,1,1
clean/healthy/real/healthy_maize_desease_v1.1_real_3998.jpg,maize_desease_v1.1,3,3,healthy,healthy,0.8143930435180664,3,3,3
clean/phosphorus_deficiency/real/phosphorus_deficiency_maize_2_roboflow_real_e11bdc79.jpg,maize_2_roboflow,7,7,phosphorus_deficiency,phosphorus_deficiency,0.9470171332359314,7,7,7
clean/healthy/real/healthy_maize_africa_v1_real_250.jpg,maize_africa_v1,3,3,healthy,healthy,0.815504789352417,3,3,3
clean/nitrogen_deficiency/real/nitrogen_deficiency_corn_leaf_roboflow_real_39493282.jpg,corn_leaf_roboflow,5,5,nitrogen_deficiency,nitrogen_deficiency,0.9427192211151124,5,5,5
clean/lethal_necrosis/real/lethal_necrosis_multi_desease_real_12019311.jpeg,multi_desease,4,4,lethal_necrosis,lethal_necrosis,0.840243935585022,4,4,4
clean/northern_corn_leaf_blight/real/northern_corn_leaf_blight_maize_africa_real_22329602.jpg,maize_africa,6,6,northern_corn_leaf_blight,northern_corn_leaf_blight,0.8281168341636658,6,6,6
clean/lethal_necrosis/real/lethal_necrosis_multi_desease_real_74372475.jpeg,multi_desease,4,4,lethal_necrosis,lethal_necrosis,0.8270900249481201,4,4,4
clean/fall_armyworm/real/fall_armyworm_corn_leaf_roboflow_real_14736087.jpg,corn_leaf_roboflow,1,1,fall_armyworm,fall_armyworm,0.8611584901809692,1,1,1
clean/healthy/real/healthy_cropdg_real_896.jpg,cropdg,3,3,healthy,healthy,0.8131553530693054,3,3,3
clean/healthy/real/healthy_cropdg_real_588.jpg,cropdg,3,3,healthy,healthy,0.8082570433616638,3,3,3
clean/healthy/real/healthy_maize_desease_v1.1_real_5226.jpg,maize_desease_v1.1,3,3,healthy,healthy,0.805766761302948,3,3,3
clean/northern_corn_leaf_blight/real/northern_corn_leaf_blight_maize_africa_real_26548411.jpg,maize_africa,6,6,northern_corn_leaf_blight,northern_corn_leaf_blight,0.8224644660949707,6,6,6
clean/common_rust/lab/common_rust_maize_desease_lab_53954685.jpg,maize_desease,0,0,common_rust,common_rust,0.8697625398635864,0,0,0
clean/fall_armyworm/real/fall_armyworm_multi_desease_real_30350899.jpg,multi_desease,1,1,fall_armyworm,fall_armyworm,0.855849027633667,1,1,1
clean/northern_corn_leaf_blight/real/northern_corn_leaf_blight_maize_africa_real_31091183.jpg,maize_africa,6,6,northern_corn_leaf_blight,northern_corn_leaf_blight,0.8325169086456299,6,6,6
clean/healthy/real/healthy_maize_desease_v1.1_real_1492.jpg,maize_desease_v1.1,3,3,healthy,healthy,0.8207005858421326,3,3,3
clean/healthy/real/healthy_maize_desease_v1.1_real_1257.jpg,maize_desease_v1.1,3,3,healthy,healthy,0.8152546882629395,3,3,3
clean/fall_armyworm/real/fall_armyworm_multi_desease_real_47948023.jpg,multi_desease,1,1,fall_armyworm,fall_armyworm,0.8601586222648621,1,1,1
clean/lethal_necrosis/real/lethal_necrosis_multi_desease_real_66069144.jpeg,multi_desease,4,4,lethal_necrosis,lethal_necrosis,0.610292911529541,0,4,4
clean/healthy/real/healthy_maize_desease_v1.1_real_1682.jpg,maize_desease_v1.1,3,3,healthy,healthy,0.8182329535484314,3,3,3
clean/healthy/real/healthy_maize_desease_v1.1_real_2862.jpg,maize_desease_v1.1,3,3,healthy,healthy,0.8244696259498596,3,3,3
clean/fall_armyworm/real/fall_armyworm_multi_desease_real_39086736.jpg,multi_desease,1,1,fall_armyworm,fall_armyworm,0.8627166152000427,1,1,1
clean/healthy/real/healthy_maize_desease_v1.1_real_5052.jpg,maize_desease_v1.1,3,3,healthy,healthy,0.8237006068229675,3,3,3
clean/fall_armyworm/real/fall_armyworm_maize_africa_real_45107184.jpg,maize_africa,1,1,fall_armyworm,fall_armyworm,0.8543739318847656,1,1,1
clean/healthy/real/healthy_maize_desease_v1.1_real_4230.jpg,maize_desease_v1.1,3,3,healthy,healthy,0.8218100070953369,3,3,3
clean/northern_corn_leaf_blight/real/northern_corn_leaf_blight_maize_desease_real_39388375.jpg,maize_desease,6,6,northern_corn_leaf_blight,northern_corn_leaf_blight,0.8241392970085144,6,6,6
clean/nitrogen_deficiency/real/nitrogen_deficiency_maize_2_roboflow_real_2eb16926.jpg,maize_2_roboflow,5,5,nitrogen_deficiency,nitrogen_deficiency,0.9180476665496826,5,5,5
clean/healthy/real/healthy_cropdg_real_566.jpg,cropdg,3,3,healthy,healthy,0.7054643630981445,3,3,3
clean/healthy/real/healthy_cropdg_real_187.jpg,cropdg,3,3,healthy,healthy,0.8099055290222168,3,3,3
clean/northern_corn_leaf_blight/real/northern_corn_leaf_blight_maize_africa_real_91969051.jpg,maize_africa,6,6,northern_corn_leaf_blight,northern_corn_leaf_blight,0.8145006895065308,6,6,6
clean/fall_armyworm/real/fall_armyworm_multi_desease_real_54622558.jpg,multi_desease,1,1,fall_armyworm,fall_armyworm,0.8557563424110413,1,1,1
clean/healthy/real/healthy_maize_desease_v1.1_real_3612.jpg,maize_desease_v1.1,3,3,healthy,healthy,0.8233774900436401,3,3,3
clean/healthy/real/healthy_maize_nutrient_real_5.jpeg,maize_nutrient,3,3,healthy,healthy,0.8263869285583496,3,3,3
clean/lethal_necrosis/real/lethal_necrosis_maize_africa_real_52300588.jpg,maize_africa,4,4,lethal_necrosis,lethal_necrosis,0.8428206443786621,4,4,4
clean/common_rust/lab/common_rust_maize_desease_lab_94386773.jpg,maize_desease,0,0,common_rust,common_rust,0.9043072462081908,0,0,0
clean/northern_corn_leaf_blight/lab/northern_corn_leaf_blight_cropdg_lab_510.jpg,cropdg,6,6,northern_corn_leaf_blight,northern_corn_leaf_blight,0.8274422883987427,6,6,6
clean/healthy/real/healthy_maize_africa_v1.2_real_279.jpg,maize_africa_v1.2,3,3,healthy,healthy,0.8232592940330505,3,3,3
clean/common_rust/lab/common_rust_multi_desease_lab_91227683.jpg,multi_desease,0,0,common_rust,common_rust,0.903451442718506,0,0,0
clean/northern_corn_leaf_blight/real/northern_corn_leaf_blight_maize_africa_real_61134165.jpg,maize_africa,6,6,northern_corn_leaf_blight,northern_corn_leaf_blight,0.8298266530036926,6,6,6
clean/northern_corn_leaf_blight/real/northern_corn_leaf_blight_maize_africa_real_63020768.jpg,maize_africa,6,6,northern_corn_leaf_blight,northern_corn_leaf_blight,0.8340954780578613,6,6,6
clean/healthy/real/healthy_maize_africa_v1_real_404.jpg,maize_africa_v1,3,3,healthy,healthy,0.8035452961921692,3,3,3
clean/healthy/real/healthy_maize_desease_v1.1_real_2824.jpg,maize_desease_v1.1,3,3,healthy,healthy,0.8289401531219482,3,3,3
clean/lethal_necrosis/real/lethal_necrosis_multi_desease_real_11715702.jpeg,multi_desease,4,4,lethal_necrosis,lethal_necrosis,0.8404838442802429,4,4,4
clean/phosphorus_deficiency/real/phosphorus_deficiency_corn_leaf_roboflow_real_69629733.jpg,corn_leaf_roboflow,7,7,phosphorus_deficiency,phosphorus_deficiency,0.9372543692588806,7,7,7
clean/lethal_necrosis/real/lethal_necrosis_multi_desease_real_57277770.jpeg,multi_desease,4,4,lethal_necrosis,lethal_necrosis,0.8729739189147949,4,4,4
clean/healthy/real/healthy_maize_desease_v1.1_real_3988.jpg,maize_desease_v1.1,3,3,healthy,healthy,0.8172614574432373,3,3,3
clean/common_rust/lab/common_rust_maize_desease_lab_36790958.jpg,maize_desease,0,0,common_rust,common_rust,0.9083534479141236,0,0,0
clean/northern_corn_leaf_blight/real/northern_corn_leaf_blight_maize_africa_real_81066757.jpg,maize_africa,6,6,northern_corn_leaf_blight,northern_corn_leaf_blight,0.7723942995071411,6,6,6
clean/healthy/real/healthy_maize_desease_v1.1_real_3688.jpg,maize_desease_v1.1,3,3,healthy,healthy,0.8012472987174988,3,3,3
clean/nitrogen_deficiency/real/nitrogen_deficiency_maize_2_roboflow_real_95443355.jpg,maize_2_roboflow,5,5,nitrogen_deficiency,nitrogen_deficiency,0.8466358780860901,5,5,5
clean/healthy/real/healthy_maize_desease_v1.1_real_4377.jpg,maize_desease_v1.1,3,3,healthy,healthy,0.8184774518013,3,3,3
clean/northern_corn_leaf_blight/lab/northern_corn_leaf_blight_cropdg_lab_581.jpg,cropdg,6,6,northern_corn_leaf_blight,northern_corn_leaf_blight,0.8182569146156311,6,6,6
clean/potassium_deficiency/real/potassium_deficiency_corn_leaf_roboflow_real_92456615.jpg,corn_leaf_roboflow,8,8,potassium_deficiency,potassium_deficiency,0.647078275680542,8,8,5
clean/lethal_necrosis/real/lethal_necrosis_maize_africa_real_29307121.jpg,maize_africa,4,4,lethal_necrosis,lethal_necrosis,0.8387045860290527,4,4,4
clean/fall_armyworm/real/fall_armyworm_maize_africa_real_35908823.jpg,maize_africa,1,1,fall_armyworm,fall_armyworm,0.8529654741287231,1,1,1
clean/northern_corn_leaf_blight/real/northern_corn_leaf_blight_maize_africa_real_82057021.jpg,maize_africa,6,6,northern_corn_leaf_blight,northern_corn_leaf_blight,0.8295544385910034,6,6,6
clean/gray_leaf_spot/real/gray_leaf_spot_maize_leaf_roboflow_real_32466f6e.jpg,maize_leaf_roboflow,2,2,gray_leaf_spot,gray_leaf_spot,0.9398330450057985,2,2,2
clean/fall_armyworm/real/fall_armyworm_multi_desease_real_79300997.jpg,multi_desease,1,1,fall_armyworm,fall_armyworm,0.8630868196487427,1,1,1
clean/northern_corn_leaf_blight/real/northern_corn_leaf_blight_corn_leaf_roboflow_real_50594204.jpg,corn_leaf_roboflow,6,6,northern_corn_leaf_blight,northern_corn_leaf_blight,0.8221109509468079,6,6,6
clean/healthy/real/healthy_maize_desease_v1.1_real_4914.jpg,maize_desease_v1.1,3,3,healthy,healthy,0.8287397027015686,3,3,3
clean/common_rust/lab/common_rust_multi_desease_lab_41263275.jpg,multi_desease,0,0,common_rust,common_rust,0.9077871441841124,0,0,0
clean/healthy/real/healthy_maize_desease_v1.1_real_4715.jpg,maize_desease_v1.1,3,3,healthy,healthy,0.8199172616004944,3,3,3
clean/northern_corn_leaf_blight/lab/northern_corn_leaf_blight_cropdg_lab_817.jpg,cropdg,6,6,northern_corn_leaf_blight,northern_corn_leaf_blight,0.8226239681243896,6,6,6
clean/gray_leaf_spot/real/gray_leaf_spot_corn_leaf_diseases_classification_roboflow_real_4de285ff.jpg,corn_leaf_diseases_classification_roboflow,2,2,gray_leaf_spot,gray_leaf_spot,0.8865909576416016,2,2,2
clean/fall_armyworm/real/fall_armyworm_maize_africa_real_63093713.jpg,maize_africa,1,1,fall_armyworm,fall_armyworm,0.8564051985740662,1,1,1
clean/common_rust/lab/common_rust_maize_desease_lab_87374991.jpg,maize_desease,0,0,common_rust,common_rust,0.8983617424964905,0,0,0
clean/healthy/real/healthy_maize_desease_v1.1_real_395.jpg,maize_desease_v1.1,3,3,healthy,healthy,0.8180786967277527,3,3,3
clean/healthy/real/healthy_maize_desease_v1.1_real_4407.jpg,maize_desease_v1.1,3,3,healthy,healthy,0.8049996495246887,3,3,3
clean/phosphorus_deficiency/real/phosphorus_deficiency_maize_2_roboflow_real_c2075434.jpg,maize_2_roboflow,7,5,phosphorus_deficiency,nitrogen_deficiency,0.6933311223983765,5,7,5
clean/northern_corn_leaf_blight/real/northern_corn_leaf_blight_maize_africa_real_52904884.jpg,maize_africa,6,6,northern_corn_leaf_blight,northern_corn_leaf_blight,0.8378354907035828,6,6,6
clean/potassium_deficiency/real/potassium_deficiency_maize_2_roboflow_real_d26c5021.jpg,maize_2_roboflow,8,5,potassium_deficiency,nitrogen_deficiency,0.4925000369548797,8,5,5
clean/healthy/real/healthy_maize_desease_v1.1_real_4789.jpg,maize_desease_v1.1,3,3,healthy,healthy,0.8285083770751953,3,3,3
clean/fall_armyworm/real/fall_armyworm_maize_africa_real_31925803.jpg,maize_africa,1,1,fall_armyworm,fall_armyworm,0.8537045121192932,1,1,1
clean/fall_armyworm/real/fall_armyworm_maize_africa_real_73951156.jpg,maize_africa,1,1,fall_armyworm,fall_armyworm,0.8649418354034424,1,1,1
clean/northern_corn_leaf_blight/real/northern_corn_leaf_blight_maize_africa_real_81676076.jpg,maize_africa,6,6,northern_corn_leaf_blight,northern_corn_leaf_blight,0.8436962366104126,6,6,6
clean/gray_leaf_spot/lab/gray_leaf_spot_cropdg_lab_83111211.jpg,cropdg,2,2,gray_leaf_spot,gray_leaf_spot,0.8824504613876343,2,2,2
clean/common_rust/lab/common_rust_maize_desease_lab_25116155.jpg,maize_desease,0,0,common_rust,common_rust,0.902655839920044,0,0,0
clean/northern_corn_leaf_blight/real/northern_corn_leaf_blight_maize_africa_real_91631489.jpg,maize_africa,6,6,northern_corn_leaf_blight,northern_corn_leaf_blight,0.8134317994117737,6,6,6
clean/healthy/real/healthy_maize_desease_v1.1_real_4378.jpg,maize_desease_v1.1,3,3,healthy,healthy,0.8200100064277649,3,3,3
clean/lethal_necrosis/real/lethal_necrosis_maize_africa_real_68892169.jpg,maize_africa,4,4,lethal_necrosis,lethal_necrosis,0.830315887928009,4,4,4
clean/healthy/real/healthy_maize_desease_v1.1_real_4702.jpg,maize_desease_v1.1,3,3,healthy,healthy,0.8137659430503845,3,3,3
clean/northern_corn_leaf_blight/lab/northern_corn_leaf_blight_cropdg_lab_354.jpg,cropdg,6,6,northern_corn_leaf_blight,northern_corn_leaf_blight,0.7983565926551819,6,6,6
clean/northern_corn_leaf_blight/real/northern_corn_leaf_blight_maize_africa_real_69110795.jpg,maize_africa,6,6,northern_corn_leaf_blight,northern_corn_leaf_blight,0.8381389379501343,6,6,6
clean/northern_corn_leaf_blight/real/northern_corn_leaf_blight_maize_africa_real_40623605.jpg,maize_africa,6,6,northern_corn_leaf_blight,northern_corn_leaf_blight,0.8406755924224854,6,6,6
clean/lethal_necrosis/real/lethal_necrosis_maize_africa_real_22188911.jpg,maize_africa,4,4,lethal_necrosis,lethal_necrosis,0.8419729471206665,4,4,4
clean/healthy/real/healthy_maize_africa_v1_real_143.jpg,maize_africa_v1,3,3,healthy,healthy,0.8179060220718384,3,3,3
clean/fall_armyworm/real/fall_armyworm_maize_africa_real_20456924.jpg,maize_africa,1,1,fall_armyworm,fall_armyworm,0.8536779880523682,1,1,1
clean/common_rust/lab/common_rust_maize_desease_lab_11848523.jpg,maize_desease,0,0,common_rust,common_rust,0.9043757915496826,0,0,0
clean/healthy/real/healthy_maize_desease_v1.1_real_66.jpg,maize_desease_v1.1,3,3,healthy,healthy,0.8252533674240112,3,3,3
clean/northern_corn_leaf_blight/real/northern_corn_leaf_blight_maize_field_real_50571076.jpg,maize_field,6,2,northern_corn_leaf_blight,gray_leaf_spot,0.7220972776412964,2,2,2
clean/northern_corn_leaf_blight/real/northern_corn_leaf_blight_maize_desease_real_70595111.jpg,maize_desease,6,6,northern_corn_leaf_blight,northern_corn_leaf_blight,0.8299527764320374,6,6,6
clean/lethal_necrosis/real/lethal_necrosis_multi_desease_real_54479946.jpeg,multi_desease,4,4,lethal_necrosis,lethal_necrosis,0.8388557434082031,4,4,4
clean/northern_corn_leaf_blight/real/northern_corn_leaf_blight_maize_africa_real_11519211.jpg,maize_africa,6,6,northern_corn_leaf_blight,northern_corn_leaf_blight,0.8364349603652954,6,6,6
clean/lethal_necrosis/real/lethal_necrosis_maize_africa_real_67130103.jpg,maize_africa,4,4,lethal_necrosis,lethal_necrosis,0.83976811170578,4,4,4
clean/common_rust/lab/common_rust_multi_desease_lab_75405193.jpg,multi_desease,0,0,common_rust,common_rust,0.912164866924286,0,0,0
clean/northern_corn_leaf_blight/real/northern_corn_leaf_blight_corn_leaf_roboflow_real_17160548.jpg,corn_leaf_roboflow,6,6,northern_corn_leaf_blight,northern_corn_leaf_blight,0.8303608894348145,6,6,6
clean/fall_armyworm/real/fall_armyworm_maize_africa_real_47460333.jpg,maize_africa,1,1,fall_armyworm,fall_armyworm,0.8623460531234741,1,1,1
clean/healthy/real/healthy_maize_desease_v1.1_real_203.jpg,maize_desease_v1.1,3,3,healthy,healthy,0.8210471868515015,3,3,3
clean/lethal_necrosis/real/lethal_necrosis_maize_africa_real_28853351.jpg,maize_africa,4,4,lethal_necrosis,lethal_necrosis,0.83524489402771,4,4,4
clean/fall_armyworm/real/fall_armyworm_corn_leaf_roboflow_real_96101693.jpg,corn_leaf_roboflow,1,1,fall_armyworm,fall_armyworm,0.8528719544410706,1,1,1
clean/healthy/real/healthy_maize_desease_v1.1_real_4484.jpg,maize_desease_v1.1,3,3,healthy,healthy,0.8140809535980225,3,3,3
clean/northern_corn_leaf_blight/real/northern_corn_leaf_blight_maize_africa_real_24288961.jpg,maize_africa,6,6,northern_corn_leaf_blight,northern_corn_leaf_blight,0.8275717496871948,6,6,6
clean/fall_armyworm/real/fall_armyworm_maize_africa_real_17236184.jpg,maize_africa,1,1,fall_armyworm,fall_armyworm,0.8423252105712891,1,1,1
clean/lethal_necrosis/real/lethal_necrosis_maize_africa_real_77908679.jpg,maize_africa,4,4,lethal_necrosis,lethal_necrosis,0.8445472121238708,4,4,4
clean/common_rust/lab/common_rust_multi_desease_lab_55590379.jpg,multi_desease,0,0,common_rust,common_rust,0.9057644009590148,0,0,0
clean/northern_corn_leaf_blight/real/northern_corn_leaf_blight_maize_africa_real_22389102.jpg,maize_africa,6,6,northern_corn_leaf_blight,northern_corn_leaf_blight,0.8352494835853577,6,6,6
clean/lethal_necrosis/real/lethal_necrosis_maize_africa_real_12279800.jpg,maize_africa,4,4,lethal_necrosis,lethal_necrosis,0.852156400680542,4,4,4
clean/lethal_necrosis/real/lethal_necrosis_multi_desease_real_92556716.jpeg,multi_desease,4,4,lethal_necrosis,lethal_necrosis,0.8424168229103088,4,4,4
clean/lethal_necrosis/real/lethal_necrosis_multi_desease_real_97383198.jpeg,multi_desease,4,4,lethal_necrosis,lethal_necrosis,0.8218735456466675,4,4,4
clean/nitrogen_deficiency/real/nitrogen_deficiency_maize_deficiency_scanner_roboflow_real_d2c68b83.jpg,maize_deficiency_scanner_roboflow,5,5,nitrogen_deficiency,nitrogen_deficiency,0.9467165470123292,5,5,5
clean/northern_corn_leaf_blight/real/northern_corn_leaf_blight_maize_africa_real_79743706.jpg,maize_africa,6,6,northern_corn_leaf_blight,northern_corn_leaf_blight,0.7505942583084106,6,6,6
clean/fall_armyworm/real/fall_armyworm_corn_leaf_roboflow_real_20822950.jpg,corn_leaf_roboflow,1,1,fall_armyworm,fall_armyworm,0.844124972820282,1,1,1
clean/potassium_deficiency/real/potassium_deficiency_corn_leaf_roboflow_real_91856667.jpg,corn_leaf_roboflow,8,5,potassium_deficiency,nitrogen_deficiency,0.7692097425460815,8,5,5
clean/nitrogen_deficiency/real/nitrogen_deficiency_corn_leaf_roboflow_real_39375961.jpg,corn_leaf_roboflow,5,5,nitrogen_deficiency,nitrogen_deficiency,0.950451672077179,5,5,5
clean/lethal_necrosis/real/lethal_necrosis_maize_africa_real_62390356.jpg,maize_africa,4,4,lethal_necrosis,lethal_necrosis,0.8470320701599121,4,4,4
clean/lethal_necrosis/real/lethal_necrosis_maize_africa_real_94843311.jpg,maize_africa,4,4,lethal_necrosis,lethal_necrosis,0.8436067700386047,4,4,4
clean/potassium_deficiency/real/potassium_deficiency_corn_leaf_roboflow_real_29591831.jpg,corn_leaf_roboflow,8,8,potassium_deficiency,potassium_deficiency,0.7417387962341309,8,8,8
clean/fall_armyworm/real/fall_armyworm_corn_leaf_roboflow_real_67699631.jpg,corn_leaf_roboflow,1,1,fall_armyworm,fall_armyworm,0.8619760870933533,1,1,1
clean/healthy/real/healthy_maize_desease_v1.1_real_4364.jpg,maize_desease_v1.1,3,3,healthy,healthy,0.8117126226425171,3,3,3
clean/healthy/real/healthy_maize_desease_v1.1_real_4522.jpg,maize_desease_v1.1,3,3,healthy,healthy,0.8106639385223389,3,3,3
clean/lethal_necrosis/real/lethal_necrosis_multi_desease_real_50710921.jpeg,multi_desease,4,4,lethal_necrosis,lethal_necrosis,0.8363348841667175,4,4,4
clean/lethal_necrosis/real/lethal_necrosis_maize_africa_real_94060034.jpg,maize_africa,4,4,lethal_necrosis,lethal_necrosis,0.8519517183303833,4,4,4
clean/northern_corn_leaf_blight/real/northern_corn_leaf_blight_maize_desease_real_35531288.jpg,maize_desease,6,6,northern_corn_leaf_blight,northern_corn_leaf_blight,0.8321119546890259,6,6,6
clean/healthy/real/healthy_maize_desease_v1.1_real_5318.jpg,maize_desease_v1.1,3,3,healthy,healthy,0.8218904733657837,3,3,3
clean/northern_corn_leaf_blight/real/northern_corn_leaf_blight_maize_africa_real_85182045.jpg,maize_africa,6,6,northern_corn_leaf_blight,northern_corn_leaf_blight,0.8355332612991333,6,6,6
clean/lethal_necrosis/real/lethal_necrosis_maize_africa_real_85399908.jpg,maize_africa,4,4,lethal_necrosis,lethal_necrosis,0.8452354669570923,4,4,4
clean/fall_armyworm/real/fall_armyworm_maize_africa_real_74361432.jpg,maize_africa,1,1,fall_armyworm,fall_armyworm,0.866318941116333,1,1,1
clean/healthy/real/healthy_maize_desease_v1.1_real_2712.jpg,maize_desease_v1.1,3,3,healthy,healthy,0.8201904892921448,3,3,3
clean/northern_corn_leaf_blight/lab/northern_corn_leaf_blight_cropdg_lab_888.jpg,cropdg,6,6,northern_corn_leaf_blight,northern_corn_leaf_blight,0.8267230987548828,6,6,6
clean/lethal_necrosis/real/lethal_necrosis_multi_desease_real_75699957.jpeg,multi_desease,4,4,lethal_necrosis,lethal_necrosis,0.8492672443389893,4,4,4
clean/healthy/real/healthy_maize_africa_v1.2_real_229.jpg,maize_africa_v1.2,3,3,healthy,healthy,0.8219552040100098,3,3,3
clean/northern_corn_leaf_blight/real/northern_corn_leaf_blight_corn_leaf_roboflow_real_59131856.jpg,corn_leaf_roboflow,6,6,northern_corn_leaf_blight,northern_corn_leaf_blight,0.8430063128471375,6,6,6
clean/healthy/real/healthy_maize_desease_v1.1_real_1640.jpg,maize_desease_v1.1,3,3,healthy,healthy,0.8306654691696167,3,3,3
clean/healthy/real/healthy_maize_desease_v1.1_real_4907.jpg,maize_desease_v1.1,3,3,healthy,healthy,0.8118245601654053,3,3,3
clean/potassium_deficiency/real/potassium_deficiency_maize_2_roboflow_real_d6c10a2a.jpg,maize_2_roboflow,8,8,potassium_deficiency,potassium_deficiency,0.9632808566093444,8,8,8
clean/fall_armyworm/real/fall_armyworm_multi_desease_real_25377556.jpg,multi_desease,1,1,fall_armyworm,fall_armyworm,0.8595364093780518,1,1,1
clean/healthy/real/healthy_maize_desease_v1.1_real_936.jpg,maize_desease_v1.1,3,3,healthy,healthy,0.8177428245544434,3,3,3
clean/lethal_necrosis/real/lethal_necrosis_maize_africa_real_89250840.jpg,maize_africa,4,4,lethal_necrosis,lethal_necrosis,0.8381011486053467,4,4,4
clean/fall_armyworm/real/fall_armyworm_maize_africa_real_99632095.jpg,maize_africa,1,1,fall_armyworm,fall_armyworm,0.8465564250946045,1,1,1
clean/gray_leaf_spot/real/gray_leaf_spot_maize_field_real_19331588.jpg,maize_field,2,2,gray_leaf_spot,gray_leaf_spot,0.91243177652359,2,2,2
clean/northern_corn_leaf_blight/real/northern_corn_leaf_blight_maize_africa_real_14729857.jpg,maize_africa,6,6,northern_corn_leaf_blight,northern_corn_leaf_blight,0.8428764343261719,6,6,6
clean/potassium_deficiency/real/potassium_deficiency_maize_2_roboflow_real_82b50a12.jpg,maize_2_roboflow,8,8,potassium_deficiency,potassium_deficiency,0.9570358991622924,8,8,8
clean/healthy/real/healthy_maize_africa_v1.2_real_1043.jpg,maize_africa_v1.2,3,3,healthy,healthy,0.8176704049110413,3,3,3
clean/northern_corn_leaf_blight/real/northern_corn_leaf_blight_maize_africa_real_60877553.jpg,maize_africa,6,6,northern_corn_leaf_blight,northern_corn_leaf_blight,0.8251796960830688,6,6,6
clean/lethal_necrosis/real/lethal_necrosis_maize_africa_real_73913126.jpg,maize_africa,4,4,lethal_necrosis,lethal_necrosis,0.8262826800346375,4,4,4
clean/healthy/real/healthy_maize_desease_v1.1_real_5113.jpg,maize_desease_v1.1,3,3,healthy,healthy,0.8142164349555969,3,3,3
clean/phosphorus_deficiency/real/phosphorus_deficiency_maize_2_roboflow_real_50dfdd13.jpg,maize_2_roboflow,7,7,phosphorus_deficiency,phosphorus_deficiency,0.9485244750976562,7,7,7
clean/lethal_necrosis/real/lethal_necrosis_maize_africa_real_22136109.jpg,maize_africa,4,4,lethal_necrosis,lethal_necrosis,0.8394958972930908,4,4,4
clean/fall_armyworm/real/fall_armyworm_maize_africa_real_42904252.jpg,maize_africa,1,1,fall_armyworm,fall_armyworm,0.8401370048522949,1,1,1
clean/fall_armyworm/real/fall_armyworm_maize_africa_real_66532892.jpg,maize_africa,1,1,fall_armyworm,fall_armyworm,0.853826105594635,1,1,1
clean/northern_corn_leaf_blight/real/northern_corn_leaf_blight_maize_africa_real_90490682.jpg,maize_africa,6,6,northern_corn_leaf_blight,northern_corn_leaf_blight,0.8274798393249512,6,6,6
clean/gray_leaf_spot/real/gray_leaf_spot_maize_leaf_roboflow_real_6212e60a.jpg,maize_leaf_roboflow,2,2,gray_leaf_spot,gray_leaf_spot,0.9253907203674316,2,2,2
clean/gray_leaf_spot/lab/gray_leaf_spot_cropdg_lab_66553306.jpg,cropdg,2,2,gray_leaf_spot,gray_leaf_spot,0.8825153112411499,2,2,2
clean/common_rust/lab/common_rust_maize_desease_lab_98246822.jpg,maize_desease,0,0,common_rust,common_rust,0.9067624807357788,0,0,0
clean/healthy/real/healthy_maize_desease_v1.1_real_543.jpg,maize_desease_v1.1,3,3,healthy,healthy,0.8162233829498291,3,3,3
clean/healthy/real/healthy_corn_leaf_roboflow_real_39880286.jpg,corn_leaf_roboflow,3,3,healthy,healthy,0.8028562664985657,3,3,3
clean/northern_corn_leaf_blight/real/northern_corn_leaf_blight_maize_desease_real_94644349.jpg,maize_desease,6,6,northern_corn_leaf_blight,northern_corn_leaf_blight,0.8183622360229492,6,6,6
clean/healthy/real/healthy_maize_desease_v1.1_real_246.jpg,maize_desease_v1.1,3,3,healthy,healthy,0.8158516883850098,3,3,3
clean/lethal_necrosis/real/lethal_necrosis_multi_desease_real_13790772.jpeg,multi_desease,4,4,lethal_necrosis,lethal_necrosis,0.8428075909614563,4,4,4
clean/northern_corn_leaf_blight/real/northern_corn_leaf_blight_maize_africa_real_94248103.jpg,maize_africa,6,6,northern_corn_leaf_blight,northern_corn_leaf_blight,0.8294768929481506,6,6,6
clean/healthy/real/healthy_maize_africa_v1_real_31.jpg,maize_africa_v1,3,3,healthy,healthy,0.821287989616394,3,3,3
clean/gray_leaf_spot/lab/gray_leaf_spot_cropdg_lab_90541142.jpg,cropdg,2,6,gray_leaf_spot,northern_corn_leaf_blight,0.8391410112380981,6,6,6
clean/lethal_necrosis/real/lethal_necrosis_multi_desease_real_16200799.jpeg,multi_desease,4,4,lethal_necrosis,lethal_necrosis,0.8364853858947754,4,4,4
clean/common_rust/lab/common_rust_maize_desease_lab_61716517.jpg,maize_desease,0,0,common_rust,common_rust,0.9105163812637328,0,0,0
clean/lethal_necrosis/real/lethal_necrosis_multi_desease_real_18947496.jpeg,multi_desease,4,4,lethal_necrosis,lethal_necrosis,0.8295456767082214,4,4,4
clean/gray_leaf_spot/real/gray_leaf_spot_maize_leaf_roboflow_real_b62efb06.jpg,maize_leaf_roboflow,2,2,gray_leaf_spot,gray_leaf_spot,0.9049912095069884,2,2,2
clean/healthy/real/healthy_corn_leaf_roboflow_real_90191802.jpg,corn_leaf_roboflow,3,3,healthy,healthy,0.8058684468269348,3,3,3
clean/lethal_necrosis/real/lethal_necrosis_multi_desease_real_63605491.jpeg,multi_desease,4,4,lethal_necrosis,lethal_necrosis,0.8410399556159973,4,4,4
clean/lethal_necrosis/real/lethal_necrosis_multi_desease_real_66987703.jpeg,multi_desease,4,4,lethal_necrosis,lethal_necrosis,0.8550182580947876,4,4,4
clean/fall_armyworm/real/fall_armyworm_maize_africa_real_98437897.jpg,maize_africa,1,1,fall_armyworm,fall_armyworm,0.8539703488349915,1,1,1
clean/healthy/real/healthy_corn_leaf_roboflow_real_82191522.jpg,corn_leaf_roboflow,3,3,healthy,healthy,0.806098997592926,3,3,3
clean/northern_corn_leaf_blight/real/northern_corn_leaf_blight_corn_leaf_roboflow_real_38080477.jpg,corn_leaf_roboflow,6,6,northern_corn_leaf_blight,northern_corn_leaf_blight,0.8289486765861511,6,6,6
clean/healthy/real/healthy_maize_desease_v1.1_real_4073.jpg,maize_desease_v1.1,3,3,healthy,healthy,0.8198724985122681,3,3,3
clean/northern_corn_leaf_blight/real/northern_corn_leaf_blight_maize_africa_real_33717359.jpg,maize_africa,6,6,northern_corn_leaf_blight,northern_corn_leaf_blight,0.835624098777771,6,6,6
clean/healthy/real/healthy_maize_desease_v1.1_real_1559.jpg,maize_desease_v1.1,3,3,healthy,healthy,0.8170977830886841,3,3,3
clean/lethal_necrosis/real/lethal_necrosis_maize_africa_real_14664863.jpg,maize_africa,4,4,lethal_necrosis,lethal_necrosis,0.8330587148666382,4,4,4
clean/fall_armyworm/real/fall_armyworm_corn_leaf_roboflow_real_49135924.jpg,corn_leaf_roboflow,1,1,fall_armyworm,fall_armyworm,0.8588173985481262,1,1,1
clean/northern_corn_leaf_blight/real/northern_corn_leaf_blight_maize_desease_real_38625482.jpg,maize_desease,6,6,northern_corn_leaf_blight,northern_corn_leaf_blight,0.827661395072937,6,6,6
clean/healthy/real/healthy_maize_africa_v1_real_272.jpg,maize_africa_v1,3,3,healthy,healthy,0.8219969272613525,3,3,3
clean/northern_corn_leaf_blight/real/northern_corn_leaf_blight_maize_africa_real_78550476.jpg,maize_africa,6,6,northern_corn_leaf_blight,northern_corn_leaf_blight,0.8481482267379761,6,6,6
clean/fall_armyworm/real/fall_armyworm_corn_leaf_roboflow_real_15478764.jpg,corn_leaf_roboflow,1,1,fall_armyworm,fall_armyworm,0.865294337272644,1,1,1
clean/northern_corn_leaf_blight/real/northern_corn_leaf_blight_maize_africa_real_61044167.jpg,maize_africa,6,6,northern_corn_leaf_blight,northern_corn_leaf_blight,0.8249329328536987,6,6,6
clean/common_rust/lab/common_rust_maize_desease_lab_59916798.jpg,maize_desease,0,0,common_rust,common_rust,0.9085795283317566,0,0,0
clean/lethal_necrosis/real/lethal_necrosis_multi_desease_real_25837825.jpeg,multi_desease,4,4,lethal_necrosis,lethal_necrosis,0.8548074960708618,4,4,4
clean/healthy/real/healthy_maize_desease_v1.1_real_248.jpg,maize_desease_v1.1,3,3,healthy,healthy,0.8335747122764587,3,3,3
clean/healthy/real/healthy_maize_desease_v1.1_real_5045.jpg,maize_desease_v1.1,3,3,healthy,healthy,0.8185044527053833,3,3,3
clean/nitrogen_deficiency/real/nitrogen_deficiency_maize_nutrient_real_24380093.jpeg,maize_nutrient,5,5,nitrogen_deficiency,nitrogen_deficiency,0.9674257040023804,5,5,5
clean/northern_corn_leaf_blight/real/northern_corn_leaf_blight_maize_africa_real_50525816.jpg,maize_africa,6,6,northern_corn_leaf_blight,northern_corn_leaf_blight,0.8392184376716614,6,6,6
clean/northern_corn_leaf_blight/real/northern_corn_leaf_blight_maize_africa_real_32565366.jpg,maize_africa,6,6,northern_corn_leaf_blight,northern_corn_leaf_blight,0.8295999765396118,6,6,6
clean/gray_leaf_spot/real/gray_leaf_spot_maize_field_real_81675525.jpg,maize_field,2,2,gray_leaf_spot,gray_leaf_spot,0.8159371018409729,2,2,2
clean/gray_leaf_spot/real/gray_leaf_spot_corn_leaf_diseases_classification_roboflow_real_4bfe9e09.jpg,corn_leaf_diseases_classification_roboflow,2,2,gray_leaf_spot,gray_leaf_spot,0.892560601234436,2,2,2
clean/healthy/real/healthy_maize_desease_v1.1_real_610.jpg,maize_desease_v1.1,3,3,healthy,healthy,0.8174955248832703,3,3,3
clean/fall_armyworm/real/fall_armyworm_maize_africa_real_56925604.jpg,maize_africa,1,1,fall_armyworm,fall_armyworm,0.8668349385261536,1,1,1
clean/lethal_necrosis/real/lethal_necrosis_multi_desease_real_70294681.jpeg,multi_desease,4,4,lethal_necrosis,lethal_necrosis,0.8458220362663269,4,4,4
clean/healthy/real/healthy_maize_africa_v1.2_real_106.jpg,maize_africa_v1.2,3,3,healthy,healthy,0.8138765692710876,3,3,3
clean/northern_corn_leaf_blight/real/northern_corn_leaf_blight_maize_desease_real_18730853.jpg,maize_desease,6,6,northern_corn_leaf_blight,northern_corn_leaf_blight,0.8293504118919373,6,6,6
clean/northern_corn_leaf_blight/lab/northern_corn_leaf_blight_cropdg_lab_268.jpg,cropdg,6,6,northern_corn_leaf_blight,northern_corn_leaf_blight,0.8157789707183838,6,6,6
clean/healthy/real/healthy_cropdg_real_426.jpg,cropdg,3,3,healthy,healthy,0.8232605457305908,3,3,3
clean/northern_corn_leaf_blight/real/northern_corn_leaf_blight_maize_africa_real_96642072.jpg,maize_africa,6,6,northern_corn_leaf_blight,northern_corn_leaf_blight,0.8549516201019287,6,6,6
clean/northern_corn_leaf_blight/real/northern_corn_leaf_blight_maize_africa_real_31348838.jpg,maize_africa,6,6,northern_corn_leaf_blight,northern_corn_leaf_blight,0.826528787612915,6,6,6
clean/lethal_necrosis/real/lethal_necrosis_maize_africa_real_75444011.jpg,maize_africa,4,4,lethal_necrosis,lethal_necrosis,0.832341730594635,4,4,4
clean/northern_corn_leaf_blight/real/northern_corn_leaf_blight_maize_africa_real_88859302.jpg,maize_africa,6,6,northern_corn_leaf_blight,northern_corn_leaf_blight,0.827378511428833,6,6,6
clean/fall_armyworm/real/fall_armyworm_multi_desease_real_38519486.jpg,multi_desease,1,1,fall_armyworm,fall_armyworm,0.866529643535614,1,1,1
clean/fall_armyworm/real/fall_armyworm_maize_africa_real_41268121.jpg,maize_africa,1,1,fall_armyworm,fall_armyworm,0.865581750869751,1,1,1
clean/northern_corn_leaf_blight/real/northern_corn_leaf_blight_corn_leaf_roboflow_real_73410350.jpg,corn_leaf_roboflow,6,6,northern_corn_leaf_blight,northern_corn_leaf_blight,0.827207088470459,6,6,6
clean/gray_leaf_spot/lab/gray_leaf_spot_cropdg_lab_71157833.jpg,cropdg,2,2,gray_leaf_spot,gray_leaf_spot,0.5302049517631531,2,6,2
clean/healthy/real/healthy_maize_desease_v1.1_real_939.jpg,maize_desease_v1.1,3,3,healthy,healthy,0.8117018938064575,3,3,3
clean/lethal_necrosis/real/lethal_necrosis_maize_africa_real_32248661.jpg,maize_africa,4,4,lethal_necrosis,lethal_necrosis,0.8440790176391602,4,4,4
clean/common_rust/lab/common_rust_maize_desease_lab_52962705.jpg,maize_desease,0,0,common_rust,common_rust,0.9030920267105104,0,0,0
clean/lethal_necrosis/real/lethal_necrosis_maize_africa_real_48107367.jpg,maize_africa,4,4,lethal_necrosis,lethal_necrosis,0.8492670655250549,4,4,4
clean/northern_corn_leaf_blight/real/northern_corn_leaf_blight_maize_africa_real_98249740.jpg,maize_africa,6,6,northern_corn_leaf_blight,northern_corn_leaf_blight,0.8276946544647217,6,6,6
clean/northern_corn_leaf_blight/real/northern_corn_leaf_blight_maize_desease_real_24046054.jpg,maize_desease,6,6,northern_corn_leaf_blight,northern_corn_leaf_blight,0.8126762509346008,6,6,6
clean/fall_armyworm/real/fall_armyworm_corn_leaf_roboflow_real_34552159.jpg,corn_leaf_roboflow,1,1,fall_armyworm,fall_armyworm,0.8477135896682739,1,1,1
clean/fall_armyworm/real/fall_armyworm_maize_africa_real_42562623.jpg,maize_africa,1,1,fall_armyworm,fall_armyworm,0.8658267855644226,1,1,1
clean/healthy/real/healthy_corn_leaf_roboflow_real_21467929.jpg,corn_leaf_roboflow,3,3,healthy,healthy,0.7884271144866943,3,3,3
clean/northern_corn_leaf_blight/real/northern_corn_leaf_blight_maize_desease_real_18651391.jpg,maize_desease,6,6,northern_corn_leaf_blight,northern_corn_leaf_blight,0.8318127393722534,6,6,6
clean/healthy/real/healthy_cropdg_real_1062.jpg,cropdg,3,3,healthy,healthy,0.8154880404472351,3,3,3
clean/lethal_necrosis/real/lethal_necrosis_multi_desease_real_51579442.jpeg,multi_desease,4,4,lethal_necrosis,lethal_necrosis,0.8470421433448792,4,4,4
clean/common_rust/lab/common_rust_maize_desease_lab_54302175.jpg,maize_desease,0,0,common_rust,common_rust,0.9070755243301392,0,0,0
clean/lethal_necrosis/real/lethal_necrosis_multi_desease_real_64769273.jpeg,multi_desease,4,4,lethal_necrosis,lethal_necrosis,0.8384569883346558,4,4,4
clean/healthy/real/healthy_maize_africa_v1.2_real_1066.jpg,maize_africa_v1.2,3,3,healthy,healthy,0.8186401128768921,3,3,3
clean/fall_armyworm/real/fall_armyworm_maize_africa_real_51503853.jpg,maize_africa,1,1,fall_armyworm,fall_armyworm,0.8531492948532104,1,1,1
clean/fall_armyworm/real/fall_armyworm_multi_desease_real_10778607.jpg,multi_desease,1,1,fall_armyworm,fall_armyworm,0.5959990620613098,1,1,1
clean/fall_armyworm/real/fall_armyworm_multi_desease_real_65650236.jpg,multi_desease,1,1,fall_armyworm,fall_armyworm,0.61879962682724,1,2,1
clean/gray_leaf_spot/real/gray_leaf_spot_corn_leaf_diseases_classification_roboflow_real_826b49f5.jpg,corn_leaf_diseases_classification_roboflow,2,2,gray_leaf_spot,gray_leaf_spot,0.9162227511405944,2,2,2
clean/healthy/real/healthy_maize_desease_v1.1_real_4967.jpg,maize_desease_v1.1,3,3,healthy,healthy,0.8198001384735107,3,3,3
clean/fall_armyworm/real/fall_armyworm_multi_desease_real_10307896.jpg,multi_desease,1,1,fall_armyworm,fall_armyworm,0.8371873497962952,1,1,1
clean/healthy/real/healthy_corn_leaf_roboflow_real_18721695.jpg,corn_leaf_roboflow,3,3,healthy,healthy,0.8222602605819702,3,3,3
clean/fall_armyworm/real/fall_armyworm_multi_desease_real_87513117.jpg,multi_desease,1,1,fall_armyworm,fall_armyworm,0.8592258095741272,1,1,1
clean/gray_leaf_spot/real/gray_leaf_spot_corn_leaf_diseases_classification_roboflow_real_79aca7ec.jpg,corn_leaf_diseases_classification_roboflow,2,2,gray_leaf_spot,gray_leaf_spot,0.7320713996887207,6,2,2
clean/healthy/real/healthy_corn_leaf_roboflow_real_93302653.jpg,corn_leaf_roboflow,3,3,healthy,healthy,0.8073697090148926,3,3,3
clean/lethal_necrosis/real/lethal_necrosis_multi_desease_real_31465026.jpeg,multi_desease,4,4,lethal_necrosis,lethal_necrosis,0.8390974402427673,4,4,4
clean/healthy/real/healthy_maize_desease_v1.1_real_416.jpg,maize_desease_v1.1,3,3,healthy,healthy,0.817848801612854,3,3,3
clean/healthy/real/healthy_maize_desease_v1.1_real_1536.jpg,maize_desease_v1.1,3,3,healthy,healthy,0.8127044439315796,3,3,3
clean/lethal_necrosis/real/lethal_necrosis_maize_africa_real_19455593.jpg,maize_africa,4,4,lethal_necrosis,lethal_necrosis,0.8424113988876343,4,4,4
clean/lethal_necrosis/real/lethal_necrosis_multi_desease_real_81909787.jpeg,multi_desease,4,4,lethal_necrosis,lethal_necrosis,0.8385639786720276,4,4,4
clean/lethal_necrosis/real/lethal_necrosis_maize_africa_real_59572837.jpg,maize_africa,4,4,lethal_necrosis,lethal_necrosis,0.846930980682373,4,4,4
clean/potassium_deficiency/real/potassium_deficiency_maize_2_roboflow_real_fde6dd1d.jpg,maize_2_roboflow,8,5,potassium_deficiency,nitrogen_deficiency,0.8563536405563354,5,5,5
clean/phosphorus_deficiency/real/phosphorus_deficiency_maize_2_roboflow_real_786c6b2b.jpg,maize_2_roboflow,7,7,phosphorus_deficiency,phosphorus_deficiency,0.9410431385040284,7,7,7
clean/northern_corn_leaf_blight/lab/northern_corn_leaf_blight_cropdg_lab_933.jpg,cropdg,6,6,northern_corn_leaf_blight,northern_corn_leaf_blight,0.8205506801605225,6,6,6
clean/healthy/real/healthy_maize_africa_v1.2_real_318.jpg,maize_africa_v1.2,3,3,healthy,healthy,0.8171136975288391,3,3,3
clean/northern_corn_leaf_blight/lab/northern_corn_leaf_blight_cropdg_lab_978.jpg,cropdg,6,6,northern_corn_leaf_blight,northern_corn_leaf_blight,0.8191465139389038,6,6,6
clean/nitrogen_deficiency/real/nitrogen_deficiency_corn_leaf_roboflow_real_22712110.jpg,corn_leaf_roboflow,5,5,nitrogen_deficiency,nitrogen_deficiency,0.9533945918083192,5,5,5
clean/gray_leaf_spot/lab/gray_leaf_spot_cropdg_lab_84033831.jpg,cropdg,2,2,gray_leaf_spot,gray_leaf_spot,0.8887791037559509,2,2,2
clean/fall_armyworm/real/fall_armyworm_maize_africa_real_40334072.jpg,maize_africa,1,1,fall_armyworm,fall_armyworm,0.8513315916061401,1,1,1
clean/phosphorus_deficiency/real/phosphorus_deficiency_maize_2_roboflow_real_2e7ff0d1.jpg,maize_2_roboflow,7,7,phosphorus_deficiency,phosphorus_deficiency,0.9350317716598512,7,7,7
clean/northern_corn_leaf_blight/real/northern_corn_leaf_blight_maize_africa_real_89574604.jpg,maize_africa,6,6,northern_corn_leaf_blight,northern_corn_leaf_blight,0.8386752605438232,6,6,6
clean/healthy/real/healthy_maize_africa_v1.2_real_1046.jpg,maize_africa_v1.2,3,3,healthy,healthy,0.8143559694290161,3,3,3
clean/healthy/real/healthy_maize_desease_v1.1_real_13.jpg,maize_desease_v1.1,3,3,healthy,healthy,0.8249008655548096,3,3,3
clean/lethal_necrosis/real/lethal_necrosis_multi_desease_real_55345818.jpeg,multi_desease,4,4,lethal_necrosis,lethal_necrosis,0.8457038402557373,4,4,4
clean/common_rust/lab/common_rust_maize_desease_lab_66793433.jpg,maize_desease,0,0,common_rust,common_rust,0.9080603122711182,0,0,0
clean/gray_leaf_spot/lab/gray_leaf_spot_cropdg_lab_37041461.jpg,cropdg,2,2,gray_leaf_spot,gray_leaf_spot,0.9212220907211304,2,2,2
clean/healthy/real/healthy_maize_desease_v1.1_real_4221.jpg,maize_desease_v1.1,3,3,healthy,healthy,0.800081193447113,3,3,3
clean/lethal_necrosis/real/lethal_necrosis_maize_africa_real_58042529.jpg,maize_africa,4,4,lethal_necrosis,lethal_necrosis,0.8434388637542725,4,4,4
clean/fall_armyworm/real/fall_armyworm_multi_desease_real_96136745.jpg,multi_desease,1,1,fall_armyworm,fall_armyworm,0.8630306124687195,1,1,1
clean/healthy/real/healthy_maize_desease_v1.1_real_3153.jpg,maize_desease_v1.1,3,3,healthy,healthy,0.8142821788787842,3,3,3
clean/healthy/real/healthy_cropdg_real_528.jpg,cropdg,3,3,healthy,healthy,0.8191052675247192,3,3,3
clean/healthy/real/healthy_maize_desease_v1.1_real_2519.jpg,maize_desease_v1.1,3,3,healthy,healthy,0.8154387474060059,3,3,3
clean/lethal_necrosis/real/lethal_necrosis_multi_desease_real_41622474.jpeg,multi_desease,4,4,lethal_necrosis,lethal_necrosis,0.8473930954933167,4,4,4
clean/healthy/real/healthy_cropdg_real_252.jpg,cropdg,3,3,healthy,healthy,0.8254156112670898,3,3,3
clean/lethal_necrosis/real/lethal_necrosis_maize_africa_real_54747766.jpg,maize_africa,4,4,lethal_necrosis,lethal_necrosis,0.8418045043945312,4,4,4
clean/healthy/real/healthy_cropdg_real_791.jpg,cropdg,3,3,healthy,healthy,0.8146048784255981,3,3,3
clean/healthy/real/healthy_maize_desease_v1.1_real_1739.jpg,maize_desease_v1.1,3,3,healthy,healthy,0.8075367212295532,3,3,3
clean/fall_armyworm/real/fall_armyworm_maize_africa_real_74422886.jpg,maize_africa,1,1,fall_armyworm,fall_armyworm,0.8571653366088867,1,1,1
clean/healthy/real/healthy_maize_desease_v1.1_real_2269.jpg,maize_desease_v1.1,3,3,healthy,healthy,0.7970446944236755,3,3,3
clean/fall_armyworm/real/fall_armyworm_maize_africa_real_19127197.jpg,maize_africa,1,1,fall_armyworm,fall_armyworm,0.8512008190155029,1,1,1
clean/healthy/real/healthy_maize_desease_v1.1_real_4051.jpg,maize_desease_v1.1,3,3,healthy,healthy,0.8208101391792297,3,3,3
clean/northern_corn_leaf_blight/real/northern_corn_leaf_blight_maize_africa_real_89696304.jpg,maize_africa,6,6,northern_corn_leaf_blight,northern_corn_leaf_blight,0.8294976949691772,6,6,6
clean/fall_armyworm/real/fall_armyworm_maize_africa_real_30421621.jpg,maize_africa,1,1,fall_armyworm,fall_armyworm,0.8676280975341797,1,1,1
clean/lethal_necrosis/real/lethal_necrosis_maize_africa_real_93597710.jpg,maize_africa,4,4,lethal_necrosis,lethal_necrosis,0.8398034572601318,4,4,4
clean/northern_corn_leaf_blight/real/northern_corn_leaf_blight_maize_africa_real_17860981.jpg,maize_africa,6,6,northern_corn_leaf_blight,northern_corn_leaf_blight,0.8335936069488525,6,6,6
clean/fall_armyworm/real/fall_armyworm_multi_desease_real_97593214.jpg,multi_desease,1,1,fall_armyworm,fall_armyworm,0.86397784948349,1,1,1
clean/healthy/real/healthy_maize_africa_v1.2_real_598.jpg,maize_africa_v1.2,3,3,healthy,healthy,0.8133986592292786,3,3,3
clean/potassium_deficiency/real/potassium_deficiency_maize_deficiency_scanner_roboflow_real_23d8b6a0.jpg,maize_deficiency_scanner_roboflow,8,8,potassium_deficiency,potassium_deficiency,0.7170247435569763,8,5,8
clean/healthy/real/healthy_cropdg_real_959.jpg,cropdg,3,3,healthy,healthy,0.8183290362358093,3,3,3
clean/fall_armyworm/real/fall_armyworm_maize_africa_real_54148985.jpg,maize_africa,1,1,fall_armyworm,fall_armyworm,0.8612731099128723,1,1,1
clean/fall_armyworm/real/fall_armyworm_maize_africa_real_51239859.jpg,maize_africa,1,1,fall_armyworm,fall_armyworm,0.8618704080581665,1,1,1
clean/healthy/real/healthy_maize_desease_v1.1_real_5134.jpg,maize_desease_v1.1,3,3,healthy,healthy,0.812812328338623,3,3,3
clean/fall_armyworm/real/fall_armyworm_maize_africa_real_73009817.jpg,maize_africa,1,1,fall_armyworm,fall_armyworm,0.8569352030754089,1,1,1
clean/healthy/real/healthy_maize_desease_v1.1_real_4776.jpg,maize_desease_v1.1,3,3,healthy,healthy,0.8261895179748535,3,3,3
clean/healthy/real/healthy_maize_desease_v1.1_real_207.jpg,maize_desease_v1.1,3,3,healthy,healthy,0.8233983516693115,3,3,3
clean/lethal_necrosis/real/lethal_necrosis_multi_desease_real_27816561.jpeg,multi_desease,4,4,lethal_necrosis,lethal_necrosis,0.8389472961425781,4,4,4
clean/northern_corn_leaf_blight/real/northern_corn_leaf_blight_maize_desease_real_96760338.jpg,maize_desease,6,6,northern_corn_leaf_blight,northern_corn_leaf_blight,0.8322290182113647,6,6,6
clean/northern_corn_leaf_blight/real/northern_corn_leaf_blight_maize_desease_real_63804674.jpg,maize_desease,6,6,northern_corn_leaf_blight,northern_corn_leaf_blight,0.8249342441558838,6,6,6
clean/fall_armyworm/real/fall_armyworm_multi_desease_real_42005076.jpg,multi_desease,1,1,fall_armyworm,fall_armyworm,0.8097282648086548,1,1,1
clean/healthy/real/healthy_maize_desease_v1.1_real_908.jpg,maize_desease_v1.1,3,3,healthy,healthy,0.7752567529678345,3,3,3
clean/northern_corn_leaf_blight/real/northern_corn_leaf_blight_maize_africa_real_98633563.jpg,maize_africa,6,6,northern_corn_leaf_blight,northern_corn_leaf_blight,0.8234041929244995,6,6,6
clean/potassium_deficiency/real/potassium_deficiency_maize_2_roboflow_real_d54d29a0.jpg,maize_2_roboflow,8,8,potassium_deficiency,potassium_deficiency,0.9246037006378174,8,8,8
clean/northern_corn_leaf_blight/real/northern_corn_leaf_blight_maize_africa_real_82038845.jpg,maize_africa,6,6,northern_corn_leaf_blight,northern_corn_leaf_blight,0.8377794027328491,6,6,6
clean/healthy/real/healthy_maize_africa_v1.2_real_31.jpg,maize_africa_v1.2,3,3,healthy,healthy,0.8025605082511902,3,3,3
clean/common_rust/lab/common_rust_maize_desease_lab_21600365.jpg,maize_desease,0,0,common_rust,common_rust,0.9053434729576112,0,0,0
clean/fall_armyworm/real/fall_armyworm_multi_desease_real_15296518.jpg,multi_desease,1,1,fall_armyworm,fall_armyworm,0.8511663675308228,1,1,1
clean/fall_armyworm/real/fall_armyworm_maize_africa_real_65933682.jpg,maize_africa,1,1,fall_armyworm,fall_armyworm,0.8547011613845825,1,1,1
clean/lethal_necrosis/real/lethal_necrosis_maize_africa_real_96077098.jpg,maize_africa,4,4,lethal_necrosis,lethal_necrosis,0.8392624258995056,4,4,4
clean/healthy/real/healthy_maize_africa_v1.2_real_1690.jpg,maize_africa_v1.2,3,3,healthy,healthy,0.8076540231704712,3,3,3
clean/northern_corn_leaf_blight/real/northern_corn_leaf_blight_maize_africa_real_94077946.jpg,maize_africa,6,6,northern_corn_leaf_blight,northern_corn_leaf_blight,0.832040548324585,6,6,6
clean/northern_corn_leaf_blight/real/northern_corn_leaf_blight_maize_africa_real_61174160.jpg,maize_africa,6,6,northern_corn_leaf_blight,northern_corn_leaf_blight,0.8290477991104126,6,6,6
clean/lethal_necrosis/real/lethal_necrosis_multi_desease_real_69842252.jpeg,multi_desease,4,4,lethal_necrosis,lethal_necrosis,0.8368263244628906,4,4,4
clean/lethal_necrosis/real/lethal_necrosis_maize_africa_real_57969388.jpg,maize_africa,4,4,lethal_necrosis,lethal_necrosis,0.821218729019165,4,4,4
clean/fall_armyworm/real/fall_armyworm_maize_africa_real_57456903.jpg,maize_africa,1,1,fall_armyworm,fall_armyworm,0.8743367791175842,1,1,1
clean/gray_leaf_spot/real/gray_leaf_spot_maize_field_real_78197340.jpg,maize_field,2,2,gray_leaf_spot,gray_leaf_spot,0.904106616973877,2,2,2
clean/healthy/real/healthy_maize_desease_v1.1_real_667.jpg,maize_desease_v1.1,3,3,healthy,healthy,0.8209402561187744,3,3,3
clean/healthy/real/healthy_maize_desease_v1.1_real_2244.jpg,maize_desease_v1.1,3,3,healthy,healthy,0.8148828148841858,3,3,3
clean/common_rust/lab/common_rust_maize_desease_lab_84306930.jpg,maize_desease,0,0,common_rust,common_rust,0.8975367546081543,0,0,0
clean/northern_corn_leaf_blight/real/northern_corn_leaf_blight_corn_leaf_roboflow_real_44594660.jpg,corn_leaf_roboflow,6,6,northern_corn_leaf_blight,northern_corn_leaf_blight,0.8236984014511108,6,6,6
clean/healthy/real/healthy_maize_desease_v1.1_real_2625.jpg,maize_desease_v1.1,3,3,healthy,healthy,0.8275185227394104,3,3,3
clean/northern_corn_leaf_blight/real/northern_corn_leaf_blight_maize_desease_real_34576092.jpg,maize_desease,6,6,northern_corn_leaf_blight,northern_corn_leaf_blight,0.8253703713417053,6,6,6
clean/gray_leaf_spot/real/gray_leaf_spot_maize_leaf_roboflow_real_75f9fd7a.jpg,maize_leaf_roboflow,2,2,gray_leaf_spot,gray_leaf_spot,0.9320555925369264,2,2,2
clean/common_rust/lab/common_rust_multi_desease_lab_17668825.jpg,multi_desease,0,0,common_rust,common_rust,0.90836101770401,0,0,0
clean/potassium_deficiency/real/potassium_deficiency_maize_2_roboflow_real_dabe5c43.jpg,maize_2_roboflow,8,8,potassium_deficiency,potassium_deficiency,0.9578916430473328,8,8,8
clean/fall_armyworm/real/fall_armyworm_corn_leaf_roboflow_real_69520388.jpg,corn_leaf_roboflow,1,1,fall_armyworm,fall_armyworm,0.8564162850379944,1,1,1
clean/lethal_necrosis/real/lethal_necrosis_maize_africa_real_17588205.jpg,maize_africa,4,4,lethal_necrosis,lethal_necrosis,0.8287640810012817,4,4,4
clean/healthy/real/healthy_maize_desease_v1.1_real_1580.jpg,maize_desease_v1.1,3,3,healthy,healthy,0.8253075480461121,3,3,3
clean/healthy/real/healthy_maize_africa_v1.2_real_1340.jpg,maize_africa_v1.2,3,3,healthy,healthy,0.8170130252838135,3,3,3
clean/healthy/real/healthy_maize_desease_v1.1_real_2176.jpg,maize_desease_v1.1,3,3,healthy,healthy,0.8152843713760376,3,3,3
clean/northern_corn_leaf_blight/real/northern_corn_leaf_blight_maize_africa_real_64179239.jpg,maize_africa,6,6,northern_corn_leaf_blight,northern_corn_leaf_blight,0.8201339840888977,6,6,6
clean/fall_armyworm/real/fall_armyworm_maize_africa_real_30289031.jpg,maize_africa,1,1,fall_armyworm,fall_armyworm,0.856943666934967,1,1,1
clean/potassium_deficiency/real/potassium_deficiency_maize_2_roboflow_real_c787b8ad.jpg,maize_2_roboflow,8,8,potassium_deficiency,potassium_deficiency,0.9585620164871216,8,8,8
clean/healthy/real/healthy_maize_desease_v1.1_real_3047.jpg,maize_desease_v1.1,3,3,healthy,healthy,0.8151862025260925,3,3,3
clean/fall_armyworm/real/fall_armyworm_maize_africa_real_23926103.jpg,maize_africa,1,1,fall_armyworm,fall_armyworm,0.835664689540863,1,1,1
clean/northern_corn_leaf_blight/real/northern_corn_leaf_blight_maize_africa_real_24431997.jpg,maize_africa,6,6,northern_corn_leaf_blight,northern_corn_leaf_blight,0.838388204574585,6,6,6
clean/lethal_necrosis/real/lethal_necrosis_maize_africa_real_65116806.jpg,maize_africa,4,4,lethal_necrosis,lethal_necrosis,0.8340262770652771,4,4,4
clean/lethal_necrosis/real/lethal_necrosis_multi_desease_real_37280232.jpeg,multi_desease,4,4,lethal_necrosis,lethal_necrosis,0.8414626717567444,4,4,4
clean/lethal_necrosis/real/lethal_necrosis_maize_africa_real_39612208.jpg,maize_africa,4,4,lethal_necrosis,lethal_necrosis,0.8457024097442627,4,4,4
clean/northern_corn_leaf_blight/real/northern_corn_leaf_blight_maize_africa_real_96478989.jpg,maize_africa,6,6,northern_corn_leaf_blight,northern_corn_leaf_blight,0.8008022904396057,6,6,6
clean/common_rust/lab/common_rust_multi_desease_lab_63091410.jpg,multi_desease,0,0,common_rust,common_rust,0.8603702187538147,0,0,0
clean/healthy/real/healthy_maize_desease_v1.1_real_1168.jpg,maize_desease_v1.1,3,3,healthy,healthy,0.8129551410675049,3,3,3
clean/healthy/real/healthy_maize_desease_v1.1_real_486.jpg,maize_desease_v1.1,3,3,healthy,healthy,0.8156724572181702,3,3,3
clean/northern_corn_leaf_blight/real/northern_corn_leaf_blight_maize_africa_real_32141860.jpg,maize_africa,6,6,northern_corn_leaf_blight,northern_corn_leaf_blight,0.8418682813644409,6,6,6
clean/northern_corn_leaf_blight/real/northern_corn_leaf_blight_maize_africa_real_91847800.jpg,maize_africa,6,6,northern_corn_leaf_blight,northern_corn_leaf_blight,0.8315615057945251,6,6,6
clean/lethal_necrosis/real/lethal_necrosis_maize_africa_real_13953526.jpg,maize_africa,4,4,lethal_necrosis,lethal_necrosis,0.842252790927887,4,4,4
clean/healthy/real/healthy_maize_africa_v1.2_real_380.jpg,maize_africa_v1.2,3,3,healthy,healthy,0.8147097826004028,3,3,3
clean/lethal_necrosis/real/lethal_necrosis_maize_africa_real_33694140.jpg,maize_africa,4,4,lethal_necrosis,lethal_necrosis,0.8453580141067505,4,4,4
clean/northern_corn_leaf_blight/real/northern_corn_leaf_blight_maize_africa_real_45186654.jpg,maize_africa,6,6,northern_corn_leaf_blight,northern_corn_leaf_blight,0.8324940800666809,6,6,6
clean/healthy/real/healthy_maize_desease_v1.1_real_2305.jpg,maize_desease_v1.1,3,3,healthy,healthy,0.8250969052314758,3,3,3
clean/fall_armyworm/real/fall_armyworm_maize_africa_real_15614364.jpg,maize_africa,1,1,fall_armyworm,fall_armyworm,0.8744959831237793,1,1,1
clean/lethal_necrosis/real/lethal_necrosis_multi_desease_real_26800786.jpeg,multi_desease,4,4,lethal_necrosis,lethal_necrosis,0.8526324033737183,4,4,4
clean/lethal_necrosis/real/lethal_necrosis_multi_desease_real_59219016.jpeg,multi_desease,4,4,lethal_necrosis,lethal_necrosis,0.8398158550262451,4,4,4
clean/northern_corn_leaf_blight/real/northern_corn_leaf_blight_maize_africa_real_30654954.jpg,maize_africa,6,6,northern_corn_leaf_blight,northern_corn_leaf_blight,0.8256840705871582,6,6,6
clean/northern_corn_leaf_blight/real/northern_corn_leaf_blight_maize_africa_real_30705900.jpg,maize_africa,6,6,northern_corn_leaf_blight,northern_corn_leaf_blight,0.8344669342041016,6,6,6
clean/northern_corn_leaf_blight/real/northern_corn_leaf_blight_corn_leaf_roboflow_real_27099748.jpg,corn_leaf_roboflow,6,6,northern_corn_leaf_blight,northern_corn_leaf_blight,0.8378588557243347,6,6,6
clean/lethal_necrosis/real/lethal_necrosis_maize_africa_real_33003003.jpg,maize_africa,4,4,lethal_necrosis,lethal_necrosis,0.8486781120300293,4,4,4
clean/lethal_necrosis/real/lethal_necrosis_maize_africa_real_98957363.jpg,maize_africa,4,4,lethal_necrosis,lethal_necrosis,0.8405245542526245,4,4,4
clean/lethal_necrosis/real/lethal_necrosis_maize_africa_real_92891799.jpg,maize_africa,4,4,lethal_necrosis,lethal_necrosis,0.8487482070922852,4,4,4
clean/fall_armyworm/real/fall_armyworm_maize_africa_real_41133775.jpg,maize_africa,1,1,fall_armyworm,fall_armyworm,0.8666945099830627,1,1,1
clean/healthy/real/healthy_cropdg_real_34.jpg,cropdg,3,3,healthy,healthy,0.8318406939506531,3,3,3
clean/healthy/real/healthy_cropdg_real_603.jpg,cropdg,3,3,healthy,healthy,0.7865358591079712,3,3,3
clean/fall_armyworm/real/fall_armyworm_maize_africa_real_50178997.jpg,maize_africa,1,1,fall_armyworm,fall_armyworm,0.8542891144752502,1,1,1
clean/lethal_necrosis/real/lethal_necrosis_multi_desease_real_67677145.jpeg,multi_desease,4,4,lethal_necrosis,lethal_necrosis,0.8577606678009033,4,4,4
clean/healthy/real/healthy_maize_desease_v1.1_real_2861.jpg,maize_desease_v1.1,3,3,healthy,healthy,0.8202829957008362,3,3,3
clean/healthy/real/healthy_maize_africa_v1_real_128.jpg,maize_africa_v1,3,3,healthy,healthy,0.8173754215240479,3,3,3
clean/common_rust/lab/common_rust_maize_desease_lab_11629751.jpg,maize_desease,0,0,common_rust,common_rust,0.9059187173843384,0,0,0
clean/common_rust/lab/common_rust_multi_desease_lab_46169189.jpg,multi_desease,0,0,common_rust,common_rust,0.9083651304244996,0,0,0
clean/northern_corn_leaf_blight/real/northern_corn_leaf_blight_corn_leaf_roboflow_real_30860601.jpg,corn_leaf_roboflow,6,6,northern_corn_leaf_blight,northern_corn_leaf_blight,0.7806553244590759,6,6,6
clean/northern_corn_leaf_blight/lab/northern_corn_leaf_blight_cropdg_lab_767.jpg,cropdg,6,6,northern_corn_leaf_blight,northern_corn_leaf_blight,0.7907366752624512,6,6,6
clean/common_rust/real/common_rust_maize_field_real_27307409.jpg,maize_field,0,6,common_rust,northern_corn_leaf_blight,0.8373066782951355,6,6,6
clean/lethal_necrosis/real/lethal_necrosis_maize_africa_real_75202146.jpg,maize_africa,4,4,lethal_necrosis,lethal_necrosis,0.8399466872215271,4,4,4
clean/common_rust/lab/common_rust_multi_desease_lab_61713753.jpg,multi_desease,0,0,common_rust,common_rust,0.9132452607154846,0,0,0
clean/healthy/real/healthy_maize_desease_v1.1_real_3645.jpg,maize_desease_v1.1,3,3,healthy,healthy,0.8202689290046692,3,3,3
clean/nitrogen_deficiency/real/nitrogen_deficiency_corn_leaf_roboflow_real_47882196.jpg,corn_leaf_roboflow,5,5,nitrogen_deficiency,nitrogen_deficiency,0.94700688123703,5,5,5
clean/fall_armyworm/real/fall_armyworm_maize_africa_real_91463167.jpg,maize_africa,1,1,fall_armyworm,fall_armyworm,0.8544971942901611,1,1,1
clean/northern_corn_leaf_blight/real/northern_corn_leaf_blight_corn_leaf_roboflow_real_26600671.jpg,corn_leaf_roboflow,6,6,northern_corn_leaf_blight,northern_corn_leaf_blight,0.718851625919342,6,6,6
clean/northern_corn_leaf_blight/real/northern_corn_leaf_blight_maize_africa_real_65428971.jpg,maize_africa,6,6,northern_corn_leaf_blight,northern_corn_leaf_blight,0.85249263048172,6,6,6
clean/healthy/real/healthy_maize_africa_v1.2_real_914.jpg,maize_africa_v1.2,3,3,healthy,healthy,0.8118756413459778,3,3,3
clean/healthy/real/healthy_maize_desease_v1.1_real_613.jpg,maize_desease_v1.1,3,3,healthy,healthy,0.8156821131706238,3,3,3
clean/healthy/real/healthy_maize_africa_v1.2_real_1629.jpg,maize_africa_v1.2,3,3,healthy,healthy,0.8005309104919434,3,3,3
clean/lethal_necrosis/real/lethal_necrosis_maize_africa_real_55979933.jpg,maize_africa,4,4,lethal_necrosis,lethal_necrosis,0.8380130529403687,4,4,4
clean/healthy/real/healthy_cropdg_real_819.jpg,cropdg,3,3,healthy,healthy,0.8201069831848145,3,3,3
clean/fall_armyworm/real/fall_armyworm_maize_africa_real_23126968.jpg,maize_africa,1,1,fall_armyworm,fall_armyworm,0.8077566623687744,1,1,1
clean/northern_corn_leaf_blight/real/northern_corn_leaf_blight_maize_africa_real_36053871.jpg,maize_africa,6,6,northern_corn_leaf_blight,northern_corn_leaf_blight,0.8393518328666687,6,6,6
clean/fall_armyworm/real/fall_armyworm_maize_africa_real_52363707.jpg,maize_africa,1,1,fall_armyworm,fall_armyworm,0.8713343739509583,1,1,1
clean/lethal_necrosis/real/lethal_necrosis_multi_desease_real_21967721.jpeg,multi_desease,4,4,lethal_necrosis,lethal_necrosis,0.832825779914856,4,4,4
clean/gray_leaf_spot/real/gray_leaf_spot_corn_leaf_diseases_classification_roboflow_real_3b40cfa3.jpg,corn_leaf_diseases_classification_roboflow,2,2,gray_leaf_spot,gray_leaf_spot,0.9251313209533693,2,2,2
clean/lethal_necrosis/real/lethal_necrosis_maize_africa_real_47268074.jpg,maize_africa,4,4,lethal_necrosis,lethal_necrosis,0.8387081027030945,4,4,4
clean/phosphorus_deficiency/real/phosphorus_deficiency_maize_nutrient_real_89791145.jpeg,maize_nutrient,7,7,phosphorus_deficiency,phosphorus_deficiency,0.8680926561355591,7,7,7
clean/lethal_necrosis/real/lethal_necrosis_maize_africa_real_77534668.jpg,maize_africa,4,4,lethal_necrosis,lethal_necrosis,0.8328909873962402,4,4,4
clean/gray_leaf_spot/lab/gray_leaf_spot_cropdg_lab_75411602.jpg,cropdg,2,2,gray_leaf_spot,gray_leaf_spot,0.8097827434539795,2,2,2
clean/northern_corn_leaf_blight/real/northern_corn_leaf_blight_maize_africa_real_92385601.jpg,maize_africa,6,6,northern_corn_leaf_blight,northern_corn_leaf_blight,0.8303617835044861,6,6,6
clean/fall_armyworm/real/fall_armyworm_maize_africa_real_33624686.jpg,maize_africa,1,1,fall_armyworm,fall_armyworm,0.8487523794174194,1,1,1
clean/healthy/real/healthy_maize_desease_v1.1_real_1593.jpg,maize_desease_v1.1,3,3,healthy,healthy,0.8167895674705505,3,3,3
clean/healthy/real/healthy_cropdg_real_893.jpg,cropdg,3,3,healthy,healthy,0.8315496444702148,3,3,3
clean/lethal_necrosis/real/lethal_necrosis_multi_desease_real_58616267.jpeg,multi_desease,4,4,lethal_necrosis,lethal_necrosis,0.8289026618003845,4,4,4
clean/healthy/real/healthy_maize_desease_v1.1_real_2238.jpg,maize_desease_v1.1,3,3,healthy,healthy,0.8155156373977661,3,3,3
clean/gray_leaf_spot/real/gray_leaf_spot_corn_leaf_diseases_classification_roboflow_real_a15dbd80.jpg,corn_leaf_diseases_classification_roboflow,2,2,gray_leaf_spot,gray_leaf_spot,0.9252784252166748,2,2,2
clean/northern_corn_leaf_blight/real/northern_corn_leaf_blight_maize_africa_real_46217690.jpg,maize_africa,6,6,northern_corn_leaf_blight,northern_corn_leaf_blight,0.8120850324630737,6,6,6
clean/fall_armyworm/real/fall_armyworm_corn_leaf_roboflow_real_71618841.jpg,corn_leaf_roboflow,1,1,fall_armyworm,fall_armyworm,0.8334980607032776,1,1,1
clean/phosphorus_deficiency/real/phosphorus_deficiency_maize_2_roboflow_real_33f4caf4.jpg,maize_2_roboflow,7,7,phosphorus_deficiency,phosphorus_deficiency,0.9542476534843444,7,7,7
clean/healthy/real/healthy_maize_desease_v1.1_real_1180.jpg,maize_desease_v1.1,3,3,healthy,healthy,0.7880995273590088,3,3,3
clean/healthy/real/healthy_maize_africa_v1.2_real_772.jpg,maize_africa_v1.2,3,3,healthy,healthy,0.8259010910987854,3,3,3
clean/lethal_necrosis/real/lethal_necrosis_multi_desease_real_28075127.jpeg,multi_desease,4,4,lethal_necrosis,lethal_necrosis,0.8444302082061768,4,4,4
clean/phosphorus_deficiency/real/phosphorus_deficiency_corn_leaf_roboflow_real_45523972.jpg,corn_leaf_roboflow,7,7,phosphorus_deficiency,phosphorus_deficiency,0.9324100613594056,7,7,7
clean/healthy/real/healthy_maize_africa_v1.2_real_1577.jpg,maize_africa_v1.2,3,3,healthy,healthy,0.8179092407226562,3,3,3
clean/healthy/real/healthy_maize_desease_v1.1_real_1889.jpg,maize_desease_v1.1,3,3,healthy,healthy,0.8263072371482849,3,3,3
clean/fall_armyworm/real/fall_armyworm_corn_leaf_roboflow_real_57963020.jpg,corn_leaf_roboflow,1,1,fall_armyworm,fall_armyworm,0.8620076775550842,1,1,1
clean/northern_corn_leaf_blight/real/northern_corn_leaf_blight_maize_africa_real_64771211.jpg,maize_africa,6,6,northern_corn_leaf_blight,northern_corn_leaf_blight,0.8341653347015381,6,6,6
clean/lethal_necrosis/real/lethal_necrosis_multi_desease_real_80502237.jpeg,multi_desease,4,4,lethal_necrosis,lethal_necrosis,0.8368778228759766,4,4,4
clean/common_rust/lab/common_rust_multi_desease_lab_93994410.jpg,multi_desease,0,0,common_rust,common_rust,0.8962253928184509,0,0,0
clean/healthy/real/healthy_maize_africa_v1.2_real_611.jpg,maize_africa_v1.2,3,3,healthy,healthy,0.8193172216415405,3,3,3
clean/lethal_necrosis/real/lethal_necrosis_multi_desease_real_43126405.jpeg,multi_desease,4,4,lethal_necrosis,lethal_necrosis,0.8394156098365784,4,4,4
clean/fall_armyworm/real/fall_armyworm_corn_leaf_roboflow_real_18017509.jpg,corn_leaf_roboflow,1,1,fall_armyworm,fall_armyworm,0.870154857635498,1,1,1
clean/healthy/real/healthy_maize_africa_v1.2_real_779.jpg,maize_africa_v1.2,3,3,healthy,healthy,0.76811283826828,3,3,3
clean/healthy/real/healthy_cropdg_real_1020.jpg,cropdg,3,3,healthy,healthy,0.8285056948661804,3,3,3
clean/common_rust/lab/common_rust_multi_desease_lab_57071450.jpg,multi_desease,0,0,common_rust,common_rust,0.9043419361114502,0,0,0
clean/healthy/real/healthy_maize_africa_v1.2_real_1740.jpg,maize_africa_v1.2,3,3,healthy,healthy,0.8098396062850952,3,3,3
clean/gray_leaf_spot/real/gray_leaf_spot_maize_field_real_19558855.jpg,maize_field,2,2,gray_leaf_spot,gray_leaf_spot,0.9257264733314514,2,2,2
clean/northern_corn_leaf_blight/real/northern_corn_leaf_blight_maize_africa_real_65047911.jpg,maize_africa,6,6,northern_corn_leaf_blight,northern_corn_leaf_blight,0.8214349746704102,6,6,6
clean/healthy/real/healthy_cropdg_real_939.jpg,cropdg,3,3,healthy,healthy,0.8111283779144287,3,3,3
clean/northern_corn_leaf_blight/real/northern_corn_leaf_blight_maize_africa_real_66264338.jpg,maize_africa,6,6,northern_corn_leaf_blight,northern_corn_leaf_blight,0.8260300159454346,6,6,6
clean/nitrogen_deficiency/real/nitrogen_deficiency_maize_deficiency_scanner_roboflow_real_2a01e7bc.jpg,maize_deficiency_scanner_roboflow,5,5,nitrogen_deficiency,nitrogen_deficiency,0.9561973810195924,5,5,5
clean/fall_armyworm/real/fall_armyworm_corn_leaf_roboflow_real_58025559.jpg,corn_leaf_roboflow,1,1,fall_armyworm,fall_armyworm,0.8444163799285889,1,1,1
clean/northern_corn_leaf_blight/real/northern_corn_leaf_blight_maize_africa_real_19389641.jpg,maize_africa,6,6,northern_corn_leaf_blight,northern_corn_leaf_blight,0.8361116647720337,6,6,6
clean/fall_armyworm/real/fall_armyworm_maize_africa_real_88514398.jpg,maize_africa,1,1,fall_armyworm,fall_armyworm,0.8656882047653198,1,1,1
clean/fall_armyworm/real/fall_armyworm_maize_africa_real_70364344.jpg,maize_africa,1,1,fall_armyworm,fall_armyworm,0.8545633554458618,1,1,1
clean/lethal_necrosis/real/lethal_necrosis_maize_africa_real_70604115.jpg,maize_africa,4,4,lethal_necrosis,lethal_necrosis,0.8511015176773071,4,4,4
clean/lethal_necrosis/real/lethal_necrosis_multi_desease_real_83455643.jpeg,multi_desease,4,4,lethal_necrosis,lethal_necrosis,0.8470014333724976,4,4,4
clean/gray_leaf_spot/real/gray_leaf_spot_maize_field_real_85754492.jpg,maize_field,2,2,gray_leaf_spot,gray_leaf_spot,0.9221178293228148,2,2,2
clean/northern_corn_leaf_blight/real/northern_corn_leaf_blight_maize_africa_real_73111263.jpg,maize_africa,6,6,northern_corn_leaf_blight,northern_corn_leaf_blight,0.8209545612335205,6,6,6
clean/northern_corn_leaf_blight/real/northern_corn_leaf_blight_maize_africa_real_45659467.jpg,maize_africa,6,6,northern_corn_leaf_blight,northern_corn_leaf_blight,0.8196383714675903,6,6,6
clean/nitrogen_deficiency/real/nitrogen_deficiency_maize_2_roboflow_real_cc9f053c.jpg,maize_2_roboflow,5,5,nitrogen_deficiency,nitrogen_deficiency,0.9335095286369324,5,5,5
clean/healthy/real/healthy_maize_desease_v1.1_real_1647.jpg,maize_desease_v1.1,3,3,healthy,healthy,0.819631814956665,3,3,3
clean/potassium_deficiency/real/potassium_deficiency_maize_deficiency_scanner_roboflow_real_5244ee8a.jpg,maize_deficiency_scanner_roboflow,8,8,potassium_deficiency,potassium_deficiency,0.941573202610016,8,8,8
clean/lethal_necrosis/real/lethal_necrosis_maize_africa_real_67133634.jpg,maize_africa,4,4,lethal_necrosis,lethal_necrosis,0.84113609790802,4,4,4
clean/northern_corn_leaf_blight/real/northern_corn_leaf_blight_maize_desease_real_72994377.jpg,maize_desease,6,6,northern_corn_leaf_blight,northern_corn_leaf_blight,0.7780102491378784,6,6,6
clean/gray_leaf_spot/real/gray_leaf_spot_corn_leaf_diseases_classification_roboflow_real_9c4db14f.jpg,corn_leaf_diseases_classification_roboflow,2,0,gray_leaf_spot,common_rust,0.52597576379776,0,0,2
clean/common_rust/lab/common_rust_maize_desease_lab_23580034.jpg,maize_desease,0,0,common_rust,common_rust,0.9050307273864746,0,0,0
clean/healthy/real/healthy_cropdg_real_707.jpg,cropdg,3,3,healthy,healthy,0.8247332572937012,3,3,3
clean/healthy/real/healthy_cropdg_real_780.jpg,cropdg,3,3,healthy,healthy,0.803869366645813,3,3,3
clean/fall_armyworm/real/fall_armyworm_corn_leaf_roboflow_real_37281439.jpg,corn_leaf_roboflow,1,1,fall_armyworm,fall_armyworm,0.8110178709030151,1,1,1
clean/fall_armyworm/real/fall_armyworm_maize_africa_real_88005384.jpg,maize_africa,1,1,fall_armyworm,fall_armyworm,0.8575325608253479,1,1,1
clean/healthy/real/healthy_maize_desease_v1.1_real_2879.jpg,maize_desease_v1.1,3,3,healthy,healthy,0.8228136301040649,3,3,3
clean/healthy/real/healthy_cropdg_real_146.jpg,cropdg,3,3,healthy,healthy,0.8146950006484985,3,3,3
clean/northern_corn_leaf_blight/real/northern_corn_leaf_blight_maize_africa_real_59846928.jpg,maize_africa,6,6,northern_corn_leaf_blight,northern_corn_leaf_blight,0.8190197944641113,6,6,6
clean/northern_corn_leaf_blight/lab/northern_corn_leaf_blight_cropdg_lab_645.jpg,cropdg,6,6,northern_corn_leaf_blight,northern_corn_leaf_blight,0.8315473198890686,6,6,6
clean/northern_corn_leaf_blight/real/northern_corn_leaf_blight_maize_africa_real_54733067.jpg,maize_africa,6,6,northern_corn_leaf_blight,northern_corn_leaf_blight,0.8359729051589966,6,6,6
clean/healthy/real/healthy_maize_desease_v1.1_real_3351.jpg,maize_desease_v1.1,3,3,healthy,healthy,0.8107296228408813,3,3,3
clean/northern_corn_leaf_blight/real/northern_corn_leaf_blight_maize_africa_real_46745594.jpg,maize_africa,6,6,northern_corn_leaf_blight,northern_corn_leaf_blight,0.8254761099815369,6,6,6
clean/lethal_necrosis/real/lethal_necrosis_maize_africa_real_89617512.jpg,maize_africa,4,4,lethal_necrosis,lethal_necrosis,0.8408749103546143,4,4,4
clean/fall_armyworm/real/fall_armyworm_multi_desease_real_52332028.jpg,multi_desease,1,1,fall_armyworm,fall_armyworm,0.869208812713623,1,1,1
clean/healthy/real/healthy_maize_desease_v1.1_real_1089.jpg,maize_desease_v1.1,3,3,healthy,healthy,0.8078383207321167,3,3,3
clean/fall_armyworm/real/fall_armyworm_maize_africa_real_35936584.jpg,maize_africa,1,1,fall_armyworm,fall_armyworm,0.8479803800582886,1,1,1
clean/healthy/real/healthy_maize_africa_v1.2_real_532.jpg,maize_africa_v1.2,3,3,healthy,healthy,0.8225207924842834,3,3,3
clean/northern_corn_leaf_blight/real/northern_corn_leaf_blight_maize_africa_real_27066239.jpg,maize_africa,6,6,northern_corn_leaf_blight,northern_corn_leaf_blight,0.8217939734458923,6,6,6
clean/northern_corn_leaf_blight/real/northern_corn_leaf_blight_maize_africa_real_42164438.jpg,maize_africa,6,6,northern_corn_leaf_blight,northern_corn_leaf_blight,0.8303021788597107,6,6,6
clean/healthy/real/healthy_maize_desease_v1.1_real_2574.jpg,maize_desease_v1.1,3,3,healthy,healthy,0.8139045238494873,3,3,3
clean/northern_corn_leaf_blight/lab/northern_corn_leaf_blight_cropdg_lab_413.jpg,cropdg,6,6,northern_corn_leaf_blight,northern_corn_leaf_blight,0.8194302916526794,6,6,6
clean/healthy/real/healthy_maize_desease_v1.1_real_4254.jpg,maize_desease_v1.1,3,3,healthy,healthy,0.8175991773605347,3,3,3
clean/healthy/real/healthy_corn_leaf_roboflow_real_83917417.jpg,corn_leaf_roboflow,3,3,healthy,healthy,0.7999728918075562,3,3,3
clean/lethal_necrosis/real/lethal_necrosis_multi_desease_real_39179843.jpeg,multi_desease,4,4,lethal_necrosis,lethal_necrosis,0.8482944965362549,4,4,4
clean/healthy/real/healthy_maize_desease_v1.1_real_622.jpg,maize_desease_v1.1,3,3,healthy,healthy,0.8264058828353882,3,3,3
clean/fall_armyworm/real/fall_armyworm_multi_desease_real_76602439.jpg,multi_desease,1,1,fall_armyworm,fall_armyworm,0.8600966930389404,1,1,1
clean/common_rust/lab/common_rust_maize_desease_lab_11225463.jpg,maize_desease,0,0,common_rust,common_rust,0.9011631608009338,0,0,0
clean/fall_armyworm/real/fall_armyworm_multi_desease_real_15412788.jpg,multi_desease,1,1,fall_armyworm,fall_armyworm,0.8442555665969849,1,1,1
clean/lethal_necrosis/real/lethal_necrosis_multi_desease_real_39233041.jpeg,multi_desease,4,4,lethal_necrosis,lethal_necrosis,0.8603314161300659,4,4,4
clean/lethal_necrosis/real/lethal_necrosis_multi_desease_real_99972326.jpeg,multi_desease,4,4,lethal_necrosis,lethal_necrosis,0.7697275280952454,4,4,4
clean/phosphorus_deficiency/real/phosphorus_deficiency_corn_leaf_roboflow_real_53016340.jpg,corn_leaf_roboflow,7,7,phosphorus_deficiency,phosphorus_deficiency,0.9348785877227784,7,7,7
clean/healthy/real/healthy_maize_desease_v1.1_real_2181.jpg,maize_desease_v1.1,3,3,healthy,healthy,0.8195812702178955,3,3,3
clean/northern_corn_leaf_blight/real/northern_corn_leaf_blight_maize_africa_real_89740059.jpg,maize_africa,6,6,northern_corn_leaf_blight,northern_corn_leaf_blight,0.8259426355361938,6,6,6
clean/northern_corn_leaf_blight/lab/northern_corn_leaf_blight_cropdg_lab_206.jpg,cropdg,6,6,northern_corn_leaf_blight,northern_corn_leaf_blight,0.8154543042182922,6,6,6
clean/fall_armyworm/real/fall_armyworm_multi_desease_real_31033481.jpg,multi_desease,1,1,fall_armyworm,fall_armyworm,0.861454963684082,1,1,1
clean/lethal_necrosis/real/lethal_necrosis_maize_africa_real_46790654.jpg,maize_africa,4,4,lethal_necrosis,lethal_necrosis,0.8452056050300598,4,4,4
clean/northern_corn_leaf_blight/real/northern_corn_leaf_blight_maize_africa_real_74838887.jpg,maize_africa,6,6,northern_corn_leaf_blight,northern_corn_leaf_blight,0.8359408378601074,6,6,6
clean/lethal_necrosis/real/lethal_necrosis_multi_desease_real_59147097.jpeg,multi_desease,4,4,lethal_necrosis,lethal_necrosis,0.8457209467887878,4,4,4
clean/common_rust/lab/common_rust_maize_desease_lab_27896923.jpg,maize_desease,0,0,common_rust,common_rust,0.9043322205543518,0,0,0
clean/northern_corn_leaf_blight/real/northern_corn_leaf_blight_maize_africa_real_68757888.jpg,maize_africa,6,6,northern_corn_leaf_blight,northern_corn_leaf_blight,0.8387390375137329,6,6,6
clean/healthy/real/healthy_maize_desease_v1.1_real_1831.jpg,maize_desease_v1.1,3,3,healthy,healthy,0.808443546295166,3,3,3
clean/healthy/real/healthy_cropdg_real_724.jpg,cropdg,3,3,healthy,healthy,0.8134219646453857,3,3,3
clean/lethal_necrosis/real/lethal_necrosis_maize_africa_real_77860322.jpg,maize_africa,4,4,lethal_necrosis,lethal_necrosis,0.8486675024032593,4,4,4
clean/common_rust/lab/common_rust_maize_desease_lab_64508141.jpg,maize_desease,0,0,common_rust,common_rust,0.9038125276565552,0,0,0
clean/northern_corn_leaf_blight/real/northern_corn_leaf_blight_maize_africa_real_38298549.jpg,maize_africa,6,6,northern_corn_leaf_blight,northern_corn_leaf_blight,0.8356496691703796,6,6,6
clean/healthy/real/healthy_maize_desease_v1.1_real_3128.jpg,maize_desease_v1.1,3,3,healthy,healthy,0.8098775148391724,3,3,3
clean/common_rust/lab/common_rust_maize_desease_lab_66618009.jpg,maize_desease,0,0,common_rust,common_rust,0.9027879238128662,0,0,0
clean/healthy/real/healthy_maize_desease_v1.1_real_3415.jpg,maize_desease_v1.1,3,3,healthy,healthy,0.8170757293701172,3,3,3
clean/gray_leaf_spot/real/gray_leaf_spot_corn_leaf_diseases_classification_roboflow_real_69a191c7.jpg,corn_leaf_diseases_classification_roboflow,2,2,gray_leaf_spot,gray_leaf_spot,0.9251749515533448,2,2,2
clean/fall_armyworm/real/fall_armyworm_corn_leaf_roboflow_real_71746327.jpg,corn_leaf_roboflow,1,1,fall_armyworm,fall_armyworm,0.8441578149795532,1,1,1
clean/common_rust/lab/common_rust_multi_desease_lab_77261792.jpg,multi_desease,0,0,common_rust,common_rust,0.9021356105804444,0,0,0
clean/lethal_necrosis/real/lethal_necrosis_maize_africa_real_59500207.jpg,maize_africa,4,4,lethal_necrosis,lethal_necrosis,0.8368384838104248,4,4,4
clean/common_rust/lab/common_rust_maize_desease_lab_69207789.jpg,maize_desease,0,0,common_rust,common_rust,0.9012040495872498,0,0,0
clean/northern_corn_leaf_blight/real/northern_corn_leaf_blight_maize_desease_real_32650234.jpg,maize_desease,6,6,northern_corn_leaf_blight,northern_corn_leaf_blight,0.8289146423339844,6,6,6
clean/fall_armyworm/real/fall_armyworm_maize_africa_real_90698024.jpg,maize_africa,1,1,fall_armyworm,fall_armyworm,0.8515868186950684,1,1,1
clean/lethal_necrosis/real/lethal_necrosis_multi_desease_real_11751151.jpeg,multi_desease,4,4,lethal_necrosis,lethal_necrosis,0.8326977491378784,4,4,4
clean/gray_leaf_spot/real/gray_leaf_spot_maize_field_real_36502147.jpg,maize_field,2,2,gray_leaf_spot,gray_leaf_spot,0.9065240025520324,2,2,2
clean/northern_corn_leaf_blight/real/northern_corn_leaf_blight_maize_desease_real_10533561.jpg,maize_desease,6,6,northern_corn_leaf_blight,northern_corn_leaf_blight,0.8291882872581482,6,6,6
clean/northern_corn_leaf_blight/real/northern_corn_leaf_blight_maize_africa_real_56195534.jpg,maize_africa,6,6,northern_corn_leaf_blight,northern_corn_leaf_blight,0.8354886770248413,6,6,6
clean/lethal_necrosis/real/lethal_necrosis_maize_africa_real_49991698.jpg,maize_africa,4,4,lethal_necrosis,lethal_necrosis,0.821267306804657,4,4,4
clean/lethal_necrosis/real/lethal_necrosis_multi_desease_real_62239702.jpeg,multi_desease,4,4,lethal_necrosis,lethal_necrosis,0.8397083282470703,4,4,4
clean/healthy/real/healthy_maize_desease_v1.1_real_3170.jpg,maize_desease_v1.1,3,3,healthy,healthy,0.8181190490722656,3,3,3
clean/healthy/real/healthy_maize_africa_v1.2_real_1240.jpg,maize_africa_v1.2,3,3,healthy,healthy,0.8119955062866211,3,3,3
clean/northern_corn_leaf_blight/real/northern_corn_leaf_blight_maize_africa_real_14297849.jpg,maize_africa,6,6,northern_corn_leaf_blight,northern_corn_leaf_blight,0.8271973729133606,6,6,6
clean/healthy/real/healthy_maize_desease_v1.1_real_5234.jpg,maize_desease_v1.1,3,3,healthy,healthy,0.8130593299865723,3,3,3
clean/northern_corn_leaf_blight/real/northern_corn_leaf_blight_maize_africa_real_48200906.jpg,maize_africa,6,6,northern_corn_leaf_blight,northern_corn_leaf_blight,0.8303819894790649,6,6,6
clean/fall_armyworm/real/fall_armyworm_maize_africa_real_60515821.jpg,maize_africa,1,1,fall_armyworm,fall_armyworm,0.8688442707061768,1,1,1
clean/healthy/real/healthy_maize_desease_v1.1_real_549.jpg,maize_desease_v1.1,3,3,healthy,healthy,0.8215207457542419,3,3,3
clean/common_rust/lab/common_rust_maize_desease_lab_97785256.jpg,maize_desease,0,0,common_rust,common_rust,0.9070010781288148,0,0,0
clean/northern_corn_leaf_blight/real/northern_corn_leaf_blight_maize_desease_real_89409729.jpg,maize_desease,6,6,northern_corn_leaf_blight,northern_corn_leaf_blight,0.8121784925460815,6,6,6
clean/fall_armyworm/real/fall_armyworm_corn_leaf_roboflow_real_53616974.jpg,corn_leaf_roboflow,1,1,fall_armyworm,fall_armyworm,0.7703793048858643,1,1,1
clean/northern_corn_leaf_blight/lab/northern_corn_leaf_blight_cropdg_lab_912.jpg,cropdg,6,6,northern_corn_leaf_blight,northern_corn_leaf_blight,0.8047025799751282,6,6,6
clean/lethal_necrosis/real/lethal_necrosis_multi_desease_real_40558489.jpeg,multi_desease,4,4,lethal_necrosis,lethal_necrosis,0.8368670344352722,4,4,4
clean/gray_leaf_spot/real/gray_leaf_spot_maize_leaf_roboflow_real_eb7db74f.jpg,maize_leaf_roboflow,2,2,gray_leaf_spot,gray_leaf_spot,0.906649112701416,2,2,2
clean/phosphorus_deficiency/real/phosphorus_deficiency_corn_leaf_roboflow_real_69885742.jpg,corn_leaf_roboflow,7,7,phosphorus_deficiency,phosphorus_deficiency,0.9395827054977416,7,7,7
clean/lethal_necrosis/real/lethal_necrosis_maize_africa_real_92027924.jpg,maize_africa,4,4,lethal_necrosis,lethal_necrosis,0.8460813760757446,4,4,4
clean/lethal_necrosis/real/lethal_necrosis_multi_desease_real_22995110.jpeg,multi_desease,4,4,lethal_necrosis,lethal_necrosis,0.8475563526153564,4,4,4
clean/healthy/real/healthy_maize_desease_v1.1_real_4316.jpg,maize_desease_v1.1,3,3,healthy,healthy,0.8151941299438477,3,3,3
clean/common_rust/lab/common_rust_multi_desease_lab_69443790.jpg,multi_desease,0,0,common_rust,common_rust,0.9105036854743958,0,0,0
clean/common_rust/lab/common_rust_multi_desease_lab_80854503.jpg,multi_desease,0,0,common_rust,common_rust,0.899660587310791,0,0,0
clean/healthy/real/healthy_maize_desease_v1.1_real_4477.jpg,maize_desease_v1.1,3,3,healthy,healthy,0.8079960346221924,3,3,3
clean/gray_leaf_spot/real/gray_leaf_spot_corn_leaf_diseases_classification_roboflow_real_88d3cb11.jpg,corn_leaf_diseases_classification_roboflow,2,2,gray_leaf_spot,gray_leaf_spot,0.8333732485771179,2,2,2
clean/fall_armyworm/real/fall_armyworm_multi_desease_real_39119769.jpg,multi_desease,1,1,fall_armyworm,fall_armyworm,0.8530623316764832,1,1,1
clean/gray_leaf_spot/lab/gray_leaf_spot_cropdg_lab_12253181.jpg,cropdg,2,2,gray_leaf_spot,gray_leaf_spot,0.9123553037643432,2,2,2
clean/northern_corn_leaf_blight/lab/northern_corn_leaf_blight_cropdg_lab_438.jpg,cropdg,6,6,northern_corn_leaf_blight,northern_corn_leaf_blight,0.8191225528717041,6,6,6
clean/northern_corn_leaf_blight/real/northern_corn_leaf_blight_maize_desease_real_26044156.jpg,maize_desease,6,6,northern_corn_leaf_blight,northern_corn_leaf_blight,0.8329271078109741,6,6,6
clean/common_rust/lab/common_rust_maize_desease_lab_24631008.jpg,maize_desease,0,0,common_rust,common_rust,0.9011998176574708,0,0,0
clean/healthy/real/healthy_maize_africa_v1_real_86.jpg,maize_africa_v1,3,3,healthy,healthy,0.8161312341690063,3,3,3
clean/healthy/real/healthy_maize_africa_v1_real_368.jpg,maize_africa_v1,3,3,healthy,healthy,0.8075588941574097,3,3,3
clean/nitrogen_deficiency/real/nitrogen_deficiency_corn_leaf_roboflow_real_76575741.jpg,corn_leaf_roboflow,5,5,nitrogen_deficiency,nitrogen_deficiency,0.8386889696121216,5,5,5
clean/lethal_necrosis/real/lethal_necrosis_maize_africa_real_83440222.jpg,maize_africa,4,4,lethal_necrosis,lethal_necrosis,0.8265938758850098,4,4,4
clean/gray_leaf_spot/real/gray_leaf_spot_maize_leaf_roboflow_real_b7d01dd3.jpg,maize_leaf_roboflow,2,2,gray_leaf_spot,gray_leaf_spot,0.9141509532928468,2,2,2
clean/nitrogen_deficiency/real/nitrogen_deficiency_corn_leaf_roboflow_real_56873842.jpg,corn_leaf_roboflow,5,5,nitrogen_deficiency,nitrogen_deficiency,0.9241797924041748,5,5,5
clean/healthy/real/healthy_maize_africa_v1_real_52.jpg,maize_africa_v1,3,3,healthy,healthy,0.816012978553772,3,3,3
clean/lethal_necrosis/real/lethal_necrosis_maize_africa_real_47533843.jpg,maize_africa,4,4,lethal_necrosis,lethal_necrosis,0.8390819430351257,4,4,4
clean/healthy/real/healthy_maize_africa_v1.2_real_1812.jpg,maize_africa_v1.2,3,3,healthy,healthy,0.8115173578262329,3,3,3
clean/healthy/real/healthy_maize_desease_v1.1_real_3046.jpg,maize_desease_v1.1,3,3,healthy,healthy,0.8164460062980652,3,3,3
clean/healthy/real/healthy_maize_desease_v1.1_real_709.jpg,maize_desease_v1.1,3,3,healthy,healthy,0.8192338943481445,3,3,3
clean/gray_leaf_spot/lab/gray_leaf_spot_cropdg_lab_36068732.jpg,cropdg,2,6,gray_leaf_spot,northern_corn_leaf_blight,0.7600173354148865,6,6,6
clean/healthy/real/healthy_maize_africa_v1.2_real_958.jpg,maize_africa_v1.2,3,3,healthy,healthy,0.7429678440093994,3,3,3
clean/healthy/real/healthy_maize_desease_v1.1_real_3593.jpg,maize_desease_v1.1,3,3,healthy,healthy,0.8181192874908447,3,3,3
clean/fall_armyworm/real/fall_armyworm_multi_desease_real_72198014.jpg,multi_desease,1,1,fall_armyworm,fall_armyworm,0.8618062734603882,1,1,1
clean/fall_armyworm/real/fall_armyworm_multi_desease_real_48643064.jpg,multi_desease,1,1,fall_armyworm,fall_armyworm,0.867766261100769,1,1,1
clean/healthy/real/healthy_maize_desease_v1.1_real_3718.jpg,maize_desease_v1.1,3,3,healthy,healthy,0.8193362951278687,3,3,3
clean/healthy/real/healthy_maize_desease_v1.1_real_1470.jpg,maize_desease_v1.1,3,3,healthy,healthy,0.8201681971549988,3,3,3
clean/northern_corn_leaf_blight/real/northern_corn_leaf_blight_maize_africa_real_71818763.jpg,maize_africa,6,6,northern_corn_leaf_blight,northern_corn_leaf_blight,0.8341636657714844,6,6,6
clean/lethal_necrosis/real/lethal_necrosis_multi_desease_real_69691666.jpeg,multi_desease,4,4,lethal_necrosis,lethal_necrosis,0.8396979570388794,4,4,4
clean/lethal_necrosis/real/lethal_necrosis_maize_africa_real_85213072.jpg,maize_africa,4,4,lethal_necrosis,lethal_necrosis,0.8318637609481812,4,4,4
clean/lethal_necrosis/real/lethal_necrosis_maize_africa_real_33843730.jpg,maize_africa,4,4,lethal_necrosis,lethal_necrosis,0.8471460342407227,4,4,4
clean/common_rust/lab/common_rust_maize_desease_lab_76919194.jpg,maize_desease,0,0,common_rust,common_rust,0.9017305374145508,0,0,0
clean/gray_leaf_spot/real/gray_leaf_spot_maize_field_real_96426859.jpg,maize_field,2,1,gray_leaf_spot,fall_armyworm,0.6652973890304565,6,1,1
clean/northern_corn_leaf_blight/real/northern_corn_leaf_blight_maize_africa_real_86747676.jpg,maize_africa,6,6,northern_corn_leaf_blight,northern_corn_leaf_blight,0.8417358994483948,6,6,6
clean/healthy/real/healthy_maize_desease_v1.1_real_2785.jpg,maize_desease_v1.1,3,3,healthy,healthy,0.8066020011901855,3,3,3
clean/fall_armyworm/real/fall_armyworm_maize_africa_real_62674583.jpg,maize_africa,1,1,fall_armyworm,fall_armyworm,0.8692010045051575,1,1,1
clean/nitrogen_deficiency/real/nitrogen_deficiency_maize_2_roboflow_real_fb432dd9.jpg,maize_2_roboflow,5,5,nitrogen_deficiency,nitrogen_deficiency,0.8734861612319946,5,5,5
clean/lethal_necrosis/real/lethal_necrosis_maize_africa_real_64163955.jpg,maize_africa,4,4,lethal_necrosis,lethal_necrosis,0.8479170799255371,4,4,4
clean/healthy/real/healthy_maize_desease_v1.1_real_5183.jpg,maize_desease_v1.1,3,3,healthy,healthy,0.8351800441741943,3,3,3
clean/fall_armyworm/real/fall_armyworm_multi_desease_real_23054638.jpg,multi_desease,1,1,fall_armyworm,fall_armyworm,0.8652016520500183,1,1,1
clean/healthy/real/healthy_cropdg_real_706.jpg,cropdg,3,3,healthy,healthy,0.8268373608589172,3,3,3
clean/northern_corn_leaf_blight/real/northern_corn_leaf_blight_maize_desease_real_29224704.jpg,maize_desease,6,6,northern_corn_leaf_blight,northern_corn_leaf_blight,0.8297560214996338,6,6,6
clean/common_rust/lab/common_rust_maize_desease_lab_17688035.jpg,maize_desease,0,0,common_rust,common_rust,0.9076833724975586,0,0,0
clean/northern_corn_leaf_blight/lab/northern_corn_leaf_blight_cropdg_lab_940.jpg,cropdg,6,6,northern_corn_leaf_blight,northern_corn_leaf_blight,0.8168601989746094,6,6,6
clean/healthy/real/healthy_corn_leaf_roboflow_real_33180301.jpg,corn_leaf_roboflow,3,3,healthy,healthy,0.8060169219970703,3,3,3
clean/common_rust/lab/common_rust_maize_desease_lab_89929479.jpg,maize_desease,0,0,common_rust,common_rust,0.9030182361602784,0,0,0
clean/healthy/real/healthy_maize_desease_v1.1_real_5257.jpg,maize_desease_v1.1,3,3,healthy,healthy,0.8182253241539001,3,3,3
clean/lethal_necrosis/real/lethal_necrosis_maize_africa_real_60729989.jpg,maize_africa,4,4,lethal_necrosis,lethal_necrosis,0.8444327712059021,4,4,4
clean/northern_corn_leaf_blight/lab/northern_corn_leaf_blight_cropdg_lab_383.jpg,cropdg,6,6,northern_corn_leaf_blight,northern_corn_leaf_blight,0.8280619382858276,6,6,6
clean/northern_corn_leaf_blight/real/northern_corn_leaf_blight_maize_desease_real_42408068.jpg,maize_desease,6,6,northern_corn_leaf_blight,northern_corn_leaf_blight,0.8266088962554932,6,6,6
clean/fall_armyworm/real/fall_armyworm_multi_desease_real_30963668.jpg,multi_desease,1,1,fall_armyworm,fall_armyworm,0.8459305167198181,1,1,1
clean/northern_corn_leaf_blight/real/northern_corn_leaf_blight_maize_desease_real_47995150.jpg,maize_desease,6,6,northern_corn_leaf_blight,northern_corn_leaf_blight,0.8345934152603149,6,6,6
clean/healthy/real/healthy_maize_africa_v1.2_real_1099.jpg,maize_africa_v1.2,3,3,healthy,healthy,0.8201838731765747,3,3,3
clean/fall_armyworm/real/fall_armyworm_maize_africa_real_39815303.jpg,maize_africa,1,1,fall_armyworm,fall_armyworm,0.8675553798675537,1,1,1
clean/healthy/real/healthy_maize_desease_v1.1_real_228.jpg,maize_desease_v1.1,3,3,healthy,healthy,0.8177149295806885,3,3,3
clean/lethal_necrosis/real/lethal_necrosis_maize_africa_real_64127170.jpg,maize_africa,4,4,lethal_necrosis,lethal_necrosis,0.8441985845565796,4,4,4
clean/healthy/real/healthy_maize_africa_v1_real_165.jpg,maize_africa_v1,3,3,healthy,healthy,0.8165055513381958,3,3,3
clean/lethal_necrosis/real/lethal_necrosis_maize_africa_real_28831502.jpg,maize_africa,4,4,lethal_necrosis,lethal_necrosis,0.8433020114898682,4,4,4
clean/lethal_necrosis/real/lethal_necrosis_maize_africa_real_24220007.jpg,maize_africa,4,4,lethal_necrosis,lethal_necrosis,0.8418290615081787,4,4,4
clean/gray_leaf_spot/real/gray_leaf_spot_maize_leaf_roboflow_real_615e82ea.jpg,maize_leaf_roboflow,2,2,gray_leaf_spot,gray_leaf_spot,0.9298684000968932,2,2,2
clean/healthy/real/healthy_corn_leaf_roboflow_real_97128466.jpg,corn_leaf_roboflow,3,3,healthy,healthy,0.8158175349235535,3,3,3
clean/common_rust/lab/common_rust_multi_desease_lab_30496972.jpg,multi_desease,0,0,common_rust,common_rust,0.9007843732833862,0,0,0
clean/healthy/real/healthy_maize_africa_v1.2_real_845.jpg,maize_africa_v1.2,3,3,healthy,healthy,0.8082265853881836,3,3,3
clean/common_rust/lab/common_rust_multi_desease_lab_18695251.jpg,multi_desease,0,0,common_rust,common_rust,0.904735267162323,0,0,0
clean/healthy/real/healthy_maize_desease_v1.1_real_2800.jpg,maize_desease_v1.1,3,3,healthy,healthy,0.8217563629150391,3,3,3
clean/fall_armyworm/real/fall_armyworm_maize_africa_real_83555663.jpg,maize_africa,1,1,fall_armyworm,fall_armyworm,0.8730304837226868,1,1,1
clean/potassium_deficiency/real/potassium_deficiency_maize_2_roboflow_real_f9f3ff9c.jpg,maize_2_roboflow,8,8,potassium_deficiency,potassium_deficiency,0.962273120880127,8,8,8
clean/common_rust/lab/common_rust_maize_desease_lab_61362441.jpg,maize_desease,0,0,common_rust,common_rust,0.9036311507225036,0,0,0
clean/fall_armyworm/real/fall_armyworm_maize_africa_real_27097671.jpg,maize_africa,1,1,fall_armyworm,fall_armyworm,0.8481810092926025,1,1,1
clean/fall_armyworm/real/fall_armyworm_maize_africa_real_18951935.jpg,maize_africa,1,1,fall_armyworm,fall_armyworm,0.876778781414032,1,1,1
clean/lethal_necrosis/real/lethal_necrosis_maize_africa_real_95656013.jpg,maize_africa,4,4,lethal_necrosis,lethal_necrosis,0.8358299732208252,4,4,4
clean/fall_armyworm/real/fall_armyworm_multi_desease_real_99890643.jpg,multi_desease,1,1,fall_armyworm,fall_armyworm,0.8760793209075928,1,1,1
clean/common_rust/lab/common_rust_multi_desease_lab_43874654.jpg,multi_desease,0,0,common_rust,common_rust,0.91462641954422,0,0,0
clean/lethal_necrosis/real/lethal_necrosis_maize_africa_real_41557737.jpg,maize_africa,4,4,lethal_necrosis,lethal_necrosis,0.839240550994873,4,4,4
clean/fall_armyworm/real/fall_armyworm_multi_desease_real_51038826.jpg,multi_desease,1,1,fall_armyworm,fall_armyworm,0.8336005806922913,1,1,1
clean/common_rust/lab/common_rust_maize_desease_lab_44703194.jpg,maize_desease,0,0,common_rust,common_rust,0.900618314743042,0,0,0
clean/healthy/real/healthy_maize_africa_v1.2_real_744.jpg,maize_africa_v1.2,3,3,healthy,healthy,0.8102502822875977,3,3,3
clean/healthy/real/healthy_maize_desease_v1.1_real_5250.jpg,maize_desease_v1.1,3,3,healthy,healthy,0.8200076818466187,3,3,3
clean/northern_corn_leaf_blight/real/northern_corn_leaf_blight_maize_africa_real_72634069.jpg,maize_africa,6,6,northern_corn_leaf_blight,northern_corn_leaf_blight,0.8248904347419739,6,6,6
clean/healthy/real/healthy_maize_desease_v1.1_real_3698.jpg,maize_desease_v1.1,3,3,healthy,healthy,0.8209846019744873,3,3,3
clean/northern_corn_leaf_blight/real/northern_corn_leaf_blight_maize_africa_real_47513362.jpg,maize_africa,6,6,northern_corn_leaf_blight,northern_corn_leaf_blight,0.8336303234100342,6,6,6
clean/lethal_necrosis/real/lethal_necrosis_maize_africa_real_84236228.jpg,maize_africa,4,4,lethal_necrosis,lethal_necrosis,0.8388996124267578,4,4,4
clean/healthy/real/healthy_maize_desease_v1.1_real_4655.jpg,maize_desease_v1.1,3,3,healthy,healthy,0.8214839100837708,3,3,3
clean/northern_corn_leaf_blight/real/northern_corn_leaf_blight_maize_africa_real_84716018.jpg,maize_africa,6,6,northern_corn_leaf_blight,northern_corn_leaf_blight,0.8259619474411011,6,6,6
clean/northern_corn_leaf_blight/real/northern_corn_leaf_blight_maize_africa_real_97191737.jpg,maize_africa,6,6,northern_corn_leaf_blight,northern_corn_leaf_blight,0.8276143670082092,6,6,6
clean/fall_armyworm/real/fall_armyworm_maize_africa_real_79701200.jpg,maize_africa,1,1,fall_armyworm,fall_armyworm,0.852737307548523,1,1,1
clean/healthy/real/healthy_maize_africa_v1.2_real_1762.jpg,maize_africa_v1.2,3,3,healthy,healthy,0.8142687678337097,3,3,3
clean/northern_corn_leaf_blight/lab/northern_corn_leaf_blight_cropdg_lab_918.jpg,cropdg,6,6,northern_corn_leaf_blight,northern_corn_leaf_blight,0.8303326964378357,6,6,6
clean/northern_corn_leaf_blight/real/northern_corn_leaf_blight_maize_africa_real_85356999.jpg,maize_africa,6,6,northern_corn_leaf_blight,northern_corn_leaf_blight,0.7117151021957397,6,6,6
clean/healthy/real/healthy_cropdg_real_620.jpg,cropdg,3,3,healthy,healthy,0.8206229209899902,3,3,3
clean/lethal_necrosis/real/lethal_necrosis_maize_africa_real_46464504.jpg,maize_africa,4,4,lethal_necrosis,lethal_necrosis,0.8365750312805176,4,4,4
clean/nitrogen_deficiency/real/nitrogen_deficiency_corn_leaf_roboflow_real_74305942.jpg,corn_leaf_roboflow,5,5,nitrogen_deficiency,nitrogen_deficiency,0.7568202018737793,5,5,5
clean/northern_corn_leaf_blight/real/northern_corn_leaf_blight_maize_africa_real_56328397.jpg,maize_africa,6,6,northern_corn_leaf_blight,northern_corn_leaf_blight,0.7742393612861633,6,6,6
clean/northern_corn_leaf_blight/real/northern_corn_leaf_blight_maize_africa_real_96243509.jpg,maize_africa,6,6,northern_corn_leaf_blight,northern_corn_leaf_blight,0.820520281791687,6,6,6
clean/healthy/real/healthy_maize_desease_v1.1_real_603.jpg,maize_desease_v1.1,3,3,healthy,healthy,0.8145228624343872,3,3,3
clean/healthy/real/healthy_cropdg_real_26.jpg,cropdg,3,3,healthy,healthy,0.8259207606315613,3,3,3
clean/lethal_necrosis/real/lethal_necrosis_maize_africa_real_16477220.jpg,maize_africa,4,4,lethal_necrosis,lethal_necrosis,0.8417456150054932,4,4,4
clean/healthy/real/healthy_maize_desease_v1.1_real_1649.jpg,maize_desease_v1.1,3,3,healthy,healthy,0.8194325566291809,3,3,3
clean/healthy/real/healthy_maize_africa_v1.2_real_362.jpg,maize_africa_v1.2,3,3,healthy,healthy,0.8124622106552124,3,3,3
clean/fall_armyworm/real/fall_armyworm_maize_africa_real_19666733.jpg,maize_africa,1,1,fall_armyworm,fall_armyworm,0.829533576965332,1,1,1
clean/northern_corn_leaf_blight/real/northern_corn_leaf_blight_maize_africa_real_99240900.jpg,maize_africa,6,6,northern_corn_leaf_blight,northern_corn_leaf_blight,0.8276369571685791,6,6,6
clean/healthy/real/healthy_maize_africa_v1.2_real_334.jpg,maize_africa_v1.2,3,3,healthy,healthy,0.8124585747718811,3,3,3
clean/gray_leaf_spot/real/gray_leaf_spot_corn_leaf_diseases_classification_roboflow_real_256f73ab.jpg,corn_leaf_diseases_classification_roboflow,2,2,gray_leaf_spot,gray_leaf_spot,0.9142084717750548,2,2,2
clean/northern_corn_leaf_blight/real/northern_corn_leaf_blight_maize_africa_real_97907262.jpg,maize_africa,6,6,northern_corn_leaf_blight,northern_corn_leaf_blight,0.754387617111206,6,6,6
clean/healthy/real/healthy_maize_africa_v1.2_real_336.jpg,maize_africa_v1.2,3,3,healthy,healthy,0.8084630966186523,3,3,3
clean/phosphorus_deficiency/real/phosphorus_deficiency_corn_leaf_roboflow_real_89259012.jpg,corn_leaf_roboflow,7,7,phosphorus_deficiency,phosphorus_deficiency,0.4318773150444031,1,1,7
clean/healthy/real/healthy_cropdg_real_1130.jpg,cropdg,3,3,healthy,healthy,0.823560357093811,3,3,3
clean/lethal_necrosis/real/lethal_necrosis_maize_africa_real_93724932.jpg,maize_africa,4,4,lethal_necrosis,lethal_necrosis,0.8415615558624268,4,4,4
clean/northern_corn_leaf_blight/real/northern_corn_leaf_blight_corn_leaf_roboflow_real_54418921.jpg,corn_leaf_roboflow,6,6,northern_corn_leaf_blight,northern_corn_leaf_blight,0.8441042900085449,6,6,6
clean/common_rust/lab/common_rust_multi_desease_lab_63763535.jpg,multi_desease,0,0,common_rust,common_rust,0.905487895011902,0,0,0
clean/lethal_necrosis/real/lethal_necrosis_multi_desease_real_46463545.jpeg,multi_desease,4,4,lethal_necrosis,lethal_necrosis,0.841216504573822,4,4,4
clean/lethal_necrosis/real/lethal_necrosis_multi_desease_real_11934891.jpeg,multi_desease,4,4,lethal_necrosis,lethal_necrosis,0.8435882329940796,4,4,4
clean/lethal_necrosis/real/lethal_necrosis_maize_africa_real_44612095.jpg,maize_africa,4,4,lethal_necrosis,lethal_necrosis,0.8362716436386108,4,4,4
clean/healthy/real/healthy_maize_desease_v1.1_real_1188.jpg,maize_desease_v1.1,3,3,healthy,healthy,0.8127591609954834,3,3,3
clean/fall_armyworm/real/fall_armyworm_maize_africa_real_82742069.jpg,maize_africa,1,1,fall_armyworm,fall_armyworm,0.8615535497665405,1,1,1
clean/fall_armyworm/real/fall_armyworm_maize_africa_real_21372629.jpg,maize_africa,1,1,fall_armyworm,fall_armyworm,0.8483320474624634,1,1,1
clean/healthy/real/healthy_cropdg_real_543.jpg,cropdg,3,3,healthy,healthy,0.8215091824531555,3,3,3
clean/northern_corn_leaf_blight/real/northern_corn_leaf_blight_maize_africa_real_76962189.jpg,maize_africa,6,6,northern_corn_leaf_blight,northern_corn_leaf_blight,0.8295310735702515,6,6,6
clean/fall_armyworm/real/fall_armyworm_maize_africa_real_93411305.jpg,maize_africa,1,1,fall_armyworm,fall_armyworm,0.8663829565048218,1,1,1
clean/northern_corn_leaf_blight/real/northern_corn_leaf_blight_maize_africa_real_44183718.jpg,maize_africa,6,6,northern_corn_leaf_blight,northern_corn_leaf_blight,0.8106135725975037,6,6,6
clean/healthy/real/healthy_maize_africa_v1_real_420.jpg,maize_africa_v1,3,3,healthy,healthy,0.8227238655090332,3,3,3
clean/healthy/real/healthy_cropdg_real_869.jpg,cropdg,3,3,healthy,healthy,0.8294452428817749,3,3,3
clean/gray_leaf_spot/real/gray_leaf_spot_maize_field_real_84983374.jpg,maize_field,2,2,gray_leaf_spot,gray_leaf_spot,0.9205090999603271,2,2,2
clean/fall_armyworm/real/fall_armyworm_maize_africa_real_31814436.jpg,maize_africa,1,1,fall_armyworm,fall_armyworm,0.8551027774810791,1,1,1
clean/potassium_deficiency/real/potassium_deficiency_maize_2_roboflow_real_7f478556.jpg,maize_2_roboflow,8,8,potassium_deficiency,potassium_deficiency,0.6697911024093628,8,8,5
clean/healthy/real/healthy_corn_leaf_roboflow_real_96695659.jpg,corn_leaf_roboflow,3,3,healthy,healthy,0.6959485411643982,3,3,3
clean/lethal_necrosis/real/lethal_necrosis_multi_desease_real_27912129.jpeg,multi_desease,4,4,lethal_necrosis,lethal_necrosis,0.8552972674369812,4,4,4
clean/healthy/real/healthy_maize_africa_v1.2_real_1119.jpg,maize_africa_v1.2,3,3,healthy,healthy,0.8224350810050964,3,3,3
clean/common_rust/lab/common_rust_maize_desease_lab_22055457.jpg,maize_desease,0,0,common_rust,common_rust,0.9067078828811646,0,0,0
clean/gray_leaf_spot/lab/gray_leaf_spot_cropdg_lab_66130069.jpg,cropdg,2,2,gray_leaf_spot,gray_leaf_spot,0.5806033611297607,2,6,2
clean/healthy/real/healthy_maize_desease_v1.1_real_765.jpg,maize_desease_v1.1,3,3,healthy,healthy,0.8287291526794434,3,3,3
clean/northern_corn_leaf_blight/real/northern_corn_leaf_blight_maize_africa_real_62070493.jpg,maize_africa,6,6,northern_corn_leaf_blight,northern_corn_leaf_blight,0.8293001651763916,6,6,6
clean/common_rust/real/common_rust_maize_field_real_22403377.jpg,maize_field,0,0,common_rust,common_rust,0.9046561121940612,0,0,0
clean/northern_corn_leaf_blight/real/northern_corn_leaf_blight_maize_africa_real_30265509.jpg,maize_africa,6,6,northern_corn_leaf_blight,northern_corn_leaf_blight,0.8369492292404175,6,6,6
clean/northern_corn_leaf_blight/lab/northern_corn_leaf_blight_cropdg_lab_836.jpg,cropdg,6,6,northern_corn_leaf_blight,northern_corn_leaf_blight,0.5978718996047974,6,7,6
clean/gray_leaf_spot/real/gray_leaf_spot_corn_leaf_diseases_classification_roboflow_real_f7a614cb.jpg,corn_leaf_diseases_classification_roboflow,2,2,gray_leaf_spot,gray_leaf_spot,0.9326636791229248,2,2,2
clean/northern_corn_leaf_blight/real/northern_corn_leaf_blight_maize_africa_real_19505254.jpg,maize_africa,6,6,northern_corn_leaf_blight,northern_corn_leaf_blight,0.8375903367996216,6,6,6
clean/northern_corn_leaf_blight/real/northern_corn_leaf_blight_maize_africa_real_60296319.jpg,maize_africa,6,6,northern_corn_leaf_blight,northern_corn_leaf_blight,0.8178895115852356,6,6,6
clean/healthy/real/healthy_maize_desease_v1.1_real_1446.jpg,maize_desease_v1.1,3,3,healthy,healthy,0.814900279045105,3,3,3
clean/lethal_necrosis/real/lethal_necrosis_multi_desease_real_21794247.jpeg,multi_desease,4,4,lethal_necrosis,lethal_necrosis,0.8447789549827576,4,4,4
clean/healthy/real/healthy_maize_desease_v1.1_real_4926.jpg,maize_desease_v1.1,3,3,healthy,healthy,0.8206250071525574,3,3,3
clean/common_rust/lab/common_rust_multi_desease_lab_37539031.jpg,multi_desease,0,0,common_rust,common_rust,0.9117770791053772,0,0,0
clean/healthy/real/healthy_maize_desease_v1.1_real_4362.jpg,maize_desease_v1.1,3,3,healthy,healthy,0.812384843826294,3,3,3
clean/lethal_necrosis/real/lethal_necrosis_multi_desease_real_84918606.jpeg,multi_desease,4,4,lethal_necrosis,lethal_necrosis,0.8336206674575806,4,4,4
clean/lethal_necrosis/real/lethal_necrosis_multi_desease_real_62421571.jpeg,multi_desease,4,4,lethal_necrosis,lethal_necrosis,0.844629168510437,4,4,4
clean/common_rust/lab/common_rust_multi_desease_lab_34308222.jpg,multi_desease,0,0,common_rust,common_rust,0.8964424729347229,0,0,0
clean/northern_corn_leaf_blight/real/northern_corn_leaf_blight_maize_africa_real_63337364.jpg,maize_africa,6,6,northern_corn_leaf_blight,northern_corn_leaf_blight,0.8396257162094116,6,6,6
clean/lethal_necrosis/real/lethal_necrosis_maize_africa_real_61265300.jpg,maize_africa,4,4,lethal_necrosis,lethal_necrosis,0.8345384001731873,4,4,4
clean/lethal_necrosis/real/lethal_necrosis_maize_africa_real_73278585.jpg,maize_africa,4,4,lethal_necrosis,lethal_necrosis,0.8433165550231934,4,4,4
clean/common_rust/lab/common_rust_multi_desease_lab_73048850.jpg,multi_desease,0,0,common_rust,common_rust,0.9018599987030028,0,0,0
clean/fall_armyworm/real/fall_armyworm_multi_desease_real_45638019.jpg,multi_desease,1,1,fall_armyworm,fall_armyworm,0.860241711139679,1,1,1
clean/common_rust/lab/common_rust_multi_desease_lab_97358888.jpg,multi_desease,0,0,common_rust,common_rust,0.9117556810379028,0,0,0
clean/northern_corn_leaf_blight/real/northern_corn_leaf_blight_maize_africa_real_13246043.jpg,maize_africa,6,6,northern_corn_leaf_blight,northern_corn_leaf_blight,0.8283906579017639,6,6,6
clean/northern_corn_leaf_blight/real/northern_corn_leaf_blight_maize_africa_real_56370844.jpg,maize_africa,6,6,northern_corn_leaf_blight,northern_corn_leaf_blight,0.8347060680389404,6,6,6
clean/common_rust/lab/common_rust_maize_desease_lab_44381138.jpg,maize_desease,0,0,common_rust,common_rust,0.9059267640113832,0,0,0
clean/healthy/real/healthy_maize_africa_v1_real_300.jpg,maize_africa_v1,3,3,healthy,healthy,0.8176769018173218,3,3,3
clean/healthy/real/healthy_maize_desease_v1.1_real_4460.jpg,maize_desease_v1.1,3,3,healthy,healthy,0.8151651620864868,3,3,3
clean/gray_leaf_spot/lab/gray_leaf_spot_cropdg_lab_14588913.jpg,cropdg,2,2,gray_leaf_spot,gray_leaf_spot,0.904573917388916,2,2,2
clean/healthy/real/healthy_maize_africa_v1_real_67.jpg,maize_africa_v1,3,3,healthy,healthy,0.815004825592041,3,3,3
clean/nitrogen_deficiency/real/nitrogen_deficiency_maize_2_roboflow_real_138f4054.jpg,maize_2_roboflow,5,5,nitrogen_deficiency,nitrogen_deficiency,0.85020512342453,5,5,5
clean/northern_corn_leaf_blight/real/northern_corn_leaf_blight_corn_leaf_roboflow_real_36385328.jpg,corn_leaf_roboflow,6,6,northern_corn_leaf_blight,northern_corn_leaf_blight,0.8687030076980591,6,6,6
clean/northern_corn_leaf_blight/real/northern_corn_leaf_blight_maize_desease_real_93770164.jpg,maize_desease,6,6,northern_corn_leaf_blight,northern_corn_leaf_blight,0.8253042697906494,6,6,6
clean/potassium_deficiency/real/potassium_deficiency_maize_2_roboflow_real_182c7642.jpg,maize_2_roboflow,8,8,potassium_deficiency,potassium_deficiency,0.9733638763427734,8,8,8
clean/healthy/real/healthy_maize_africa_v1.2_real_999.jpg,maize_africa_v1.2,3,3,healthy,healthy,0.8167364597320557,3,3,3
clean/northern_corn_leaf_blight/real/northern_corn_leaf_blight_maize_desease_real_57201553.jpg,maize_desease,6,6,northern_corn_leaf_blight,northern_corn_leaf_blight,0.8379558324813843,6,6,6
clean/healthy/real/healthy_maize_desease_v1.1_real_1553.jpg,maize_desease_v1.1,3,3,healthy,healthy,0.8266362547874451,3,3,3
clean/healthy/real/healthy_maize_desease_v1.1_real_78.jpg,maize_desease_v1.1,3,3,healthy,healthy,0.810248613357544,3,3,3
clean/fall_armyworm/real/fall_armyworm_multi_desease_real_85371377.jpg,multi_desease,1,1,fall_armyworm,fall_armyworm,0.8415194749832153,1,1,1
clean/healthy/real/healthy_maize_africa_v1.2_real_192.jpg,maize_africa_v1.2,3,3,healthy,healthy,0.8264002799987793,3,3,3
clean/healthy/real/healthy_maize_desease_v1.1_real_2937.jpg,maize_desease_v1.1,3,3,healthy,healthy,0.7349096536636353,3,3,3
clean/fall_armyworm/real/fall_armyworm_multi_desease_real_25418085.jpg,multi_desease,1,1,fall_armyworm,fall_armyworm,0.8604316711425781,1,1,1
clean/potassium_deficiency/real/potassium_deficiency_corn_leaf_roboflow_real_38759083.jpg,corn_leaf_roboflow,8,5,potassium_deficiency,nitrogen_deficiency,0.393351674079895,6,8,5
clean/lethal_necrosis/real/lethal_necrosis_maize_africa_real_35578781.jpg,maize_africa,4,4,lethal_necrosis,lethal_necrosis,0.8541224598884583,4,4,4
clean/lethal_necrosis/real/lethal_necrosis_maize_africa_real_70832537.jpg,maize_africa,4,4,lethal_necrosis,lethal_necrosis,0.8528370261192322,4,4,4
clean/northern_corn_leaf_blight/real/northern_corn_leaf_blight_maize_africa_real_98383001.jpg,maize_africa,6,6,northern_corn_leaf_blight,northern_corn_leaf_blight,0.817559003829956,6,6,6
clean/healthy/real/healthy_maize_africa_v1.2_real_632.jpg,maize_africa_v1.2,3,3,healthy,healthy,0.7755298614501953,3,3,3
clean/gray_leaf_spot/lab/gray_leaf_spot_cropdg_lab_37492983.jpg,cropdg,2,6,gray_leaf_spot,northern_corn_leaf_blight,0.7369898557662964,6,6,6
clean/lethal_necrosis/real/lethal_necrosis_maize_africa_real_45362801.jpg,maize_africa,4,4,lethal_necrosis,lethal_necrosis,0.8442607522010803,4,4,4
clean/healthy/real/healthy_maize_africa_v1_real_419.jpg,maize_africa_v1,3,3,healthy,healthy,0.8044549226760864,3,3,3
clean/healthy/real/healthy_maize_africa_v1_real_141.jpg,maize_africa_v1,3,3,healthy,healthy,0.8179794549942017,3,3,3
clean/lethal_necrosis/real/lethal_necrosis_multi_desease_real_50756387.jpeg,multi_desease,4,4,lethal_necrosis,lethal_necrosis,0.8477175831794739,4,4,4
clean/healthy/real/healthy_maize_africa_v1.2_real_109.jpg,maize_africa_v1.2,3,3,healthy,healthy,0.6888386011123657,3,3,3
clean/gray_leaf_spot/real/gray_leaf_spot_corn_leaf_diseases_classification_roboflow_real_212656e2.jpg,corn_leaf_diseases_classification_roboflow,2,2,gray_leaf_spot,gray_leaf_spot,0.8586262464523315,2,2,2
clean/northern_corn_leaf_blight/real/northern_corn_leaf_blight_corn_leaf_roboflow_real_29784502.jpg,corn_leaf_roboflow,6,6,northern_corn_leaf_blight,northern_corn_leaf_blight,0.8070876598358154,6,6,6
clean/northern_corn_leaf_blight/real/northern_corn_leaf_blight_maize_africa_real_27068640.jpg,maize_africa,6,6,northern_corn_leaf_blight,northern_corn_leaf_blight,0.8195523619651794,6,6,6
clean/healthy/real/healthy_maize_desease_v1.1_real_2452.jpg,maize_desease_v1.1,3,3,healthy,healthy,0.8199971318244934,3,3,3
clean/healthy/real/healthy_maize_desease_v1.1_real_4302.jpg,maize_desease_v1.1,3,3,healthy,healthy,0.8198122382164001,3,3,3
clean/northern_corn_leaf_blight/real/northern_corn_leaf_blight_maize_africa_real_33975578.jpg,maize_africa,6,6,northern_corn_leaf_blight,northern_corn_leaf_blight,0.8348256349563599,6,6,6
clean/fall_armyworm/real/fall_armyworm_maize_africa_real_71809424.jpg,maize_africa,1,1,fall_armyworm,fall_armyworm,0.8551037311553955,1,1,1
clean/gray_leaf_spot/real/gray_leaf_spot_corn_leaf_diseases_classification_roboflow_real_c9d479bb.jpg,corn_leaf_diseases_classification_roboflow,2,2,gray_leaf_spot,gray_leaf_spot,0.929671585559845,2,2,2
clean/lethal_necrosis/real/lethal_necrosis_maize_africa_real_96052889.jpg,maize_africa,4,4,lethal_necrosis,lethal_necrosis,0.8494977951049805,4,4,4
clean/lethal_necrosis/real/lethal_necrosis_multi_desease_real_35367061.jpeg,multi_desease,4,4,lethal_necrosis,lethal_necrosis,0.847812294960022,4,4,4
clean/nitrogen_deficiency/real/nitrogen_deficiency_corn_leaf_roboflow_real_50534836.jpg,corn_leaf_roboflow,5,5,nitrogen_deficiency,nitrogen_deficiency,0.94669771194458,5,5,5
clean/northern_corn_leaf_blight/real/northern_corn_leaf_blight_maize_africa_real_18440482.jpg,maize_africa,6,6,northern_corn_leaf_blight,northern_corn_leaf_blight,0.8310544490814209,6,6,6
clean/northern_corn_leaf_blight/real/northern_corn_leaf_blight_maize_africa_real_80463289.jpg,maize_africa,6,6,northern_corn_leaf_blight,northern_corn_leaf_blight,0.8255695700645447,6,6,6
clean/northern_corn_leaf_blight/real/northern_corn_leaf_blight_maize_desease_real_24893482.jpg,maize_desease,6,6,northern_corn_leaf_blight,northern_corn_leaf_blight,0.8410136103630066,6,6,6
clean/gray_leaf_spot/real/gray_leaf_spot_corn_leaf_diseases_classification_roboflow_real_4142a566.jpg,corn_leaf_diseases_classification_roboflow,2,2,gray_leaf_spot,gray_leaf_spot,0.9214246273040771,2,2,2
clean/healthy/real/healthy_maize_desease_v1.1_real_3498.jpg,maize_desease_v1.1,3,3,healthy,healthy,0.8265911936759949,3,3,3
clean/fall_armyworm/real/fall_armyworm_multi_desease_real_20154785.jpg,multi_desease,1,1,fall_armyworm,fall_armyworm,0.8618364334106445,1,1,1
clean/lethal_necrosis/real/lethal_necrosis_maize_africa_real_29607129.jpg,maize_africa,4,4,lethal_necrosis,lethal_necrosis,0.8490228652954102,4,4,4
clean/northern_corn_leaf_blight/real/northern_corn_leaf_blight_maize_africa_real_83994354.jpg,maize_africa,6,6,northern_corn_leaf_blight,northern_corn_leaf_blight,0.8325158357620239,6,6,6
clean/fall_armyworm/real/fall_armyworm_multi_desease_real_74637109.jpg,multi_desease,1,1,fall_armyworm,fall_armyworm,0.8663603663444519,1,1,1
clean/healthy/real/healthy_maize_africa_v1.2_real_787.jpg,maize_africa_v1.2,3,3,healthy,healthy,0.7965025901794434,3,3,3
clean/lethal_necrosis/real/lethal_necrosis_multi_desease_real_69249228.jpeg,multi_desease,4,4,lethal_necrosis,lethal_necrosis,0.8392242193222046,4,4,4
clean/northern_corn_leaf_blight/real/northern_corn_leaf_blight_maize_field_real_93258259.jpg,maize_field,6,6,northern_corn_leaf_blight,northern_corn_leaf_blight,0.8213146328926086,6,6,6
clean/lethal_necrosis/real/lethal_necrosis_multi_desease_real_57828369.jpeg,multi_desease,4,4,lethal_necrosis,lethal_necrosis,0.7440791130065918,4,4,4
clean/common_rust/lab/common_rust_maize_desease_lab_78061268.jpg,maize_desease,0,0,common_rust,common_rust,0.9063149690628052,0,0,0
clean/lethal_necrosis/real/lethal_necrosis_maize_africa_real_28547001.jpg,maize_africa,4,4,lethal_necrosis,lethal_necrosis,0.832747220993042,4,4,4
clean/healthy/real/healthy_cropdg_real_1085.jpg,cropdg,3,3,healthy,healthy,0.8194855451583862,3,3,3
clean/healthy/real/healthy_cropdg_real_617.jpg,cropdg,3,3,healthy,healthy,0.8181356191635132,3,3,3
clean/nitrogen_deficiency/real/nitrogen_deficiency_maize_nutrient_real_65518371.jpeg,maize_nutrient,5,5,nitrogen_deficiency,nitrogen_deficiency,0.8008373379707336,5,5,5
clean/gray_leaf_spot/lab/gray_leaf_spot_cropdg_lab_18370590.jpg,cropdg,2,2,gray_leaf_spot,gray_leaf_spot,0.7955195903778076,2,2,2
clean/lethal_necrosis/real/lethal_necrosis_multi_desease_real_79817122.jpeg,multi_desease,4,4,lethal_necrosis,lethal_necrosis,0.849965512752533,4,4,4
clean/northern_corn_leaf_blight/real/northern_corn_leaf_blight_maize_africa_real_27969314.jpg,maize_africa,6,6,northern_corn_leaf_blight,northern_corn_leaf_blight,0.832495927810669,6,6,6
clean/healthy/real/healthy_maize_africa_v1.2_real_1080.jpg,maize_africa_v1.2,3,3,healthy,healthy,0.809666633605957,3,3,3
clean/healthy/real/healthy_maize_africa_v1.2_real_584.jpg,maize_africa_v1.2,3,3,healthy,healthy,0.8285937309265137,3,3,3
clean/lethal_necrosis/real/lethal_necrosis_multi_desease_real_84933974.jpeg,multi_desease,4,4,lethal_necrosis,lethal_necrosis,0.8388733863830566,4,4,4
clean/fall_armyworm/real/fall_armyworm_multi_desease_real_76756726.jpg,multi_desease,1,1,fall_armyworm,fall_armyworm,0.8531075716018677,1,1,1
clean/lethal_necrosis/real/lethal_necrosis_multi_desease_real_33735880.jpeg,multi_desease,4,4,lethal_necrosis,lethal_necrosis,0.8468214869499207,4,4,4
clean/fall_armyworm/real/fall_armyworm_multi_desease_real_58188782.jpg,multi_desease,1,1,fall_armyworm,fall_armyworm,0.8570684194564819,1,1,1
clean/lethal_necrosis/real/lethal_necrosis_multi_desease_real_26661281.jpeg,multi_desease,4,4,lethal_necrosis,lethal_necrosis,0.8627182245254517,4,4,4
clean/northern_corn_leaf_blight/real/northern_corn_leaf_blight_maize_africa_real_48774854.jpg,maize_africa,6,6,northern_corn_leaf_blight,northern_corn_leaf_blight,0.8191514611244202,6,6,6
clean/fall_armyworm/real/fall_armyworm_maize_africa_real_40153159.jpg,maize_africa,1,1,fall_armyworm,fall_armyworm,0.8545892238616943,1,1,1
clean/lethal_necrosis/real/lethal_necrosis_multi_desease_real_38642709.jpeg,multi_desease,4,4,lethal_necrosis,lethal_necrosis,0.834051251411438,4,4,4
clean/lethal_necrosis/real/lethal_necrosis_multi_desease_real_12622378.jpeg,multi_desease,4,4,lethal_necrosis,lethal_necrosis,0.8343992233276367,4,4,4
clean/lethal_necrosis/real/lethal_necrosis_multi_desease_real_73093885.jpeg,multi_desease,4,4,lethal_necrosis,lethal_necrosis,0.8331466913223267,4,4,4
clean/northern_corn_leaf_blight/real/northern_corn_leaf_blight_maize_africa_real_36872137.jpg,maize_africa,6,6,northern_corn_leaf_blight,northern_corn_leaf_blight,0.842117428779602,6,6,6
clean/healthy/real/healthy_maize_desease_v1.1_real_1147.jpg,maize_desease_v1.1,3,3,healthy,healthy,0.8199601769447327,3,3,3
clean/northern_corn_leaf_blight/real/northern_corn_leaf_blight_maize_africa_real_34411015.jpg,maize_africa,6,6,northern_corn_leaf_blight,northern_corn_leaf_blight,0.8369078636169434,6,6,6
clean/common_rust/lab/common_rust_multi_desease_lab_65441460.jpg,multi_desease,0,0,common_rust,common_rust,0.9099304676055908,0,0,0
clean/healthy/real/healthy_maize_desease_v1.1_real_4538.jpg,maize_desease_v1.1,3,3,healthy,healthy,0.8106053471565247,3,3,3
clean/healthy/real/healthy_cropdg_real_785.jpg,cropdg,3,3,healthy,healthy,0.8200893402099609,3,3,3
clean/healthy/real/healthy_maize_africa_v1.2_real_705.jpg,maize_africa_v1.2,3,3,healthy,healthy,0.7667604088783264,3,3,3
clean/northern_corn_leaf_blight/real/northern_corn_leaf_blight_maize_africa_real_13551679.jpg,maize_africa,6,6,northern_corn_leaf_blight,northern_corn_leaf_blight,0.8136023283004761,6,6,6
clean/lethal_necrosis/real/lethal_necrosis_maize_africa_real_26265555.jpg,maize_africa,4,4,lethal_necrosis,lethal_necrosis,0.8486943244934082,4,4,4
clean/fall_armyworm/real/fall_armyworm_maize_africa_real_38817487.jpg,maize_africa,1,1,fall_armyworm,fall_armyworm,0.860031008720398,1,1,1
clean/northern_corn_leaf_blight/real/northern_corn_leaf_blight_corn_leaf_roboflow_real_73609431.jpg,corn_leaf_roboflow,6,6,northern_corn_leaf_blight,northern_corn_leaf_blight,0.829048752784729,6,6,6
clean/common_rust/lab/common_rust_multi_desease_lab_76504512.jpg,multi_desease,0,0,common_rust,common_rust,0.9014081954956056,0,0,0
clean/fall_armyworm/real/fall_armyworm_maize_africa_real_39323189.jpg,maize_africa,1,1,fall_armyworm,fall_armyworm,0.8620438575744629,1,1,1
clean/phosphorus_deficiency/real/phosphorus_deficiency_corn_leaf_roboflow_real_73948496.jpg,corn_leaf_roboflow,7,7,phosphorus_deficiency,phosphorus_deficiency,0.9430135488510132,7,7,7
clean/lethal_necrosis/real/lethal_necrosis_maize_africa_real_92900827.jpg,maize_africa,4,4,lethal_necrosis,lethal_necrosis,0.8357049226760864,4,4,4
clean/healthy/real/healthy_maize_africa_v1.2_real_500.jpg,maize_africa_v1.2,3,3,healthy,healthy,0.8228875398635864,3,3,3
clean/healthy/real/healthy_maize_desease_v1.1_real_1678.jpg,maize_desease_v1.1,3,3,healthy,healthy,0.8168685436248779,3,3,3
clean/common_rust/lab/common_rust_multi_desease_lab_90436726.jpg,multi_desease,0,0,common_rust,common_rust,0.9073723554611206,0,0,0
clean/northern_corn_leaf_blight/real/northern_corn_leaf_blight_corn_leaf_roboflow_real_92065575.jpg,corn_leaf_roboflow,6,6,northern_corn_leaf_blight,northern_corn_leaf_blight,0.8584949970245361,6,6,6
clean/northern_corn_leaf_blight/real/northern_corn_leaf_blight_maize_africa_real_66135408.jpg,maize_africa,6,6,northern_corn_leaf_blight,northern_corn_leaf_blight,0.8270419836044312,6,6,6
clean/fall_armyworm/real/fall_armyworm_maize_africa_real_23319641.jpg,maize_africa,1,1,fall_armyworm,fall_armyworm,0.8714637160301208,1,1,1
clean/fall_armyworm/real/fall_armyworm_maize_africa_real_36307004.jpg,maize_africa,1,1,fall_armyworm,fall_armyworm,0.8558961749076843,1,1,1
clean/northern_corn_leaf_blight/real/northern_corn_leaf_blight_maize_africa_real_42909210.jpg,maize_africa,6,6,northern_corn_leaf_blight,northern_corn_leaf_blight,0.8236961364746094,6,6,6
clean/healthy/real/healthy_maize_africa_v1.2_real_126.jpg,maize_africa_v1.2,3,3,healthy,healthy,0.7827626466751099,3,3,3
clean/fall_armyworm/real/fall_armyworm_maize_africa_real_65007088.jpg,maize_africa,1,1,fall_armyworm,fall_armyworm,0.8466390371322632,1,1,1
clean/northern_corn_leaf_blight/real/northern_corn_leaf_blight_maize_africa_real_27870183.jpg,maize_africa,6,6,northern_corn_leaf_blight,northern_corn_leaf_blight,0.8162282705307007,6,6,6
clean/common_rust/lab/common_rust_maize_desease_lab_30313992.jpg,maize_desease,0,0,common_rust,common_rust,0.9072165489196776,0,0,0
clean/healthy/real/healthy_cropdg_real_802.jpg,cropdg,3,3,healthy,healthy,0.8197039365768433,3,3,3
clean/healthy/real/healthy_maize_desease_v1.1_real_831.jpg,maize_desease_v1.1,3,3,healthy,healthy,0.801973819732666,3,3,3
clean/lethal_necrosis/real/lethal_necrosis_maize_africa_real_15621044.jpg,maize_africa,4,4,lethal_necrosis,lethal_necrosis,0.8400967121124268,4,4,4
clean/fall_armyworm/real/fall_armyworm_maize_africa_real_95265147.jpg,maize_africa,1,1,fall_armyworm,fall_armyworm,0.719549298286438,3,1,1
clean/lethal_necrosis/real/lethal_necrosis_maize_africa_real_83296579.jpg,maize_africa,4,4,lethal_necrosis,lethal_necrosis,0.8269656896591187,4,4,4
clean/healthy/real/healthy_maize_desease_v1.1_real_5196.jpg,maize_desease_v1.1,3,3,healthy,healthy,0.8189469575881958,3,3,3
clean/healthy/real/healthy_maize_africa_v1.2_real_1819.jpg,maize_africa_v1.2,3,3,healthy,healthy,0.8051498532295227,3,3,3
clean/healthy/real/healthy_maize_desease_v1.1_real_1694.jpg,maize_desease_v1.1,3,3,healthy,healthy,0.8102160692214966,3,3,3
clean/common_rust/lab/common_rust_maize_desease_lab_21308835.jpg,maize_desease,0,0,common_rust,common_rust,0.9053778648376464,0,0,0
clean/fall_armyworm/real/fall_armyworm_multi_desease_real_41391345.jpg,multi_desease,1,1,fall_armyworm,fall_armyworm,0.8605276942253113,1,1,1
clean/fall_armyworm/real/fall_armyworm_multi_desease_real_94762439.jpg,multi_desease,1,1,fall_armyworm,fall_armyworm,0.8576507568359375,1,1,1
clean/common_rust/lab/common_rust_multi_desease_lab_12190836.jpg,multi_desease,0,0,common_rust,common_rust,0.9019076824188232,0,0,0
clean/northern_corn_leaf_blight/lab/northern_corn_leaf_blight_cropdg_lab_830.jpg,cropdg,6,6,northern_corn_leaf_blight,northern_corn_leaf_blight,0.8304476737976074,6,6,6
clean/fall_armyworm/real/fall_armyworm_multi_desease_real_96299229.jpg,multi_desease,1,1,fall_armyworm,fall_armyworm,0.8580719232559204,1,1,1
clean/fall_armyworm/real/fall_armyworm_maize_africa_real_19586854.jpg,maize_africa,1,1,fall_armyworm,fall_armyworm,0.8588544726371765,1,1,1
clean/fall_armyworm/real/fall_armyworm_multi_desease_real_72761307.jpg,multi_desease,1,1,fall_armyworm,fall_armyworm,0.8670106530189514,1,1,1
clean/fall_armyworm/real/fall_armyworm_multi_desease_real_48392601.jpg,multi_desease,1,1,fall_armyworm,fall_armyworm,0.8574652075767517,1,1,1
clean/potassium_deficiency/real/potassium_deficiency_maize_deficiency_scanner_roboflow_real_f29a08a8.jpg,maize_deficiency_scanner_roboflow,8,5,potassium_deficiency,nitrogen_deficiency,0.7610676288604736,5,5,5
clean/lethal_necrosis/real/lethal_necrosis_maize_africa_real_49005258.jpg,maize_africa,4,4,lethal_necrosis,lethal_necrosis,0.8408472537994385,4,4,4
clean/lethal_necrosis/real/lethal_necrosis_maize_africa_real_10662657.jpg,maize_africa,4,4,lethal_necrosis,lethal_necrosis,0.8390302062034607,4,4,4
clean/northern_corn_leaf_blight/real/northern_corn_leaf_blight_maize_desease_real_44862270.jpg,maize_desease,6,6,northern_corn_leaf_blight,northern_corn_leaf_blight,0.8313751220703125,6,6,6
clean/fall_armyworm/real/fall_armyworm_multi_desease_real_67133941.jpg,multi_desease,1,1,fall_armyworm,fall_armyworm,0.862186849117279,1,1,1
clean/northern_corn_leaf_blight/real/northern_corn_leaf_blight_maize_africa_real_77449391.jpg,maize_africa,6,6,northern_corn_leaf_blight,northern_corn_leaf_blight,0.8316161632537842,6,6,6
clean/phosphorus_deficiency/real/phosphorus_deficiency_corn_leaf_roboflow_real_31075542.jpg,corn_leaf_roboflow,7,8,phosphorus_deficiency,potassium_deficiency,0.9575300216674804,8,8,8
clean/fall_armyworm/real/fall_armyworm_multi_desease_real_88410537.jpg,multi_desease,1,1,fall_armyworm,fall_armyworm,0.8456407785415649,1,1,1
clean/fall_armyworm/real/fall_armyworm_multi_desease_real_18280420.jpg,multi_desease,1,1,fall_armyworm,fall_armyworm,0.8597413301467896,1,1,1
clean/fall_armyworm/real/fall_armyworm_multi_desease_real_76360603.jpg,multi_desease,1,1,fall_armyworm,fall_armyworm,0.8614317774772644,1,1,1
clean/northern_corn_leaf_blight/lab/northern_corn_leaf_blight_cropdg_lab_153.jpg,cropdg,6,6,northern_corn_leaf_blight,northern_corn_leaf_blight,0.8154807686805725,6,6,6
clean/potassium_deficiency/real/potassium_deficiency_corn_leaf_roboflow_real_56217530.jpg,corn_leaf_roboflow,8,8,potassium_deficiency,potassium_deficiency,0.81654292345047,8,8,8
clean/fall_armyworm/real/fall_armyworm_multi_desease_real_99361867.jpg,multi_desease,1,1,fall_armyworm,fall_armyworm,0.8687695860862732,1,1,1
clean/gray_leaf_spot/lab/gray_leaf_spot_cropdg_lab_28286188.jpg,cropdg,2,2,gray_leaf_spot,gray_leaf_spot,0.9375699162483216,2,2,2
clean/northern_corn_leaf_blight/real/northern_corn_leaf_blight_maize_africa_real_83261865.jpg,maize_africa,6,6,northern_corn_leaf_blight,northern_corn_leaf_blight,0.8285037875175476,6,6,6
clean/healthy/real/healthy_maize_desease_v1.1_real_2912.jpg,maize_desease_v1.1,3,3,healthy,healthy,0.8151359558105469,3,3,3
clean/northern_corn_leaf_blight/real/northern_corn_leaf_blight_maize_africa_real_36602265.jpg,maize_africa,6,6,northern_corn_leaf_blight,northern_corn_leaf_blight,0.8348116874694824,6,6,6
clean/northern_corn_leaf_blight/real/northern_corn_leaf_blight_maize_africa_real_20059344.jpg,maize_africa,6,6,northern_corn_leaf_blight,northern_corn_leaf_blight,0.8427586555480957,6,6,6
clean/fall_armyworm/real/fall_armyworm_multi_desease_real_83504312.jpg,multi_desease,1,1,fall_armyworm,fall_armyworm,0.8690894246101379,1,1,1
clean/gray_leaf_spot/real/gray_leaf_spot_maize_field_real_74128396.jpg,maize_field,2,2,gray_leaf_spot,gray_leaf_spot,0.9131070375442504,2,2,2
clean/gray_leaf_spot/real/gray_leaf_spot_maize_field_real_30758440.jpg,maize_field,2,2,gray_leaf_spot,gray_leaf_spot,0.654756486415863,2,2,0
clean/lethal_necrosis/real/lethal_necrosis_multi_desease_real_58592799.jpeg,multi_desease,4,4,lethal_necrosis,lethal_necrosis,0.8476321697235107,4,4,4
clean/healthy/real/healthy_maize_africa_v1.2_real_182.jpg,maize_africa_v1.2,3,3,healthy,healthy,0.8202459812164307,3,3,3
clean/gray_leaf_spot/real/gray_leaf_spot_maize_field_real_25054576.jpg,maize_field,2,2,gray_leaf_spot,gray_leaf_spot,0.9031484723091124,2,2,2
clean/lethal_necrosis/real/lethal_necrosis_maize_africa_real_36419722.jpg,maize_africa,4,4,lethal_necrosis,lethal_necrosis,0.8484190702438354,4,4,4
clean/fall_armyworm/real/fall_armyworm_maize_africa_real_68658869.jpg,maize_africa,1,1,fall_armyworm,fall_armyworm,0.8486276865005493,1,1,1
clean/common_rust/lab/common_rust_multi_desease_lab_83234132.jpg,multi_desease,0,0,common_rust,common_rust,0.9113008975982666,0,0,0
clean/potassium_deficiency/real/potassium_deficiency_maize_2_roboflow_real_be52def0.jpg,maize_2_roboflow,8,8,potassium_deficiency,potassium_deficiency,0.9555078744888306,8,8,8
clean/northern_corn_leaf_blight/real/northern_corn_leaf_blight_maize_africa_real_52478916.jpg,maize_africa,6,6,northern_corn_leaf_blight,northern_corn_leaf_blight,0.8317530155181885,6,6,6
clean/nitrogen_deficiency/real/nitrogen_deficiency_maize_deficiency_scanner_roboflow_real_60eca123.jpg,maize_deficiency_scanner_roboflow,5,5,nitrogen_deficiency,nitrogen_deficiency,0.9389389157295228,5,5,5
clean/lethal_necrosis/real/lethal_necrosis_maize_africa_real_75796874.jpg,maize_africa,4,4,lethal_necrosis,lethal_necrosis,0.8325275182723999,4,4,4
clean/fall_armyworm/real/fall_armyworm_multi_desease_real_24454231.jpg,multi_desease,1,1,fall_armyworm,fall_armyworm,0.8516030311584473,1,1,1
clean/healthy/real/healthy_maize_desease_v1.1_real_4247.jpg,maize_desease_v1.1,3,3,healthy,healthy,0.8195643424987793,3,3,3
clean/lethal_necrosis/real/lethal_necrosis_multi_desease_real_13933117.jpeg,multi_desease,4,4,lethal_necrosis,lethal_necrosis,0.8345745801925659,4,4,4
clean/healthy/real/healthy_maize_nutrient_real_52.jpeg,maize_nutrient,3,3,healthy,healthy,0.8072737455368042,3,3,3
clean/lethal_necrosis/real/lethal_necrosis_maize_africa_real_95768947.jpg,maize_africa,4,4,lethal_necrosis,lethal_necrosis,0.8491561412811279,4,4,4
clean/healthy/real/healthy_maize_desease_v1.1_real_4792.jpg,maize_desease_v1.1,3,3,healthy,healthy,0.817276656627655,3,3,3
clean/fall_armyworm/real/fall_armyworm_maize_africa_real_53760518.jpg,maize_africa,1,1,fall_armyworm,fall_armyworm,0.8694465160369873,1,1,1
clean/common_rust/lab/common_rust_maize_desease_lab_29905052.jpg,maize_desease,0,0,common_rust,common_rust,0.9047327041625975,0,0,0
clean/healthy/real/healthy_maize_desease_v1.1_real_2811.jpg,maize_desease_v1.1,3,3,healthy,healthy,0.8204083442687988,3,3,3
clean/northern_corn_leaf_blight/real/northern_corn_leaf_blight_maize_africa_real_11077190.jpg,maize_africa,6,6,northern_corn_leaf_blight,northern_corn_leaf_blight,0.8354730606079102,6,6,6
clean/lethal_necrosis/real/lethal_necrosis_maize_africa_real_98367932.jpg,maize_africa,4,4,lethal_necrosis,lethal_necrosis,0.8464357256889343,4,4,4
clean/healthy/real/healthy_maize_africa_v1.2_real_758.jpg,maize_africa_v1.2,3,3,healthy,healthy,0.790540874004364,3,3,3
clean/healthy/real/healthy_maize_desease_v1.1_real_2066.jpg,maize_desease_v1.1,3,3,healthy,healthy,0.8275438547134399,3,3,3
clean/gray_leaf_spot/real/gray_leaf_spot_maize_field_real_86588838.jpg,maize_field,2,2,gray_leaf_spot,gray_leaf_spot,0.906935453414917,2,2,2
clean/lethal_necrosis/real/lethal_necrosis_multi_desease_real_78787426.jpeg,multi_desease,4,4,lethal_necrosis,lethal_necrosis,0.8309394121170044,4,4,4
clean/gray_leaf_spot/real/gray_leaf_spot_maize_field_real_29229202.jpg,maize_field,2,2,gray_leaf_spot,gray_leaf_spot,0.8491455316543579,2,2,2
clean/fall_armyworm/real/fall_armyworm_multi_desease_real_32305236.jpg,multi_desease,1,1,fall_armyworm,fall_armyworm,0.8644833564758301,1,1,1
clean/common_rust/lab/common_rust_multi_desease_lab_42351359.jpg,multi_desease,0,0,common_rust,common_rust,0.9061068296432496,0,0,0
clean/fall_armyworm/real/fall_armyworm_multi_desease_real_23811705.jpg,multi_desease,1,1,fall_armyworm,fall_armyworm,0.8731069564819336,1,1,1
clean/healthy/real/healthy_maize_desease_v1.1_real_3002.jpg,maize_desease_v1.1,3,3,healthy,healthy,0.8162519335746765,3,3,3
clean/healthy/real/healthy_cropdg_real_595.jpg,cropdg,3,3,healthy,healthy,0.8235877156257629,3,3,3
clean/potassium_deficiency/real/potassium_deficiency_maize_deficiency_scanner_roboflow_real_934eb14f.jpg,maize_deficiency_scanner_roboflow,8,8,potassium_deficiency,potassium_deficiency,0.4649105966091156,8,5,8
clean/common_rust/lab/common_rust_maize_desease_lab_31556291.jpg,maize_desease,0,0,common_rust,common_rust,0.9022566080093384,0,0,0
clean/nitrogen_deficiency/real/nitrogen_deficiency_corn_leaf_roboflow_real_27400597.jpg,corn_leaf_roboflow,5,5,nitrogen_deficiency,nitrogen_deficiency,0.8161532282829285,5,5,5
clean/common_rust/lab/common_rust_maize_desease_lab_34923600.jpg,maize_desease,0,0,common_rust,common_rust,0.9024800062179564,0,0,0
clean/gray_leaf_spot/real/gray_leaf_spot_maize_leaf_roboflow_real_ee8d942c.jpg,maize_leaf_roboflow,2,2,gray_leaf_spot,gray_leaf_spot,0.9285105466842652,2,2,2
clean/lethal_necrosis/real/lethal_necrosis_maize_africa_real_42960985.jpg,maize_africa,4,4,lethal_necrosis,lethal_necrosis,0.8432379961013794,4,4,4
clean/lethal_necrosis/real/lethal_necrosis_maize_africa_real_86531384.jpg,maize_africa,4,4,lethal_necrosis,lethal_necrosis,0.8416128158569336,4,4,4
clean/phosphorus_deficiency/real/phosphorus_deficiency_corn_leaf_roboflow_real_54088746.jpg,corn_leaf_roboflow,7,7,phosphorus_deficiency,phosphorus_deficiency,0.937800407409668,7,7,7
clean/lethal_necrosis/real/lethal_necrosis_multi_desease_real_36369792.jpeg,multi_desease,4,4,lethal_necrosis,lethal_necrosis,0.8452454805374146,4,4,4
clean/fall_armyworm/real/fall_armyworm_maize_africa_real_57223656.jpg,maize_africa,1,1,fall_armyworm,fall_armyworm,0.8243668079376221,1,1,1
clean/healthy/real/healthy_maize_desease_v1.1_real_4948.jpg,maize_desease_v1.1,3,3,healthy,healthy,0.6525782346725464,3,3,3
clean/fall_armyworm/real/fall_armyworm_corn_leaf_roboflow_real_58724226.jpg,corn_leaf_roboflow,1,1,fall_armyworm,fall_armyworm,0.7697287797927856,1,1,1
clean/healthy/real/healthy_maize_desease_v1.1_real_2078.jpg,maize_desease_v1.1,3,3,healthy,healthy,0.8077837228775024,3,3,3
clean/northern_corn_leaf_blight/real/northern_corn_leaf_blight_maize_africa_real_10436621.jpg,maize_africa,6,6,northern_corn_leaf_blight,northern_corn_leaf_blight,0.8354203104972839,6,6,6
clean/fall_armyworm/real/fall_armyworm_maize_africa_real_24203274.jpg,maize_africa,1,1,fall_armyworm,fall_armyworm,0.8774086236953735,1,1,1
clean/northern_corn_leaf_blight/real/northern_corn_leaf_blight_maize_africa_real_78002980.jpg,maize_africa,6,6,northern_corn_leaf_blight,northern_corn_leaf_blight,0.839012622833252,6,6,6
clean/potassium_deficiency/real/potassium_deficiency_maize_2_roboflow_real_f97d7cd8.jpg,maize_2_roboflow,8,8,potassium_deficiency,potassium_deficiency,0.905726432800293,8,8,8
clean/healthy/real/healthy_maize_desease_v1.1_real_2580.jpg,maize_desease_v1.1,3,3,healthy,healthy,0.8186475038528442,3,3,3
clean/lethal_necrosis/real/lethal_necrosis_maize_africa_real_48765351.jpg,maize_africa,4,4,lethal_necrosis,lethal_necrosis,0.8461556434631348,4,4,4
clean/northern_corn_leaf_blight/real/northern_corn_leaf_blight_corn_leaf_roboflow_real_12696853.jpg,corn_leaf_roboflow,6,6,northern_corn_leaf_blight,northern_corn_leaf_blight,0.8323276042938232,6,6,6
clean/fall_armyworm/real/fall_armyworm_multi_desease_real_57503187.jpg,multi_desease,1,1,fall_armyworm,fall_armyworm,0.8635120987892151,1,1,1
clean/healthy/real/healthy_maize_africa_v1.2_real_1430.jpg,maize_africa_v1.2,3,3,healthy,healthy,0.8097890615463257,3,3,3
clean/lethal_necrosis/real/lethal_necrosis_multi_desease_real_80676275.jpeg,multi_desease,4,4,lethal_necrosis,lethal_necrosis,0.8483999967575073,4,4,4
clean/healthy/real/healthy_maize_africa_v1.2_real_783.jpg,maize_africa_v1.2,3,3,healthy,healthy,0.8095459938049316,3,3,3
clean/gray_leaf_spot/real/gray_leaf_spot_maize_leaf_roboflow_real_e571bd95.jpg,maize_leaf_roboflow,2,2,gray_leaf_spot,gray_leaf_spot,0.9142206311225892,2,2,2
clean/fall_armyworm/real/fall_armyworm_corn_leaf_roboflow_real_28590044.jpg,corn_leaf_roboflow,1,1,fall_armyworm,fall_armyworm,0.7902394533157349,1,1,1
clean/healthy/real/healthy_maize_desease_v1.1_real_2888.jpg,maize_desease_v1.1,3,3,healthy,healthy,0.815456748008728,3,3,3
clean/lethal_necrosis/real/lethal_necrosis_maize_africa_real_62422225.jpg,maize_africa,4,4,lethal_necrosis,lethal_necrosis,0.8385058641433716,4,4,4
clean/gray_leaf_spot/lab/gray_leaf_spot_cropdg_lab_29083310.jpg,cropdg,2,2,gray_leaf_spot,gray_leaf_spot,0.85990309715271,2,2,2
clean/lethal_necrosis/real/lethal_necrosis_maize_africa_real_57254622.jpg,maize_africa,4,4,lethal_necrosis,lethal_necrosis,0.8465892672538757,4,4,4
clean/healthy/real/healthy_corn_leaf_roboflow_real_60028240.jpg,corn_leaf_roboflow,3,3,healthy,healthy,0.807675838470459,3,3,3
clean/northern_corn_leaf_blight/real/northern_corn_leaf_blight_maize_africa_real_21091543.jpg,maize_africa,6,6,northern_corn_leaf_blight,northern_corn_leaf_blight,0.8256975412368774,6,6,6
clean/fall_armyworm/real/fall_armyworm_multi_desease_real_79901400.jpg,multi_desease,1,1,fall_armyworm,fall_armyworm,0.8713719844818115,1,1,1
clean/northern_corn_leaf_blight/lab/northern_corn_leaf_blight_cropdg_lab_814.jpg,cropdg,6,6,northern_corn_leaf_blight,northern_corn_leaf_blight,0.8189377784729004,6,6,6
clean/phosphorus_deficiency/real/phosphorus_deficiency_corn_leaf_roboflow_real_29683417.jpg,corn_leaf_roboflow,7,7,phosphorus_deficiency,phosphorus_deficiency,0.8546758890151978,7,7,7
clean/northern_corn_leaf_blight/real/northern_corn_leaf_blight_maize_africa_real_76014747.jpg,maize_africa,6,6,northern_corn_leaf_blight,northern_corn_leaf_blight,0.8277249932289124,6,6,6
clean/lethal_necrosis/real/lethal_necrosis_maize_africa_real_99420310.jpg,maize_africa,4,4,lethal_necrosis,lethal_necrosis,0.8437817096710205,4,4,4
clean/northern_corn_leaf_blight/real/northern_corn_leaf_blight_maize_desease_real_61454664.jpg,maize_desease,6,6,northern_corn_leaf_blight,northern_corn_leaf_blight,0.8304646015167236,6,6,6
clean/northern_corn_leaf_blight/real/northern_corn_leaf_blight_maize_africa_real_10960135.jpg,maize_africa,6,6,northern_corn_leaf_blight,northern_corn_leaf_blight,0.8141331672668457,6,6,6
clean/common_rust/lab/common_rust_maize_desease_lab_89137672.jpg,maize_desease,0,0,common_rust,common_rust,0.9079248905181884,0,0,0
clean/phosphorus_deficiency/real/phosphorus_deficiency_corn_leaf_roboflow_real_60180504.jpg,corn_leaf_roboflow,7,7,phosphorus_deficiency,phosphorus_deficiency,0.9397216439247132,7,7,7
clean/common_rust/lab/common_rust_multi_desease_lab_53793717.jpg,multi_desease,0,0,common_rust,common_rust,0.9162951111793518,0,0,0
clean/northern_corn_leaf_blight/real/northern_corn_leaf_blight_maize_africa_real_21857427.jpg,maize_africa,6,6,northern_corn_leaf_blight,northern_corn_leaf_blight,0.8405440449714661,6,6,6
clean/gray_leaf_spot/real/gray_leaf_spot_maize_field_real_40265386.jpg,maize_field,2,2,gray_leaf_spot,gray_leaf_spot,0.8819255828857422,2,2,2
clean/healthy/real/healthy_maize_desease_v1.1_real_4649.jpg,maize_desease_v1.1,3,3,healthy,healthy,0.8231090307235718,3,3,3
clean/lethal_necrosis/real/lethal_necrosis_multi_desease_real_18205627.jpeg,multi_desease,4,4,lethal_necrosis,lethal_necrosis,0.8412789702415466,4,4,4
clean/fall_armyworm/real/fall_armyworm_multi_desease_real_35559227.jpg,multi_desease,1,1,fall_armyworm,fall_armyworm,0.8634119033813477,1,1,1
clean/healthy/real/healthy_maize_nutrient_real_9.jpeg,maize_nutrient,3,3,healthy,healthy,0.8191035985946655,3,3,3
clean/gray_leaf_spot/lab/gray_leaf_spot_cropdg_lab_94725232.jpg,cropdg,2,2,gray_leaf_spot,gray_leaf_spot,0.9165162444114684,2,2,2
clean/healthy/real/healthy_maize_desease_v1.1_real_4437.jpg,maize_desease_v1.1,3,3,healthy,healthy,0.82951420545578,3,3,3
clean/healthy/real/healthy_maize_africa_v1.2_real_60.jpg,maize_africa_v1.2,3,3,healthy,healthy,0.8079724311828613,3,3,3
clean/lethal_necrosis/real/lethal_necrosis_maize_africa_real_51397748.jpg,maize_africa,4,4,lethal_necrosis,lethal_necrosis,0.8373326063156128,4,4,4
clean/common_rust/lab/common_rust_maize_desease_lab_78017479.jpg,maize_desease,0,0,common_rust,common_rust,0.906885027885437,0,0,0
clean/fall_armyworm/real/fall_armyworm_maize_africa_real_12355902.jpg,maize_africa,1,1,fall_armyworm,fall_armyworm,0.6291711926460266,3,1,1
clean/gray_leaf_spot/lab/gray_leaf_spot_cropdg_lab_54365276.jpg,cropdg,2,2,gray_leaf_spot,gray_leaf_spot,0.9089862108230592,2,2,2
clean/lethal_necrosis/real/lethal_necrosis_multi_desease_real_27260115.jpeg,multi_desease,4,4,lethal_necrosis,lethal_necrosis,0.8510456085205078,4,4,4
clean/northern_corn_leaf_blight/real/northern_corn_leaf_blight_maize_africa_real_28538983.jpg,maize_africa,6,6,northern_corn_leaf_blight,northern_corn_leaf_blight,0.8313852548599243,6,6,6
clean/lethal_necrosis/real/lethal_necrosis_maize_africa_real_58989211.jpg,maize_africa,4,4,lethal_necrosis,lethal_necrosis,0.8432537317276001,4,4,4
clean/fall_armyworm/real/fall_armyworm_corn_leaf_roboflow_real_73587934.jpg,corn_leaf_roboflow,1,1,fall_armyworm,fall_armyworm,0.8664740324020386,1,1,1
clean/healthy/real/healthy_maize_desease_v1.1_real_640.jpg,maize_desease_v1.1,3,3,healthy,healthy,0.81511390209198,3,3,3
clean/healthy/real/healthy_corn_leaf_roboflow_real_49677207.jpg,corn_leaf_roboflow,3,3,healthy,healthy,0.827906608581543,3,3,3
clean/healthy/real/healthy_maize_desease_v1.1_real_3935.jpg,maize_desease_v1.1,3,3,healthy,healthy,0.8177065253257751,3,3,3
clean/fall_armyworm/real/fall_armyworm_multi_desease_real_27220744.jpg,multi_desease,1,1,fall_armyworm,fall_armyworm,0.8538816571235657,1,1,1
clean/fall_armyworm/real/fall_armyworm_multi_desease_real_21628458.jpg,multi_desease,1,1,fall_armyworm,fall_armyworm,0.8607633709907532,1,1,1
clean/lethal_necrosis/real/lethal_necrosis_maize_africa_real_41643064.jpg,maize_africa,4,4,lethal_necrosis,lethal_necrosis,0.8272480964660645,4,4,4
clean/healthy/real/healthy_maize_nutrient_real_46.jpeg,maize_nutrient,3,3,healthy,healthy,0.5504873991012573,3,3,4
clean/phosphorus_deficiency/real/phosphorus_deficiency_maize_nutrient_real_58860930.jpeg,maize_nutrient,7,7,phosphorus_deficiency,phosphorus_deficiency,0.8748676180839539,7,7,7
clean/phosphorus_deficiency/real/phosphorus_deficiency_maize_nutrient_real_47097763.jpeg,maize_nutrient,7,7,phosphorus_deficiency,phosphorus_deficiency,0.930457353591919,7,7,7
clean/northern_corn_leaf_blight/real/northern_corn_leaf_blight_maize_africa_real_91535896.jpg,maize_africa,6,6,northern_corn_leaf_blight,northern_corn_leaf_blight,0.8320529460906982,6,6,6
clean/phosphorus_deficiency/real/phosphorus_deficiency_maize_2_roboflow_real_861d8f35.jpg,maize_2_roboflow,7,7,phosphorus_deficiency,phosphorus_deficiency,0.842919647693634,7,7,7
clean/lethal_necrosis/real/lethal_necrosis_maize_africa_real_26266319.jpg,maize_africa,4,4,lethal_necrosis,lethal_necrosis,0.845356822013855,4,4,4
clean/northern_corn_leaf_blight/real/northern_corn_leaf_blight_maize_africa_real_47082318.jpg,maize_africa,6,6,northern_corn_leaf_blight,northern_corn_leaf_blight,0.831910252571106,6,6,6
clean/lethal_necrosis/real/lethal_necrosis_maize_africa_real_90855387.jpg,maize_africa,4,4,lethal_necrosis,lethal_necrosis,0.8462185859680176,4,4,4
clean/lethal_necrosis/real/lethal_necrosis_maize_africa_real_64930459.jpg,maize_africa,4,4,lethal_necrosis,lethal_necrosis,0.838344931602478,4,4,4
clean/fall_armyworm/real/fall_armyworm_multi_desease_real_10938533.jpg,multi_desease,1,1,fall_armyworm,fall_armyworm,0.8709374666213989,1,1,1
clean/northern_corn_leaf_blight/real/northern_corn_leaf_blight_maize_field_real_14929390.jpg,maize_field,6,1,northern_corn_leaf_blight,fall_armyworm,0.4336428046226501,6,6,1
clean/northern_corn_leaf_blight/lab/northern_corn_leaf_blight_cropdg_lab_765.jpg,cropdg,6,6,northern_corn_leaf_blight,northern_corn_leaf_blight,0.8302873373031616,6,6,6
clean/lethal_necrosis/real/lethal_necrosis_maize_africa_real_13436181.jpg,maize_africa,4,4,lethal_necrosis,lethal_necrosis,0.8483062982559204,4,4,4
clean/northern_corn_leaf_blight/real/northern_corn_leaf_blight_maize_desease_real_48298974.jpg,maize_desease,6,6,northern_corn_leaf_blight,northern_corn_leaf_blight,0.8317008018493652,6,6,6
clean/northern_corn_leaf_blight/lab/northern_corn_leaf_blight_cropdg_lab_207.jpg,cropdg,6,6,northern_corn_leaf_blight,northern_corn_leaf_blight,0.8293519020080566,6,6,6
clean/common_rust/lab/common_rust_multi_desease_lab_27023179.jpg,multi_desease,0,0,common_rust,common_rust,0.90115225315094,0,0,0
clean/phosphorus_deficiency/real/phosphorus_deficiency_maize_nutrient_real_82948407.jpeg,maize_nutrient,7,7,phosphorus_deficiency,phosphorus_deficiency,0.959338128566742,7,7,7
clean/phosphorus_deficiency/real/phosphorus_deficiency_corn_leaf_roboflow_real_86751272.jpg,corn_leaf_roboflow,7,7,phosphorus_deficiency,phosphorus_deficiency,0.9477652311325072,7,7,7
clean/northern_corn_leaf_blight/real/northern_corn_leaf_blight_maize_africa_real_95487763.jpg,maize_africa,6,6,northern_corn_leaf_blight,northern_corn_leaf_blight,0.8357439637184143,6,6,6
clean/fall_armyworm/real/fall_armyworm_corn_leaf_roboflow_real_24686032.jpg,corn_leaf_roboflow,1,1,fall_armyworm,fall_armyworm,0.8580353260040283,1,1,1
clean/lethal_necrosis/real/lethal_necrosis_maize_africa_real_73723890.jpg,maize_africa,4,4,lethal_necrosis,lethal_necrosis,0.8347940444946289,4,4,4
clean/healthy/real/healthy_maize_desease_v1.1_real_4864.jpg,maize_desease_v1.1,3,3,healthy,healthy,0.8220028877258301,3,3,3
clean/common_rust/lab/common_rust_maize_desease_lab_20233718.jpg,maize_desease,0,0,common_rust,common_rust,0.8986310958862305,0,0,0
clean/northern_corn_leaf_blight/real/northern_corn_leaf_blight_maize_africa_real_25155929.jpg,maize_africa,6,6,northern_corn_leaf_blight,northern_corn_leaf_blight,0.8300117254257202,6,6,6
clean/fall_armyworm/real/fall_armyworm_multi_desease_real_39324185.jpg,multi_desease,1,1,fall_armyworm,fall_armyworm,0.8688492774963379,1,1,1
clean/fall_armyworm/real/fall_armyworm_multi_desease_real_11258328.jpg,multi_desease,1,1,fall_armyworm,fall_armyworm,0.8594659566879272,1,1,1
clean/lethal_necrosis/real/lethal_necrosis_maize_africa_real_75508986.jpg,maize_africa,4,4,lethal_necrosis,lethal_necrosis,0.8340065479278564,4,4,4
clean/lethal_necrosis/real/lethal_necrosis_maize_africa_real_52625042.jpg,maize_africa,4,4,lethal_necrosis,lethal_necrosis,0.8462749719619751,4,4,4
clean/northern_corn_leaf_blight/real/northern_corn_leaf_blight_corn_leaf_roboflow_real_42447650.jpg,corn_leaf_roboflow,6,6,northern_corn_leaf_blight,northern_corn_leaf_blight,0.5996299386024475,6,6,8
clean/lethal_necrosis/real/lethal_necrosis_multi_desease_real_82320088.jpeg,multi_desease,4,4,lethal_necrosis,lethal_necrosis,0.843070387840271,4,4,4
clean/healthy/real/healthy_cropdg_real_767.jpg,cropdg,3,3,healthy,healthy,0.8343825340270996,3,3,3
clean/potassium_deficiency/real/potassium_deficiency_maize_2_roboflow_real_904c7491.jpg,maize_2_roboflow,8,8,potassium_deficiency,potassium_deficiency,0.9381946325302124,8,8,8
clean/northern_corn_leaf_blight/lab/northern_corn_leaf_blight_cropdg_lab_114.jpg,cropdg,6,6,northern_corn_leaf_blight,northern_corn_leaf_blight,0.8339548110961914,6,6,6
clean/lethal_necrosis/real/lethal_necrosis_maize_africa_real_55081714.jpg,maize_africa,4,4,lethal_necrosis,lethal_necrosis,0.8359318971633911,4,4,4
clean/lethal_necrosis/real/lethal_necrosis_multi_desease_real_41350970.jpeg,multi_desease,4,4,lethal_necrosis,lethal_necrosis,0.8439934253692627,4,4,4
clean/fall_armyworm/real/fall_armyworm_maize_africa_real_11772683.jpg,maize_africa,1,1,fall_armyworm,fall_armyworm,0.8632326126098633,1,1,1
clean/healthy/real/healthy_maize_desease_v1.1_real_3735.jpg,maize_desease_v1.1,3,3,healthy,healthy,0.8106120824813843,3,3,3
clean/lethal_necrosis/real/lethal_necrosis_multi_desease_real_64254712.jpeg,multi_desease,4,4,lethal_necrosis,lethal_necrosis,0.8442925214767456,4,4,4
clean/fall_armyworm/real/fall_armyworm_maize_africa_real_37156576.jpg,maize_africa,1,1,fall_armyworm,fall_armyworm,0.8577075004577637,1,1,1
clean/northern_corn_leaf_blight/real/northern_corn_leaf_blight_maize_africa_real_77988662.jpg,maize_africa,6,6,northern_corn_leaf_blight,northern_corn_leaf_blight,0.8382691740989685,6,6,6
clean/healthy/real/healthy_cropdg_real_221.jpg,cropdg,3,3,healthy,healthy,0.8317515254020691,3,3,3
clean/northern_corn_leaf_blight/lab/northern_corn_leaf_blight_cropdg_lab_768.jpg,cropdg,6,6,northern_corn_leaf_blight,northern_corn_leaf_blight,0.8193926811218262,6,6,6
clean/lethal_necrosis/real/lethal_necrosis_maize_africa_real_61304365.jpg,maize_africa,4,4,lethal_necrosis,lethal_necrosis,0.8453733325004578,4,4,4
clean/northern_corn_leaf_blight/real/northern_corn_leaf_blight_maize_africa_real_28957782.jpg,maize_africa,6,6,northern_corn_leaf_blight,northern_corn_leaf_blight,0.7895070314407349,6,6,6
clean/healthy/real/healthy_maize_desease_v1.1_real_2783.jpg,maize_desease_v1.1,3,3,healthy,healthy,0.8151493072509766,3,3,3
clean/gray_leaf_spot/real/gray_leaf_spot_corn_leaf_diseases_classification_roboflow_real_3457137f.jpg,corn_leaf_diseases_classification_roboflow,2,2,gray_leaf_spot,gray_leaf_spot,0.9125957489013672,2,2,2
clean/northern_corn_leaf_blight/lab/northern_corn_leaf_blight_cropdg_lab_340.jpg,cropdg,6,6,northern_corn_leaf_blight,northern_corn_leaf_blight,0.838075578212738,6,6,6
clean/northern_corn_leaf_blight/real/northern_corn_leaf_blight_maize_desease_real_87255662.jpg,maize_desease,6,6,northern_corn_leaf_blight,northern_corn_leaf_blight,0.828797459602356,6,6,6
clean/lethal_necrosis/real/lethal_necrosis_maize_africa_real_27423120.jpg,maize_africa,4,4,lethal_necrosis,lethal_necrosis,0.8407635688781738,4,4,4
clean/fall_armyworm/real/fall_armyworm_maize_africa_real_92416447.jpg,maize_africa,1,1,fall_armyworm,fall_armyworm,0.8446334600448608,1,1,1
clean/fall_armyworm/real/fall_armyworm_maize_africa_real_82245507.jpg,maize_africa,1,1,fall_armyworm,fall_armyworm,0.859143853187561,1,1,1
clean/common_rust/lab/common_rust_maize_desease_lab_71360530.jpg,maize_desease,0,0,common_rust,common_rust,0.9005658626556396,0,0,0
clean/common_rust/lab/common_rust_maize_desease_lab_46439448.jpg,maize_desease,0,0,common_rust,common_rust,0.9030835032463074,0,0,0
clean/northern_corn_leaf_blight/real/northern_corn_leaf_blight_maize_africa_real_40385019.jpg,maize_africa,6,6,northern_corn_leaf_blight,northern_corn_leaf_blight,0.840311586856842,6,6,6
clean/northern_corn_leaf_blight/lab/northern_corn_leaf_blight_cropdg_lab_255.jpg,cropdg,6,6,northern_corn_leaf_blight,northern_corn_leaf_blight,0.8270667791366577,6,6,6
clean/healthy/real/healthy_cropdg_real_297.jpg,cropdg,3,3,healthy,healthy,0.819985032081604,3,3,3
clean/lethal_necrosis/real/lethal_necrosis_multi_desease_real_66623104.jpeg,multi_desease,4,4,lethal_necrosis,lethal_necrosis,0.8403913378715515,4,4,4
clean/healthy/real/healthy_maize_africa_v1.2_real_1330.jpg,maize_africa_v1.2,3,3,healthy,healthy,0.7973962426185608,3,3,3
clean/northern_corn_leaf_blight/real/northern_corn_leaf_blight_maize_africa_real_85995327.jpg,maize_africa,6,6,northern_corn_leaf_blight,northern_corn_leaf_blight,0.8279211521148682,6,6,6
clean/fall_armyworm/real/fall_armyworm_corn_leaf_roboflow_real_55744803.jpg,corn_leaf_roboflow,1,1,fall_armyworm,fall_armyworm,0.8436051607131958,1,1,1
clean/healthy/real/healthy_maize_desease_v1.1_real_1092.jpg,maize_desease_v1.1,3,3,healthy,healthy,0.816926896572113,3,3,3
clean/healthy/real/healthy_cropdg_real_653.jpg,cropdg,3,3,healthy,healthy,0.8198643326759338,3,3,3
clean/gray_leaf_spot/real/gray_leaf_spot_corn_leaf_diseases_classification_roboflow_real_aa9b3d4e.jpg,corn_leaf_diseases_classification_roboflow,2,2,gray_leaf_spot,gray_leaf_spot,0.9202961921691896,2,2,2
clean/common_rust/lab/common_rust_maize_desease_lab_85176883.jpg,maize_desease,0,0,common_rust,common_rust,0.8994696140289307,0,0,0
clean/lethal_necrosis/real/lethal_necrosis_maize_africa_real_30782046.jpg,maize_africa,4,4,lethal_necrosis,lethal_necrosis,0.8393054008483887,4,4,4
clean/healthy/real/healthy_maize_desease_v1.1_real_3496.jpg,maize_desease_v1.1,3,3,healthy,healthy,0.8139128684997559,3,3,3
clean/healthy/real/healthy_maize_desease_v1.1_real_2393.jpg,maize_desease_v1.1,3,3,healthy,healthy,0.8165044188499451,3,3,3
clean/northern_corn_leaf_blight/real/northern_corn_leaf_blight_maize_africa_real_62337372.jpg,maize_africa,6,6,northern_corn_leaf_blight,northern_corn_leaf_blight,0.8239009380340576,6,6,6
clean/healthy/real/healthy_maize_africa_v1.2_real_1574.jpg,maize_africa_v1.2,3,3,healthy,healthy,0.8228181600570679,3,3,3
clean/healthy/real/healthy_maize_desease_v1.1_real_3333.jpg,maize_desease_v1.1,3,3,healthy,healthy,0.8266230225563049,3,3,3
clean/lethal_necrosis/real/lethal_necrosis_multi_desease_real_80834252.jpeg,multi_desease,4,4,lethal_necrosis,lethal_necrosis,0.8377750515937805,4,4,4
clean/healthy/real/healthy_maize_africa_v1.2_real_1761.jpg,maize_africa_v1.2,3,3,healthy,healthy,0.8169952034950256,3,3,3
clean/healthy/real/healthy_maize_desease_v1.1_real_518.jpg,maize_desease_v1.1,3,3,healthy,healthy,0.8163996338844299,3,3,3
clean/lethal_necrosis/real/lethal_necrosis_multi_desease_real_52737090.jpeg,multi_desease,4,4,lethal_necrosis,lethal_necrosis,0.8374576568603516,4,4,4
clean/healthy/real/healthy_maize_africa_v1.2_real_246.jpg,maize_africa_v1.2,3,3,healthy,healthy,0.8191328048706055,3,3,3
clean/lethal_necrosis/real/lethal_necrosis_multi_desease_real_95417301.jpeg,multi_desease,4,4,lethal_necrosis,lethal_necrosis,0.8461780548095703,4,4,4
clean/healthy/real/healthy_maize_desease_v1.1_real_1720.jpg,maize_desease_v1.1,3,3,healthy,healthy,0.8202059268951416,3,3,3
clean/northern_corn_leaf_blight/real/northern_corn_leaf_blight_maize_africa_real_45422273.jpg,maize_africa,6,6,northern_corn_leaf_blight,northern_corn_leaf_blight,0.8305051922798157,6,6,6
clean/common_rust/lab/common_rust_maize_desease_lab_86080059.jpg,maize_desease,0,0,common_rust,common_rust,0.906420111656189,0,0,0
clean/lethal_necrosis/real/lethal_necrosis_multi_desease_real_47864276.jpeg,multi_desease,4,4,lethal_necrosis,lethal_necrosis,0.8456759452819824,4,4,4
clean/fall_armyworm/real/fall_armyworm_multi_desease_real_97314984.jpg,multi_desease,1,1,fall_armyworm,fall_armyworm,0.8646554350852966,1,1,1
clean/fall_armyworm/real/fall_armyworm_multi_desease_real_91553504.jpg,multi_desease,1,1,fall_armyworm,fall_armyworm,0.8414537906646729,1,1,1
clean/fall_armyworm/real/fall_armyworm_maize_africa_real_96537712.jpg,maize_africa,1,1,fall_armyworm,fall_armyworm,0.8543505668640137,1,1,1
clean/lethal_necrosis/real/lethal_necrosis_maize_africa_real_20166051.jpg,maize_africa,4,4,lethal_necrosis,lethal_necrosis,0.8486243486404419,4,4,4
clean/northern_corn_leaf_blight/real/northern_corn_leaf_blight_maize_desease_real_65797397.jpg,maize_desease,6,6,northern_corn_leaf_blight,northern_corn_leaf_blight,0.8375023007392883,6,6,6
clean/healthy/real/healthy_cropdg_real_181.jpg,cropdg,3,3,healthy,healthy,0.822684645652771,3,3,3
clean/common_rust/real/common_rust_maize_field_real_64336453.jpg,maize_field,0,0,common_rust,common_rust,0.8877418041229248,0,0,0
clean/northern_corn_leaf_blight/real/northern_corn_leaf_blight_maize_africa_real_43979252.jpg,maize_africa,6,6,northern_corn_leaf_blight,northern_corn_leaf_blight,0.8345436453819275,6,6,6
clean/lethal_necrosis/real/lethal_necrosis_maize_africa_real_16664138.jpg,maize_africa,4,4,lethal_necrosis,lethal_necrosis,0.8503098487854004,4,4,4
clean/fall_armyworm/real/fall_armyworm_multi_desease_real_14161638.jpg,multi_desease,1,1,fall_armyworm,fall_armyworm,0.8628726601600647,1,1,1
clean/northern_corn_leaf_blight/lab/northern_corn_leaf_blight_cropdg_lab_411.jpg,cropdg,6,6,northern_corn_leaf_blight,northern_corn_leaf_blight,0.8275131583213806,6,6,6
clean/nitrogen_deficiency/real/nitrogen_deficiency_corn_leaf_roboflow_real_63994339.jpg,corn_leaf_roboflow,5,5,nitrogen_deficiency,nitrogen_deficiency,0.9348893761634828,5,5,5
clean/healthy/real/healthy_maize_africa_v1.2_real_674.jpg,maize_africa_v1.2,3,3,healthy,healthy,0.8219265341758728,3,3,3
clean/healthy/real/healthy_cropdg_real_484.jpg,cropdg,3,3,healthy,healthy,0.8221257925033569,3,3,3
clean/healthy/real/healthy_cropdg_real_79.jpg,cropdg,3,3,healthy,healthy,0.835365891456604,3,3,3
clean/common_rust/lab/common_rust_maize_desease_lab_41145429.jpg,maize_desease,0,0,common_rust,common_rust,0.9011869430541992,0,0,0
clean/gray_leaf_spot/lab/gray_leaf_spot_cropdg_lab_10400875.jpg,cropdg,2,2,gray_leaf_spot,gray_leaf_spot,0.8504927158355713,2,2,2
clean/northern_corn_leaf_blight/real/northern_corn_leaf_blight_maize_desease_real_49086880.jpg,maize_desease,6,6,northern_corn_leaf_blight,northern_corn_leaf_blight,0.8359161615371704,6,6,6
clean/northern_corn_leaf_blight/real/northern_corn_leaf_blight_maize_africa_real_65854889.jpg,maize_africa,6,6,northern_corn_leaf_blight,northern_corn_leaf_blight,0.8372336626052856,6,6,6
clean/healthy/real/healthy_maize_desease_v1.1_real_329.jpg,maize_desease_v1.1,3,3,healthy,healthy,0.8220632672309875,3,3,3
clean/northern_corn_leaf_blight/real/northern_corn_leaf_blight_maize_africa_real_74528042.jpg,maize_africa,6,6,northern_corn_leaf_blight,northern_corn_leaf_blight,0.8389933109283447,6,6,6
clean/fall_armyworm/real/fall_armyworm_maize_africa_real_31071877.jpg,maize_africa,1,1,fall_armyworm,fall_armyworm,0.850493848323822,1,1,1
clean/gray_leaf_spot/real/gray_leaf_spot_corn_leaf_diseases_classification_roboflow_real_15aea67c.jpg,corn_leaf_diseases_classification_roboflow,2,2,gray_leaf_spot,gray_leaf_spot,0.8987725377082825,2,2,2
clean/northern_corn_leaf_blight/real/northern_corn_leaf_blight_maize_desease_real_54108866.jpg,maize_desease,6,6,northern_corn_leaf_blight,northern_corn_leaf_blight,0.8466212153434753,6,6,6
clean/healthy/real/healthy_maize_desease_v1.1_real_4561.jpg,maize_desease_v1.1,3,3,healthy,healthy,0.8156208992004395,3,3,3
clean/fall_armyworm/real/fall_armyworm_multi_desease_real_25404636.jpg,multi_desease,1,1,fall_armyworm,fall_armyworm,0.8602287769317627,1,1,1
clean/nitrogen_deficiency/real/nitrogen_deficiency_maize_2_roboflow_real_8fb40493.jpg,maize_2_roboflow,5,5,nitrogen_deficiency,nitrogen_deficiency,0.9544488191604614,5,5,5
clean/fall_armyworm/real/fall_armyworm_multi_desease_real_12058073.jpg,multi_desease,1,1,fall_armyworm,fall_armyworm,0.8611303567886353,1,1,1
clean/healthy/real/healthy_maize_africa_v1.2_real_307.jpg,maize_africa_v1.2,3,3,healthy,healthy,0.8125730752944946,3,3,3
clean/northern_corn_leaf_blight/real/northern_corn_leaf_blight_maize_africa_real_85253280.jpg,maize_africa,6,6,northern_corn_leaf_blight,northern_corn_leaf_blight,0.818491518497467,6,6,6
clean/healthy/real/healthy_maize_desease_v1.1_real_4087.jpg,maize_desease_v1.1,3,3,healthy,healthy,0.8113410472869873,3,3,3
clean/gray_leaf_spot/real/gray_leaf_spot_maize_field_real_84297209.jpg,maize_field,2,2,gray_leaf_spot,gray_leaf_spot,0.9316379427909852,2,2,2
clean/fall_armyworm/real/fall_armyworm_multi_desease_real_23404423.jpg,multi_desease,1,1,fall_armyworm,fall_armyworm,0.869636595249176,1,1,1
clean/common_rust/lab/common_rust_multi_desease_lab_63710365.jpg,multi_desease,0,0,common_rust,common_rust,0.9048908948898317,0,0,0
clean/fall_armyworm/real/fall_armyworm_maize_africa_real_79715755.jpg,maize_africa,1,1,fall_armyworm,fall_armyworm,0.8659656643867493,1,1,1
clean/gray_leaf_spot/lab/gray_leaf_spot_cropdg_lab_57136107.jpg,cropdg,2,6,gray_leaf_spot,northern_corn_leaf_blight,0.6949453353881836,6,6,6
clean/common_rust/real/common_rust_maize_field_real_73258109.jpg,maize_field,0,6,common_rust,northern_corn_leaf_blight,0.7841861248016357,6,6,6
clean/fall_armyworm/real/fall_armyworm_maize_africa_real_76841936.jpg,maize_africa,1,1,fall_armyworm,fall_armyworm,0.4492206275463104,1,1,3
clean/common_rust/lab/common_rust_maize_desease_lab_71510944.jpg,maize_desease,0,0,common_rust,common_rust,0.9042750597000122,0,0,0
clean/lethal_necrosis/real/lethal_necrosis_multi_desease_real_31045882.jpeg,multi_desease,4,4,lethal_necrosis,lethal_necrosis,0.8217331767082214,4,4,4
clean/northern_corn_leaf_blight/real/northern_corn_leaf_blight_maize_africa_real_66153605.jpg,maize_africa,6,6,northern_corn_leaf_blight,northern_corn_leaf_blight,0.8231797218322754,6,6,6
clean/healthy/real/healthy_maize_desease_v1.1_real_759.jpg,maize_desease_v1.1,3,3,healthy,healthy,0.8106253147125244,3,3,3
clean/northern_corn_leaf_blight/real/northern_corn_leaf_blight_maize_africa_real_58910306.jpg,maize_africa,6,6,northern_corn_leaf_blight,northern_corn_leaf_blight,0.6680871248245239,6,6,6
clean/northern_corn_leaf_blight/real/northern_corn_leaf_blight_maize_africa_real_30860992.jpg,maize_africa,6,6,northern_corn_leaf_blight,northern_corn_leaf_blight,0.837113618850708,6,6,6
clean/healthy/real/healthy_maize_desease_v1.1_real_2960.jpg,maize_desease_v1.1,3,3,healthy,healthy,0.8217803239822388,3,3,3
clean/fall_armyworm/real/fall_armyworm_maize_africa_real_18030482.jpg,maize_africa,1,1,fall_armyworm,fall_armyworm,0.8459162712097168,1,1,1
clean/northern_corn_leaf_blight/lab/northern_corn_leaf_blight_cropdg_lab_863.jpg,cropdg,6,6,northern_corn_leaf_blight,northern_corn_leaf_blight,0.8341014981269836,6,6,6
clean/healthy/real/healthy_maize_desease_v1.1_real_5002.jpg,maize_desease_v1.1,3,3,healthy,healthy,0.8299069404602051,3,3,3
clean/fall_armyworm/real/fall_armyworm_maize_africa_real_13895087.jpg,maize_africa,1,1,fall_armyworm,fall_armyworm,0.8524559140205383,1,1,1
clean/lethal_necrosis/real/lethal_necrosis_maize_africa_real_42431356.jpg,maize_africa,4,4,lethal_necrosis,lethal_necrosis,0.8476989269256592,4,4,4
clean/healthy/real/healthy_maize_africa_v1.2_real_1194.jpg,maize_africa_v1.2,3,3,healthy,healthy,0.8105591535568237,3,3,3
clean/northern_corn_leaf_blight/real/northern_corn_leaf_blight_maize_africa_real_94399989.jpg,maize_africa,6,6,northern_corn_leaf_blight,northern_corn_leaf_blight,0.8262902498245239,6,6,6
clean/healthy/real/healthy_corn_leaf_roboflow_real_65572144.jpg,corn_leaf_roboflow,3,3,healthy,healthy,0.8208298087120056,3,3,3
clean/lethal_necrosis/real/lethal_necrosis_maize_africa_real_50495584.jpg,maize_africa,4,4,lethal_necrosis,lethal_necrosis,0.8503867983818054,4,4,4
clean/healthy/real/healthy_maize_desease_v1.1_real_3448.jpg,maize_desease_v1.1,3,3,healthy,healthy,0.8132683038711548,3,3,3
clean/northern_corn_leaf_blight/real/northern_corn_leaf_blight_maize_africa_real_74456325.jpg,maize_africa,6,6,northern_corn_leaf_blight,northern_corn_leaf_blight,0.8286886811256409,6,6,6
clean/healthy/real/healthy_maize_desease_v1.1_real_2804.jpg,maize_desease_v1.1,3,3,healthy,healthy,0.8206824660301208,3,3,3
clean/lethal_necrosis/real/lethal_necrosis_multi_desease_real_93759961.jpeg,multi_desease,4,4,lethal_necrosis,lethal_necrosis,0.8002300262451172,4,4,4
clean/gray_leaf_spot/real/gray_leaf_spot_maize_field_real_43349824.jpg,maize_field,2,3,gray_leaf_spot,healthy,0.5422473549842834,3,3,2
clean/common_rust/lab/common_rust_maize_desease_lab_15375591.jpg,maize_desease,0,0,common_rust,common_rust,0.9093419909477234,0,0,0
clean/gray_leaf_spot/real/gray_leaf_spot_maize_leaf_roboflow_real_9fc2e30f.jpg,maize_leaf_roboflow,2,2,gray_leaf_spot,gray_leaf_spot,0.9142248630523682,2,2,2
clean/lethal_necrosis/real/lethal_necrosis_multi_desease_real_93801200.jpeg,multi_desease,4,4,lethal_necrosis,lethal_necrosis,0.8337312340736389,4,4,4
clean/northern_corn_leaf_blight/real/northern_corn_leaf_blight_maize_africa_real_28048613.jpg,maize_africa,6,6,northern_corn_leaf_blight,northern_corn_leaf_blight,0.5627437829971313,6,6,2
clean/healthy/real/healthy_maize_desease_v1.1_real_4807.jpg,maize_desease_v1.1,3,3,healthy,healthy,0.817811131477356,3,3,3
clean/nitrogen_deficiency/real/nitrogen_deficiency_corn_leaf_roboflow_real_18627035.jpg,corn_leaf_roboflow,5,5,nitrogen_deficiency,nitrogen_deficiency,0.7490739822387695,5,5,5
clean/lethal_necrosis/real/lethal_necrosis_maize_africa_real_69097311.jpg,maize_africa,4,4,lethal_necrosis,lethal_necrosis,0.8401356935501099,4,4,4
clean/healthy/real/healthy_maize_africa_v1.2_real_1487.jpg,maize_africa_v1.2,3,3,healthy,healthy,0.7900304198265076,3,3,3
clean/lethal_necrosis/real/lethal_necrosis_multi_desease_real_80785114.jpeg,multi_desease,4,4,lethal_necrosis,lethal_necrosis,0.8478180170059204,4,4,4
clean/healthy/real/healthy_maize_africa_v1.2_real_1216.jpg,maize_africa_v1.2,3,3,healthy,healthy,0.810300350189209,3,3,3
clean/healthy/real/healthy_maize_desease_v1.1_real_2964.jpg,maize_desease_v1.1,3,3,healthy,healthy,0.8184062242507935,3,3,3
clean/fall_armyworm/real/fall_armyworm_maize_africa_real_67507382.jpg,maize_africa,1,1,fall_armyworm,fall_armyworm,0.3657936155796051,3,1,1
clean/fall_armyworm/real/fall_armyworm_maize_africa_real_66323948.jpg,maize_africa,1,1,fall_armyworm,fall_armyworm,0.8572874069213867,1,1,1
clean/northern_corn_leaf_blight/real/northern_corn_leaf_blight_maize_desease_real_30860321.jpg,maize_desease,6,6,northern_corn_leaf_blight,northern_corn_leaf_blight,0.8351788520812988,6,6,6
clean/nitrogen_deficiency/real/nitrogen_deficiency_corn_leaf_roboflow_real_99826433.jpg,corn_leaf_roboflow,5,5,nitrogen_deficiency,nitrogen_deficiency,0.9436750411987304,5,5,5
clean/northern_corn_leaf_blight/real/northern_corn_leaf_blight_maize_africa_real_73390774.jpg,maize_africa,6,6,northern_corn_leaf_blight,northern_corn_leaf_blight,0.8192844390869141,6,6,6
clean/northern_corn_leaf_blight/real/northern_corn_leaf_blight_maize_africa_real_31030081.jpg,maize_africa,6,6,northern_corn_leaf_blight,northern_corn_leaf_blight,0.8500570058822632,6,6,6
clean/fall_armyworm/real/fall_armyworm_maize_africa_real_86566799.jpg,maize_africa,1,1,fall_armyworm,fall_armyworm,0.8625868558883667,1,1,1
clean/northern_corn_leaf_blight/lab/northern_corn_leaf_blight_cropdg_lab_764.jpg,cropdg,6,6,northern_corn_leaf_blight,northern_corn_leaf_blight,0.8345695734024048,6,6,6
clean/fall_armyworm/real/fall_armyworm_multi_desease_real_11282151.jpg,multi_desease,1,1,fall_armyworm,fall_armyworm,0.8608737587928772,1,1,1
clean/northern_corn_leaf_blight/real/northern_corn_leaf_blight_maize_africa_real_53447259.jpg,maize_africa,6,6,northern_corn_leaf_blight,northern_corn_leaf_blight,0.8293306231498718,6,6,6
clean/northern_corn_leaf_blight/real/northern_corn_leaf_blight_corn_leaf_roboflow_real_79354949.jpg,corn_leaf_roboflow,6,6,northern_corn_leaf_blight,northern_corn_leaf_blight,0.8012766242027283,6,6,6
clean/lethal_necrosis/real/lethal_necrosis_maize_africa_real_69871605.jpg,maize_africa,4,4,lethal_necrosis,lethal_necrosis,0.8396005630493164,4,4,4
clean/northern_corn_leaf_blight/lab/northern_corn_leaf_blight_cropdg_lab_685.jpg,cropdg,6,6,northern_corn_leaf_blight,northern_corn_leaf_blight,0.8309547901153564,6,6,6
clean/phosphorus_deficiency/real/phosphorus_deficiency_corn_leaf_roboflow_real_67659096.jpg,corn_leaf_roboflow,7,7,phosphorus_deficiency,phosphorus_deficiency,0.9267907738685608,7,7,7
clean/healthy/real/healthy_cropdg_real_306.jpg,cropdg,3,3,healthy,healthy,0.8092357516288757,3,3,3
clean/healthy/real/healthy_maize_desease_v1.1_real_2207.jpg,maize_desease_v1.1,3,3,healthy,healthy,0.8167654275894165,3,3,3
clean/northern_corn_leaf_blight/real/northern_corn_leaf_blight_maize_africa_real_69853645.jpg,maize_africa,6,6,northern_corn_leaf_blight,northern_corn_leaf_blight,0.8307220339775085,6,6,6
clean/healthy/real/healthy_maize_desease_v1.1_real_1360.jpg,maize_desease_v1.1,3,3,healthy,healthy,0.8163741827011108,3,3,3
clean/gray_leaf_spot/real/gray_leaf_spot_maize_field_real_94713835.jpg,maize_field,2,2,gray_leaf_spot,gray_leaf_spot,0.6013723611831665,2,2,6
clean/lethal_necrosis/real/lethal_necrosis_multi_desease_real_26912534.jpeg,multi_desease,4,4,lethal_necrosis,lethal_necrosis,0.8432279229164124,4,4,4
clean/fall_armyworm/real/fall_armyworm_maize_africa_real_92185062.jpg,maize_africa,1,1,fall_armyworm,fall_armyworm,0.8706361055374146,1,1,1
clean/northern_corn_leaf_blight/real/northern_corn_leaf_blight_maize_desease_real_48084042.jpg,maize_desease,6,6,northern_corn_leaf_blight,northern_corn_leaf_blight,0.8410313129425049,6,6,6
clean/lethal_necrosis/real/lethal_necrosis_maize_africa_real_51175128.jpg,maize_africa,4,4,lethal_necrosis,lethal_necrosis,0.843653678894043,4,4,4
clean/healthy/real/healthy_cropdg_real_868.jpg,cropdg,3,3,healthy,healthy,0.8153692483901978,3,3,3
clean/northern_corn_leaf_blight/lab/northern_corn_leaf_blight_cropdg_lab_230.jpg,cropdg,6,6,northern_corn_leaf_blight,northern_corn_leaf_blight,0.8172270059585571,6,6,6
clean/fall_armyworm/real/fall_armyworm_multi_desease_real_71590500.jpg,multi_desease,1,1,fall_armyworm,fall_armyworm,0.8215490579605103,1,1,1
clean/common_rust/real/common_rust_maize_field_real_16027374.jpg,maize_field,0,0,common_rust,common_rust,0.8916511535644531,0,0,0
clean/northern_corn_leaf_blight/real/northern_corn_leaf_blight_maize_africa_real_39456764.jpg,maize_africa,6,6,northern_corn_leaf_blight,northern_corn_leaf_blight,0.8278189897537231,6,6,6
clean/common_rust/lab/common_rust_multi_desease_lab_99715604.jpg,multi_desease,0,0,common_rust,common_rust,0.9109303951263428,0,0,0
clean/northern_corn_leaf_blight/real/northern_corn_leaf_blight_maize_field_real_83992348.jpg,maize_field,6,6,northern_corn_leaf_blight,northern_corn_leaf_blight,0.8165408372879028,6,6,6
clean/northern_corn_leaf_blight/real/northern_corn_leaf_blight_maize_africa_real_90632250.jpg,maize_africa,6,6,northern_corn_leaf_blight,northern_corn_leaf_blight,0.8396984934806824,6,6,6
clean/lethal_necrosis/real/lethal_necrosis_multi_desease_real_54686998.jpeg,multi_desease,4,4,lethal_necrosis,lethal_necrosis,0.8324247598648071,4,4,4
clean/healthy/real/healthy_maize_desease_v1.1_real_2607.jpg,maize_desease_v1.1,3,3,healthy,healthy,0.8253406286239624,3,3,3
clean/healthy/real/healthy_maize_africa_v1_real_393.jpg,maize_africa_v1,3,3,healthy,healthy,0.7958208918571472,3,3,3
clean/lethal_necrosis/real/lethal_necrosis_multi_desease_real_35219498.jpeg,multi_desease,4,4,lethal_necrosis,lethal_necrosis,0.8396099805831909,4,4,4
clean/fall_armyworm/real/fall_armyworm_maize_africa_real_58404475.jpg,maize_africa,1,1,fall_armyworm,fall_armyworm,0.8552507162094116,1,1,1
clean/gray_leaf_spot/real/gray_leaf_spot_maize_field_real_18052757.jpg,maize_field,2,2,gray_leaf_spot,gray_leaf_spot,0.9131211042404176,2,2,2
clean/northern_corn_leaf_blight/real/northern_corn_leaf_blight_maize_africa_real_30921588.jpg,maize_africa,6,6,northern_corn_leaf_blight,northern_corn_leaf_blight,0.8396888375282288,6,6,6
clean/healthy/real/healthy_maize_desease_v1.1_real_592.jpg,maize_desease_v1.1,3,3,healthy,healthy,0.8214635848999023,3,3,3
clean/phosphorus_deficiency/real/phosphorus_deficiency_corn_leaf_roboflow_real_83223485.jpg,corn_leaf_roboflow,7,8,phosphorus_deficiency,potassium_deficiency,0.9164374470710754,8,8,8
clean/healthy/real/healthy_maize_desease_v1.1_real_457.jpg,maize_desease_v1.1,3,3,healthy,healthy,0.8089097142219543,3,3,3
clean/lethal_necrosis/real/lethal_necrosis_maize_africa_real_61554002.jpg,maize_africa,4,4,lethal_necrosis,lethal_necrosis,0.8365751504898071,4,4,4
clean/healthy/real/healthy_maize_desease_v1.1_real_4468.jpg,maize_desease_v1.1,3,3,healthy,healthy,0.819891095161438,3,3,3
clean/healthy/real/healthy_maize_desease_v1.1_real_4579.jpg,maize_desease_v1.1,3,3,healthy,healthy,0.8224097490310669,3,3,3
clean/northern_corn_leaf_blight/lab/northern_corn_leaf_blight_cropdg_lab_679.jpg,cropdg,6,6,northern_corn_leaf_blight,northern_corn_leaf_blight,0.8187533617019653,6,6,6
clean/healthy/real/healthy_cropdg_real_531.jpg,cropdg,3,3,healthy,healthy,0.8288000822067261,3,3,3
clean/northern_corn_leaf_blight/real/northern_corn_leaf_blight_corn_leaf_roboflow_real_10995470.jpg,corn_leaf_roboflow,6,1,northern_corn_leaf_blight,fall_armyworm,0.5389631390571594,1,6,1
clean/lethal_necrosis/real/lethal_necrosis_multi_desease_real_59203592.jpeg,multi_desease,4,4,lethal_necrosis,lethal_necrosis,0.8481816053390503,4,4,4
clean/lethal_necrosis/real/lethal_necrosis_maize_africa_real_80570971.jpg,maize_africa,4,4,lethal_necrosis,lethal_necrosis,0.8434791564941406,4,4,4
clean/lethal_necrosis/real/lethal_necrosis_multi_desease_real_28434628.jpeg,multi_desease,4,4,lethal_necrosis,lethal_necrosis,0.8310940265655518,4,4,4
clean/gray_leaf_spot/real/gray_leaf_spot_maize_leaf_roboflow_real_edd6e27b.jpg,maize_leaf_roboflow,2,2,gray_leaf_spot,gray_leaf_spot,0.8336952328681946,2,2,2
clean/healthy/real/healthy_maize_desease_v1.1_real_1880.jpg,maize_desease_v1.1,3,3,healthy,healthy,0.8301852941513062,3,3,3
clean/common_rust/lab/common_rust_multi_desease_lab_44101138.jpg,multi_desease,0,0,common_rust,common_rust,0.9037699699401855,0,0,0
clean/gray_leaf_spot/real/gray_leaf_spot_maize_leaf_roboflow_real_85deea3e.jpg,maize_leaf_roboflow,2,2,gray_leaf_spot,gray_leaf_spot,0.9219141006469728,2,2,2
clean/healthy/real/healthy_cropdg_real_544.jpg,cropdg,3,3,healthy,healthy,0.818336009979248,3,3,3
clean/lethal_necrosis/real/lethal_necrosis_multi_desease_real_80652495.jpeg,multi_desease,4,4,lethal_necrosis,lethal_necrosis,0.8333961963653564,4,4,4
clean/healthy/real/healthy_cropdg_real_134.jpg,cropdg,3,3,healthy,healthy,0.8200493454933167,3,3,3
clean/healthy/real/healthy_maize_desease_v1.1_real_127.jpg,maize_desease_v1.1,3,3,healthy,healthy,0.8231723308563232,3,3,3
clean/northern_corn_leaf_blight/real/northern_corn_leaf_blight_maize_africa_real_96464102.jpg,maize_africa,6,6,northern_corn_leaf_blight,northern_corn_leaf_blight,0.8212726712226868,6,6,6
clean/healthy/real/healthy_cropdg_real_690.jpg,cropdg,3,3,healthy,healthy,0.81788569688797,3,3,3
clean/gray_leaf_spot/lab/gray_leaf_spot_cropdg_lab_98781398.jpg,cropdg,2,6,gray_leaf_spot,northern_corn_leaf_blight,0.7064892053604126,6,6,6
clean/healthy/real/healthy_maize_desease_v1.1_real_1021.jpg,maize_desease_v1.1,3,3,healthy,healthy,0.8179852366447449,3,3,3
clean/northern_corn_leaf_blight/real/northern_corn_leaf_blight_maize_africa_real_54269299.jpg,maize_africa,6,6,northern_corn_leaf_blight,northern_corn_leaf_blight,0.8354877233505249,6,6,6
clean/fall_armyworm/real/fall_armyworm_multi_desease_real_56807896.jpg,multi_desease,1,1,fall_armyworm,fall_armyworm,0.8555976748466492,1,1,1
clean/lethal_necrosis/real/lethal_necrosis_maize_africa_real_75443504.jpg,maize_africa,4,4,lethal_necrosis,lethal_necrosis,0.8445010185241699,4,4,4
clean/northern_corn_leaf_blight/real/northern_corn_leaf_blight_maize_africa_real_72095759.jpg,maize_africa,6,6,northern_corn_leaf_blight,northern_corn_leaf_blight,0.8310590982437134,6,6,6
clean/lethal_necrosis/real/lethal_necrosis_maize_africa_real_44779969.jpg,maize_africa,4,4,lethal_necrosis,lethal_necrosis,0.8440780639648438,4,4,4
clean/potassium_deficiency/real/potassium_deficiency_corn_leaf_roboflow_real_57468975.jpg,corn_leaf_roboflow,8,8,potassium_deficiency,potassium_deficiency,0.9618852138519288,8,8,8
clean/lethal_necrosis/real/lethal_necrosis_multi_desease_real_76068553.jpeg,multi_desease,4,4,lethal_necrosis,lethal_necrosis,0.8454533219337463,4,4,4
clean/gray_leaf_spot/real/gray_leaf_spot_maize_field_real_62963673.jpg,maize_field,2,2,gray_leaf_spot,gray_leaf_spot,0.9329367876052856,2,2,2
clean/gray_leaf_spot/lab/gray_leaf_spot_cropdg_lab_77036506.jpg,cropdg,2,2,gray_leaf_spot,gray_leaf_spot,0.7609456777572632,2,6,2
clean/healthy/real/healthy_corn_leaf_roboflow_real_22135956.jpg,corn_leaf_roboflow,3,3,healthy,healthy,0.7938071489334106,3,3,3
clean/northern_corn_leaf_blight/real/northern_corn_leaf_blight_maize_africa_real_33411604.jpg,maize_africa,6,6,northern_corn_leaf_blight,northern_corn_leaf_blight,0.8250061273574829,6,6,6
clean/healthy/real/healthy_maize_desease_v1.1_real_3126.jpg,maize_desease_v1.1,3,3,healthy,healthy,0.8227533102035522,3,3,3
clean/lethal_necrosis/real/lethal_necrosis_maize_africa_real_24125304.jpg,maize_africa,4,4,lethal_necrosis,lethal_necrosis,0.8386061787605286,4,4,4
clean/healthy/real/healthy_maize_desease_v1.1_real_1363.jpg,maize_desease_v1.1,3,3,healthy,healthy,0.8251729011535645,3,3,3
clean/northern_corn_leaf_blight/real/northern_corn_leaf_blight_corn_leaf_roboflow_real_93421875.jpg,corn_leaf_roboflow,6,6,northern_corn_leaf_blight,northern_corn_leaf_blight,0.6629545092582703,6,6,7
clean/gray_leaf_spot/real/gray_leaf_spot_corn_leaf_diseases_classification_roboflow_real_33c15d97.jpg,corn_leaf_diseases_classification_roboflow,2,2,gray_leaf_spot,gray_leaf_spot,0.8464556336402893,2,2,2
clean/northern_corn_leaf_blight/real/northern_corn_leaf_blight_maize_africa_real_92099700.jpg,maize_africa,6,6,northern_corn_leaf_blight,northern_corn_leaf_blight,0.8259607553482056,6,6,6
clean/healthy/real/healthy_maize_desease_v1.1_real_4284.jpg,maize_desease_v1.1,3,3,healthy,healthy,0.8153449296951294,3,3,3
clean/lethal_necrosis/real/lethal_necrosis_maize_africa_real_65389460.jpg,maize_africa,4,4,lethal_necrosis,lethal_necrosis,0.8417227268218994,4,4,4
clean/lethal_necrosis/real/lethal_necrosis_multi_desease_real_75998117.jpeg,multi_desease,4,4,lethal_necrosis,lethal_necrosis,0.8356482982635498,4,4,4
clean/healthy/real/healthy_maize_africa_v1.2_real_849.jpg,maize_africa_v1.2,3,3,healthy,healthy,0.8063656091690063,3,3,3
clean/northern_corn_leaf_blight/real/northern_corn_leaf_blight_maize_africa_real_20771572.jpg,maize_africa,6,6,northern_corn_leaf_blight,northern_corn_leaf_blight,0.8258955478668213,6,6,6
clean/lethal_necrosis/real/lethal_necrosis_multi_desease_real_41966228.jpeg,multi_desease,4,4,lethal_necrosis,lethal_necrosis,0.8392750024795532,4,4,4
clean/northern_corn_leaf_blight/real/northern_corn_leaf_blight_maize_desease_real_98191846.jpg,maize_desease,6,6,northern_corn_leaf_blight,northern_corn_leaf_blight,0.8318535089492798,6,6,6
clean/healthy/real/healthy_maize_africa_v1_real_371.jpg,maize_africa_v1,3,3,healthy,healthy,0.808975875377655,3,3,3
clean/lethal_necrosis/real/lethal_necrosis_multi_desease_real_49969399.jpeg,multi_desease,4,4,lethal_necrosis,lethal_necrosis,0.8370627164840698,4,4,4
clean/fall_armyworm/real/fall_armyworm_multi_desease_real_99264073.jpg,multi_desease,1,1,fall_armyworm,fall_armyworm,0.8743636608123779,1,1,1
clean/healthy/real/healthy_maize_africa_v1.2_real_280.jpg,maize_africa_v1.2,3,3,healthy,healthy,0.8218667507171631,3,3,3
clean/lethal_necrosis/real/lethal_necrosis_maize_africa_real_74020744.jpg,maize_africa,4,4,lethal_necrosis,lethal_necrosis,0.8005805611610413,4,4,4
clean/healthy/real/healthy_maize_desease_v1.1_real_482.jpg,maize_desease_v1.1,3,3,healthy,healthy,0.8247607946395874,3,3,3
clean/lethal_necrosis/real/lethal_necrosis_maize_africa_real_71200034.jpg,maize_africa,4,4,lethal_necrosis,lethal_necrosis,0.8454357981681824,4,4,4
clean/northern_corn_leaf_blight/real/northern_corn_leaf_blight_corn_leaf_roboflow_real_33135088.jpg,corn_leaf_roboflow,6,6,northern_corn_leaf_blight,northern_corn_leaf_blight,0.8304418325424194,6,6,6
clean/healthy/real/healthy_maize_desease_v1.1_real_2417.jpg,maize_desease_v1.1,3,3,healthy,healthy,0.8219648599624634,3,3,3
clean/northern_corn_leaf_blight/real/northern_corn_leaf_blight_maize_africa_real_45457245.jpg,maize_africa,6,6,northern_corn_leaf_blight,northern_corn_leaf_blight,0.8303346037864685,6,6,6
clean/healthy/real/healthy_maize_africa_v1.2_real_1238.jpg,maize_africa_v1.2,3,3,healthy,healthy,0.8087865114212036,3,3,3
clean/fall_armyworm/real/fall_armyworm_maize_africa_real_35861347.jpg,maize_africa,1,1,fall_armyworm,fall_armyworm,0.8651889562606812,1,1,1
clean/healthy/real/healthy_maize_desease_v1.1_real_2252.jpg,maize_desease_v1.1,3,3,healthy,healthy,0.8160548210144043,3,3,3
clean/northern_corn_leaf_blight/lab/northern_corn_leaf_blight_cropdg_lab_599.jpg,cropdg,6,2,northern_corn_leaf_blight,gray_leaf_spot,0.6733911633491516,2,2,2
clean/lethal_necrosis/real/lethal_necrosis_multi_desease_real_14165915.jpeg,multi_desease,4,4,lethal_necrosis,lethal_necrosis,0.847158670425415,4,4,4
clean/lethal_necrosis/real/lethal_necrosis_maize_africa_real_85036438.jpg,maize_africa,4,4,lethal_necrosis,lethal_necrosis,0.7989457845687866,4,4,4
clean/common_rust/lab/common_rust_maize_desease_lab_41155819.jpg,maize_desease,0,0,common_rust,common_rust,0.9036142826080322,0,0,0
clean/healthy/real/healthy_maize_desease_v1.1_real_4771.jpg,maize_desease_v1.1,3,3,healthy,healthy,0.8211671710014343,3,3,3
clean/lethal_necrosis/real/lethal_necrosis_multi_desease_real_63703062.jpeg,multi_desease,4,4,lethal_necrosis,lethal_necrosis,0.8375663757324219,4,4,4
clean/common_rust/lab/common_rust_maize_desease_lab_24024847.jpg,maize_desease,0,0,common_rust,common_rust,0.9027442932128906,0,0,0
clean/northern_corn_leaf_blight/real/northern_corn_leaf_blight_maize_africa_real_81659137.jpg,maize_africa,6,6,northern_corn_leaf_blight,northern_corn_leaf_blight,0.8352456092834473,6,6,6
clean/common_rust/lab/common_rust_multi_desease_lab_60878358.jpg,multi_desease,0,0,common_rust,common_rust,0.9097181558609008,0,0,0
clean/lethal_necrosis/real/lethal_necrosis_multi_desease_real_68822473.jpeg,multi_desease,4,4,lethal_necrosis,lethal_necrosis,0.827650785446167,4,4,4
clean/healthy/real/healthy_maize_desease_v1.1_real_4658.jpg,maize_desease_v1.1,3,3,healthy,healthy,0.8182207345962524,3,3,3
clean/healthy/real/healthy_cropdg_real_719.jpg,cropdg,3,3,healthy,healthy,0.8244548439979553,3,3,3
clean/healthy/real/healthy_maize_desease_v1.1_real_3156.jpg,maize_desease_v1.1,3,3,healthy,healthy,0.8174340724945068,3,3,3
clean/gray_leaf_spot/real/gray_leaf_spot_corn_leaf_diseases_classification_roboflow_real_1058e409.jpg,corn_leaf_diseases_classification_roboflow,2,2,gray_leaf_spot,gray_leaf_spot,0.9273164868354796,2,2,2
clean/northern_corn_leaf_blight/real/northern_corn_leaf_blight_maize_africa_real_96186535.jpg,maize_africa,6,6,northern_corn_leaf_blight,northern_corn_leaf_blight,0.8240512609481812,6,6,6
clean/common_rust/lab/common_rust_maize_desease_lab_41257429.jpg,maize_desease,0,0,common_rust,common_rust,0.8990597724914551,0,0,0
clean/gray_leaf_spot/real/gray_leaf_spot_maize_field_real_13749986.jpg,maize_field,2,6,gray_leaf_spot,northern_corn_leaf_blight,0.5245399475097656,6,2,6
clean/northern_corn_leaf_blight/real/northern_corn_leaf_blight_maize_africa_real_44991893.jpg,maize_africa,6,6,northern_corn_leaf_blight,northern_corn_leaf_blight,0.8415620923042297,6,6,6
clean/fall_armyworm/real/fall_armyworm_multi_desease_real_63446571.jpg,multi_desease,1,1,fall_armyworm,fall_armyworm,0.8547776937484741,1,1,1
clean/northern_corn_leaf_blight/real/northern_corn_leaf_blight_maize_africa_real_12824944.jpg,maize_africa,6,6,northern_corn_leaf_blight,northern_corn_leaf_blight,0.8264614939689636,6,6,6
clean/northern_corn_leaf_blight/real/northern_corn_leaf_blight_maize_africa_real_83745865.jpg,maize_africa,6,6,northern_corn_leaf_blight,northern_corn_leaf_blight,0.8319093585014343,6,6,6
clean/northern_corn_leaf_blight/real/northern_corn_leaf_blight_maize_africa_real_22524700.jpg,maize_africa,6,6,northern_corn_leaf_blight,northern_corn_leaf_blight,0.8292940855026245,6,6,6
clean/healthy/real/healthy_maize_africa_v1.2_real_1504.jpg,maize_africa_v1.2,3,3,healthy,healthy,0.8049066066741943,3,3,3
clean/lethal_necrosis/real/lethal_necrosis_maize_africa_real_47295430.jpg,maize_africa,4,4,lethal_necrosis,lethal_necrosis,0.8239686489105225,4,4,4
clean/healthy/real/healthy_maize_africa_v1.2_real_973.jpg,maize_africa_v1.2,3,3,healthy,healthy,0.8138329386711121,3,3,3
clean/gray_leaf_spot/lab/gray_leaf_spot_cropdg_lab_83256965.jpg,cropdg,2,2,gray_leaf_spot,gray_leaf_spot,0.9109001159667968,2,2,2
